channel,mean,median,std,count
press_conference,-3.883948534992297e-17,-0.17536681255642156,1.0016542608495937,303
speech,3.5109617018060505e-17,-0.42572832389256166,1.0001781102516576,2808
