Doc_ID,tfidf_svd_1,tfidf_svd_2,tfidf_svd_3,tfidf_svd_4,tfidf_svd_5,tfidf_svd_6,tfidf_svd_7,tfidf_svd_8,tfidf_svd_9,tfidf_svd_10,tfidf_svd_11,tfidf_svd_12,tfidf_svd_13,tfidf_svd_14,tfidf_svd_15,tfidf_svd_16,tfidf_svd_17,tfidf_svd_18,tfidf_svd_19,tfidf_svd_20,tfidf_svd_21,tfidf_svd_22,tfidf_svd_23,tfidf_svd_24,tfidf_svd_25,tfidf_svd_26,tfidf_svd_27,tfidf_svd_28,tfidf_svd_29,tfidf_svd_30,tfidf_svd_31,tfidf_svd_32,tfidf_svd_33,tfidf_svd_34,tfidf_svd_35,tfidf_svd_36,tfidf_svd_37,tfidf_svd_38,tfidf_svd_39,tfidf_svd_40,tfidf_svd_41,tfidf_svd_42,tfidf_svd_43,tfidf_svd_44,tfidf_svd_45,tfidf_svd_46,tfidf_svd_47,tfidf_svd_48,tfidf_svd_49,tfidf_svd_50,tfidf_svd_51,tfidf_svd_52,tfidf_svd_53,tfidf_svd_54,tfidf_svd_55,tfidf_svd_56,tfidf_svd_57,tfidf_svd_58,tfidf_svd_59,tfidf_svd_60,tfidf_svd_61,tfidf_svd_62,tfidf_svd_63,tfidf_svd_64,tfidf_svd_65,tfidf_svd_66,tfidf_svd_67,tfidf_svd_68,tfidf_svd_69,tfidf_svd_70,tfidf_svd_71,tfidf_svd_72,tfidf_svd_73,tfidf_svd_74,tfidf_svd_75,tfidf_svd_76,tfidf_svd_77,tfidf_svd_78,tfidf_svd_79,tfidf_svd_80,tfidf_svd_81,tfidf_svd_82,tfidf_svd_83,tfidf_svd_84,tfidf_svd_85,tfidf_svd_86,tfidf_svd_87,tfidf_svd_88,tfidf_svd_89,tfidf_svd_90,tfidf_svd_91,tfidf_svd_92,tfidf_svd_93,tfidf_svd_94,tfidf_svd_95,tfidf_svd_96,tfidf_svd_97,tfidf_svd_98,tfidf_svd_99,tfidf_svd_100
1,0.016943399761139486,0.08989683637039833,0.00024314796684498093,0.022536565422750128,0.02274052569069905,-0.0035688903314246845,0.0907117212723748,0.008821621865394577,0.06022981278241749,-0.030185799322842315,0.0502998738066949,0.03940176254526694,-0.016386712938884225,0.0020142784842537994,0.0113917840299371,0.005155163178323886,0.01826285406589776,-0.018463871329207862,-0.02045737162567755,0.2109622093468535,0.005084298402624009,-0.017337650622611403,-0.0009708867716015191,-0.021143161925041988,-0.028600019905561064,0.02922196530767078,-0.011957628764207367,-0.0032700805306985505,0.028763238489183995,-0.0005161097031950926,-0.002944680881770956,-0.005980934897358955,0.035860296841300765,-0.04845976945454248,-0.02492923295310234,0.010657052871643874,-0.006538981932335497,-0.013726102353993196,-0.002946370606564971,0.003896157819016205,0.010046788366061099,-0.0028007242910553236,-0.0030251932488389926,0.003179664363468997,-0.0030669444643455974,0.0007680251511135591,0.00103157834979743,0.01043300786780201,-0.007472282063619698,0.008664871631052154,-0.0018592949858860705,0.0009285191784696591,0.007905196019415415,0.009442241612543527,0.007217402872526012,0.0012894653173020406,0.00016735584572425013,-0.0007657409675806133,0.0028511048952682364,0.0024960267052463888,-0.0024841356455350514,0.000782169892991823,-0.0015736593451301654,-3.061461754907492e-05,0.0006095741780764721,0.0003276783949595603,-0.002826496767525283,0.00256753934377934,0.0024851613457495527,-0.0008344093172201264,0.001882049051464297,0.0006411858972253256,0.0010151487424638593,0.0006175786013584354,0.0009279139778704038,-0.00025865852197715675,-0.0005708081315474974,0.0026534877500472465,0.0010192400605480698,-0.00017330049559273724,-0.0009651282639528297,-0.0008672073456936773,-0.0011174456066380116,-0.0012868406374585656,-0.0004991662920813082,-0.0002711192820454301,-0.0007504255249008072,0.0011615710523505554,-9.987343396069363e-05,-6.89671119965472e-06,0.0008653315839919102,-0.0003390729526921315,0.00025954279103201927,-1.3025745684590144e-05,0.00014945148082520416,-0.0006091764679104538,0.0002275702719482404,-2.502262277537503e-05,-0.00035756869447987454,0.0015155517689910258
2,0.022603187201394415,0.07923705656248058,-0.0006120964476045533,0.0022807083396713486,0.01190784312101526,0.0007662559855397332,0.03393542336634415,-0.001694037943017796,0.036595476030757655,-0.01728870798099211,0.02612560357831848,0.015441971128806416,-0.0072094347851697224,0.006012853443399835,0.002235138854368676,-0.004117573254362361,0.015857666487326894,-0.007356920740320646,-0.010586091041559605,0.06782063198923773,0.008757248036691185,-0.008055789651803322,0.008933255874537005,-0.003400522941344307,-0.014388254817376944,0.006986207111514108,-4.4183006638907875e-05,0.00872836511180694,-0.006672204831323604,0.004147806457979334,0.014782947137869798,-0.015244094151396255,-0.04875659413356276,0.08812152138345854,0.056763561696716834,-0.019164152937002056,-0.0028049656516612315,0.00277724587707751,-0.005500905122705811,-0.006251128205281121,-0.01577620146408271,0.002548504160740481,0.03549711993856818,0.03460984618786859,0.03198705129740513,-0.007017679770295065,0.019331079346417077,0.023671129866836685,-0.013913794093845994,0.0001910782489435634,-0.01286525781657778,0.0028982121143715425,0.003489330425550827,-0.0005954123269635466,0.001865405928944081,-0.00218684515562075,-0.0018547361104490005,-0.008910527734821632,0.002625637105972526,0.0015349654157646095,0.005701673657792438,0.0024490233694119882,-0.0009505058678663737,0.0019386983052340312,-0.0008067034089248533,-0.0055696019074087735,0.004698981688658735,-0.0035867096259114962,-0.0036009663637521705,0.00047396882910709766,-0.001131817136069429,0.0008887309024954468,0.0037127410420544904,0.0016035690838432921,0.0018644823587835107,0.0010352909402328492,-0.0038417402698049585,0.0007407870334107949,0.003203318653631908,-0.001488844719436586,-0.0042596313336860005,-0.004466682573427224,-0.00017473661105727448,-0.0019842772883858465,-0.0017016955814055349,0.0027877019667821618,-0.0006700088813053772,-0.0020128550449983397,0.0005291774409286167,-0.0007159582547968356,-0.0020578174237879934,0.0013290606346163768,-0.000610289228521624,-0.00045133924038036685,-0.001853818346136551,-0.0003901110939742753,0.0007549464803504166,0.003066291477233021,-0.0038883026923342418,0.0030829259009316247
3,0.017215323631879362,0.07019275970193045,-0.00016289899395073717,-0.004154862384142501,0.010439994112296036,-0.0014536299927379059,0.027377982652104064,-0.0025055720016457787,0.028113324304682035,-0.014685211985669957,0.013249079269191945,0.0016994500186695788,-0.0012269111317036118,0.0016761078617019943,0.00038418019219200436,0.0014501886497973423,0.009405481845896055,-0.005131258315069478,-0.005976645437605366,0.04823664967653153,0.006228313558664537,-0.004483800270911146,0.0016767359743052772,-0.007271151236556993,-0.002221682006598235,0.00601412178670802,-0.005551535027782322,0.004437979580150699,-4.0722922258529813e-05,0.0007169903335765718,0.0027637281850497685,-0.008450185372012425,-0.018211378187819215,0.029935609673112103,0.029413714277968083,-0.007831595056547519,-0.010820062457041748,-0.002521519630542086,-0.007623844292043675,-0.010710527571704284,-0.006823295624669902,0.012119942767176246,-0.017616356472239254,-0.017219606093753493,-0.021967900879274024,0.00149349493934069,-0.021192317892054686,-0.04378139029366184,0.029140402760914154,-0.005129782695626636,0.0219351824583259,-0.004404108763472872,-0.01090459281454078,-0.033304046474657165,-0.017570953024212424,-0.011426540299328256,-0.0027248730356554634,0.022902647687957835,0.012964023964881654,0.01291768554267594,-0.010256532716949407,0.02263580548684218,-0.003915327788349457,0.017972141216523983,-0.00942941207559287,0.004537658311521588,-0.014541922741075393,0.0029632295497213777,0.016069360083927887,-0.0018405990822914762,-0.018036466027500545,0.007226451784615326,-0.000787182015956067,0.009152432970934701,-0.004613767803408313,0.0010191285165979055,0.003284533897891853,-0.001715839818281016,0.0012106095715085786,0.011771442824016603,-0.0013573109812447933,-0.002487089463176715,-0.004404194342182818,0.004020054352902871,-0.0014034338540356798,0.004155378785282426,-0.003654709449021273,-0.0007819505605837704,-0.0002714430954303418,-0.0025771124110815723,0.0037777706178399382,-0.0017597725227652833,-0.005696680090525538,-0.005912289132649833,-0.001552063760301039,0.003194412126350408,-0.003645675373351258,-0.0012523048795998503,-0.007092516852173699,-0.0012177929654566219
4,0.018949256979577465,0.07410341216656605,-0.0014590648291659372,-0.008725110978234451,0.0055118948273544755,-9.867957905197912e-05,0.00930484608423566,-0.000554379494133783,0.01203441564715166,-0.006676643747060576,0.002762583122050688,0.0027412942251050752,-0.0017792461533804621,0.007490336686919593,0.0007454414632605415,-0.0004973374434306709,0.009143622059158727,-0.0016255811404757637,-0.0016470656613603277,0.013700593220180699,0.0027397985670982337,-0.002794500347808395,-0.0026535778029504772,-0.0044681825701387195,-0.003404572704842473,0.005106539505420432,-0.002153433430585858,0.0030414405689801983,-0.002188053484895721,-0.0025641804913109625,0.002414032634851982,0.000705564081442957,-0.005362552442529464,0.017146021520451048,0.0031983553369184644,-0.003952738365641699,-0.003448040261437171,0.014802095726324543,0.009713601832593241,-0.0028278237191842527,-0.009941596638988371,0.0011444435470253454,-0.0022649040283717146,-0.0059542475661236915,-0.009663182766820537,-0.0046014698311755255,-0.004390427207649255,-0.008262798223549436,0.00697044484050361,-0.00478617846947729,-0.0024259828236264194,-4.893651689745008e-05,0.0018452589355563605,-0.004230656313205417,0.003055503116694183,-0.003212276910204768,-0.0018613099632203073,-0.0068011113021069205,0.004970787784402188,0.001994237968798588,0.004102393527101004,-0.00863471818958074,-0.0019172373113143153,-5.613770066290419e-05,-0.0022767945889288297,0.005260472530385678,0.000398929077924323,0.0026223701290510873,-0.0020959276836889336,0.0027778129632609326,0.0051558488382032405,-0.006098980777121458,-0.0022207223893950306,-0.0023546059586932637,-0.000707642572225265,-0.005304653397647641,0.010300413748024002,-0.0033950344170210933,0.0028594981137409535,-0.006832745514029332,-0.0020465116093075645,9.899390565894274e-05,-0.0007929099544278515,-0.008728181817152682,0.008355083469329058,0.0005626810233601003,-0.0030185063492573112,0.005879935455713202,0.004423292489718024,-0.008519684711886195,-0.00575004786226734,-0.003110994173258171,0.00029661331453089665,0.004596426425018783,0.0007416083642807055,-0.006946426340570093,0.0038828329169483164,-0.004493338045981114,0.002345610826945938,-0.008119831006029908
5,0.020852254948067535,0.08210306605090285,-0.0015237635660903081,-0.01034337083785565,0.006966711713967916,-0.00036452146858952827,0.012584299191518789,0.00020674038613420283,0.021215772183818343,-0.011883331150173563,0.00929943516181927,0.010851871691188841,-0.008005249019131215,0.013057934740977948,-0.0015658349029933148,-0.010730339923004763,0.023563478788774118,-0.004978867050946845,0.0010596882870564357,0.014555149910564159,0.0015520785317202524,-0.0017193845105032098,0.00388512761142145,-0.0019333291714990388,-0.0036134833985231015,1.2904311936968081e-05,0.00360309568846028,0.004828388429169557,-0.0009499276550787464,-0.001294399444454914,0.005146273483446807,-0.0014463250383303472,-0.0021827558078165795,0.013045809670634375,-0.0003327112501999402,-0.014490951524847868,0.007127973094795841,0.00912266158519574,0.0023375228826696807,-0.00895394119108836,-0.006280987551177694,-0.008823927803404845,-0.002935683219236091,-0.01821640784964462,0.0021339060976270836,-0.0010326523127193886,-0.008757634458645167,-0.007470696455463309,0.002728365565945691,-0.002173978548552978,-0.00668758534427116,-0.007887554345883447,-0.0037058207189107377,-0.005144318780237017,0.0010488813199079486,0.009773755042031785,0.0014052167023441717,-0.0016741302481343356,0.00024839122010042897,0.0004517133439922087,-0.0014464203059435935,-0.0183572191789997,-0.0042049434635739085,-0.008128173796119157,0.007254103131624423,-0.003695643189017339,-0.0007745602057929254,-0.004090360519659329,0.002651404430081049,0.00013720238435517757,0.006872348323504723,0.0005074263107433933,0.0068995176699639775,-0.012781365701260998,0.00202489945199137,-0.0033273373842989183,0.00365463834869608,0.004792244711696718,-0.0015887646496566348,0.003841616243539968,-1.3063347678734876e-05,0.008901315664668992,0.0033085033633308315,7.239768961160848e-05,-0.004783406438966933,-0.008161142242008158,-0.006202533740505601,-0.009892937272942966,-0.0061554183770751005,-0.003623515536480714,-0.003161882444078799,-0.001955835739176,0.003517072334658071,-0.0016820575439094976,0.010885877163770067,-0.002930377287999983,6.630772558320183e-05,-0.004556719184711973,0.0026233227979301442,-0.004107553362802297
6,0.02021984133295372,0.07429099856075091,-0.0017021818916203183,-0.008741979571843394,0.007609848686492852,0.000612459048095044,0.015421941340585917,-0.001145309597195708,0.022422610142097735,-0.011597153140287237,0.010178171054086433,0.009092999514763611,-0.006655598072117504,0.011901338261483884,0.0025130844196754377,-0.011152680689887012,0.01638357551351889,-0.002749329303167926,-0.0018202040470217964,0.025356592091824948,0.0023803627179854537,-0.004296568390268661,0.0002985271177794978,-0.0029300090236613133,-0.01000326484418599,0.003849040425399871,-0.0004813595487678325,0.0027989185383878756,-0.0019066198058243383,-0.0019317966266346092,0.00295036289701876,-0.0007721844153795759,-0.007045608142460067,0.01845489840191863,0.0010231371127491595,-0.005115098362988566,-0.0027561507554097926,0.016942733479629424,0.015253179840341033,-0.002574939003186097,-0.015729368685126158,0.007324142715138577,-0.0043147856549281055,-0.004753407312198439,-0.007350000978846899,-0.002247784902159283,-0.0034417232140989285,-0.011120888906725808,0.01668959442591687,-0.0009190501436694883,-0.001121318751271177,-0.007839571329066907,-0.017529669695758296,-0.0025232507975706648,-0.0020456188309863543,0.00274546729596354,-0.007047008636304774,0.006865858266423203,-0.009594573091242183,0.00041569084797521357,0.0031325903674065104,-0.010148495241496507,-0.0011155543083771749,-0.013708283441316596,0.0063320433972696155,-0.0035693222935498964,0.005806773622232835,0.01622430479299122,-0.020939467777345955,0.008249388374567755,0.00771872016668835,-0.01081351783677516,-0.009498841964971964,0.0008710338302116487,-0.00033242621838113065,-0.0077906541561980035,0.007543229812570744,-0.014964811865491333,0.0034541548113055025,0.0003326562410136784,0.005429939472820589,0.0027345268826257456,0.009918641047797938,-0.005732169117291663,-0.008641139847102002,-0.010203075344255751,0.003506589275206523,0.009590264025366618,-0.006634771820583525,0.00853913925252207,-0.011306364361962848,-0.00783713263376383,0.0042866931102206966,0.009250406002349967,0.011473367948965432,0.005373250609932881,0.003839704397477399,-0.01420957917587853,0.01714249402907039,-0.00359454922281572
7,0.01717978337152958,0.07713166979555715,-0.0018150375128921734,-0.0022537903242602136,0.003291082795742954,-0.0014001389368839424,0.013963785459360428,-0.0003144126610943399,0.024679936863332887,-0.008707511515475462,0.0023357080044838956,0.007583668667512749,-0.0060030237863596585,0.021988539528852158,-0.0017427642780716323,-0.006051467038792715,0.02100821502954054,-0.004956658975343509,-0.0005967832273731809,0.01712802875991374,0.004772984225035278,-0.0039351295491739605,0.009220898945091432,-0.002357206708059636,-0.0016037510689255665,0.003831754676097245,-0.004113561489333582,0.003943405581304685,-0.009309034224346634,3.4096779724060566e-05,0.00422154825950327,-0.0011983429244720187,-0.0022911598465510125,0.02191608897871646,-0.010520076413060903,-0.0076659208067448225,-0.0002445272399826463,0.007419646400810291,0.0005563149162847532,-0.008312935312674801,0.003601486474043825,-0.012366872022193946,-0.013198883594210752,-0.021696721802651527,0.0005123739284312031,0.006499703385406966,-0.0010698313787959714,-0.024189706448103965,0.004989369801199288,-0.010508210713726141,-0.003637698750574134,0.006700994641699142,-0.006998056906142691,0.0005428667690811961,0.005969783200857858,0.0019079176937237658,-0.006259777133119415,0.006271915684249668,-0.017025388994061582,-0.01167812690468196,-0.005230315228529046,-0.012459124131036732,0.001849655634513117,-0.003341891187626427,0.002424138562063901,0.015294734413948047,-0.005406703599464291,-0.003789889013642584,-0.003381417499222154,0.011064208190559562,0.022237709985904578,-0.009173309056804354,0.0012021856980014127,-0.005152966969918244,0.003867595104963328,0.002962983231679593,-0.01754845539646729,-0.0037396759909856456,-0.007340318116409756,0.00115374062605155,-0.00736994002050167,-0.008162053844946364,0.0010441173047857823,0.014705045813760802,0.01622553731885278,0.012637761153465954,0.016992659659904742,0.002621287966949611,-0.0034105571465407026,0.01077331638446275,-0.013388717728402624,0.01014836410572279,-0.0014347165658981646,0.009056032727354724,-0.006470000043267563,-0.011477899647310627,0.007114960265662767,0.012233780374889648,-0.007581158224642101,0.01004722993860055
8,0.014853055582410816,0.07361148727283011,-0.0020575371970292596,-0.010737181339967927,0.0019965345439849572,-0.0004635985719835631,0.0072780866885891055,0.0021523856844183134,0.02107744266896188,-0.003515648462538923,0.0002855497060604252,0.008583583175329637,-0.0033674737126210127,0.01812805916472621,-0.0033949886010356876,-0.007435816216937092,0.023552034183429015,-0.0018135499464186039,0.0010122253864658138,0.005864830275036198,0.001044923371174808,-0.0004122142392387052,0.006350140894752877,0.003672997260900196,-0.0014106589206924031,-0.001529044473438632,-0.0002545288452825646,0.003028456681631443,-0.011687432055437564,0.0013142947516403612,0.007696491337475427,0.0022039113626329205,-0.00381874213755408,0.024211528213380212,-0.010824771689685748,0.0013978458409788484,0.012686809630369543,0.005785915759121665,-0.0035284468127243134,0.006549865507522341,0.014060689284028849,-0.007685143696487374,-0.002137062607045789,-0.012981896582884562,-0.0070651871494115896,-0.0020272064327535,0.003509268935631229,-0.0080523207941308,0.000361012293592325,-0.023859295434279833,-0.007886587436865555,0.01271673437882774,0.008217948265214575,0.006676688236626806,0.0051673318776840095,0.0010533082398901865,-0.005106427440027449,0.00016955819684007282,-0.016670181080384497,-0.022091874823999897,-0.009710854186376733,-0.005326026727127441,0.004208416378091443,0.0008852971901381066,-0.00035807647146865847,0.014565144292905723,-0.0029593505715901675,0.005372884206874231,0.003284961073858723,-0.005699170748327793,0.006522131391420226,0.00985884951630885,0.010696002846047244,0.011783542063546185,0.01644005851470118,0.01903540081097054,-0.012312625142766232,-0.00459910290010235,-0.006369102017064113,-0.014217148638114744,0.0028887208992002893,0.0006304547604768022,-0.007841997819365044,0.0014952510501482525,-0.0066370864798889675,0.0022229306605267454,0.010379440327685237,-0.0030153836291357617,0.0015361177534571316,-0.01272375785168002,0.018838582003735733,0.003954111375132436,-0.007657307522148191,0.012255223121918119,0.002707147739576729,0.005343813371684728,-0.003426961492192886,0.0030686576431919878,0.010071166606269832,-0.0011011308631517136
9,0.013634165055430568,0.07362688312842222,-0.001821333207054216,-0.010534328921292245,0.002403373789180468,-0.0015623293721699532,0.002733606291899268,-0.0013673472264876358,0.01953388052064249,-0.007049238733798016,-0.007618750697444126,0.002139225524503493,-0.0009906402196669408,0.019167426054172012,-0.00017754416297504253,-0.005627938749924382,0.01930884640536856,-0.000970299318011955,0.0013992455960823524,0.0014301715544687117,0.0022765554782094386,-0.0016468479392111393,0.005787424889479302,0.0005097122773845914,-0.0016420244294745841,0.0009486998883874639,-0.0017840325386822172,0.0005788062892349749,-0.004351405093354955,-4.423665894442224e-05,-0.001580872915525216,-0.0013347507451340393,-0.0067324400927846395,0.011690063277527599,0.0009548892928663129,0.005392485780851248,0.005359603988466845,-0.003191960584336051,-0.006191235866437416,-0.0039663886946807204,0.0162553247609486,-0.00254578358590064,-0.009224440475953203,-0.009671310657733453,-0.010797695590477368,0.0002616402691701044,-0.012530450094524324,-0.001131296384763964,0.004751224843966974,-0.012740192553915633,-0.013069052881643834,0.00907191054646583,0.011832117863825249,0.005394209647859941,0.0007809182014314661,0.0046700275224285746,-0.0005334781870719967,-0.007795990178571914,0.002743871118463357,-0.016305407972514847,0.0015776122864465368,-0.008319165036589226,0.0062223661145352615,-0.006378135723444678,0.0041740141116043405,-0.008062599358144967,-0.0038280843108746405,-0.004289549090067539,0.006035274952945255,-0.013118759809928942,-0.0033486302451639738,0.0013608028687533975,-0.010647457243682216,0.0104401872229741,0.017947040634921512,0.006447099018031136,0.010700348619963222,-0.014722389852061202,0.0013294728650198205,-0.01456866530737919,-0.013598512696331158,0.013553642381181398,-0.010855768040026886,-0.006943449170370113,0.006322933154579593,0.0019619669427164334,-0.007011833717904095,-0.006160319407854133,0.013962534375770087,-0.004375771110737102,-0.016664585313233924,-0.010386245237616441,0.006159401477566341,-0.009339578855850537,0.005511373269339529,0.006779502784547271,0.001647186077052949,0.00681070153010982,0.007816714787078426,-0.00039098180823835297
10,0.013854133335183347,0.0701627888226623,-0.001344393185910497,-0.01473052111690352,0.0027700021077264247,-4.618722176902641e-05,0.0018453333822574356,-0.0036979848768537668,0.016572593484447166,-0.009634097427082367,-0.006432315199948126,0.00017935886718147912,-0.002252360527052561,0.019074108841051644,-0.0015341275436119581,-0.00561206745753309,0.01873282683035096,-0.001191098246577331,0.0026696557510940146,-0.0016627694503512519,0.0015112460056997015,-0.0016316684833513762,0.0025351044318770548,0.0004531882209762462,-0.0015978133531923781,0.0006050511688478673,-0.00029444763529683964,0.0004204601699447398,-0.00557849271024064,0.00041587482629796955,0.0026051752858003113,-0.0002780462722490263,-0.0018281705889915086,0.0015913456885861886,0.0016318619451864609,0.0003988504600488645,0.007918887183966862,-0.0017655070181630897,-0.005633461037052154,-0.006635634429750005,0.00897568688613741,-0.00015300152830708414,-0.011980075339991141,-0.010884855178620114,-0.008276271115957834,1.3664470427013197e-05,-0.012245525883983753,-0.0025421632539681686,-0.008315040162046474,-0.0037889055059035083,-0.01060949995529135,0.003295604783854922,0.004484213452488579,-0.004624513630184902,-0.0010165636559063315,0.00019837385159372187,0.0018718142844417927,-0.0033712627900815595,-0.0007020138642731588,-0.009574681381573217,0.0021283029268890103,0.003640872759434904,0.000975177311854937,0.004241376294936879,-0.001992114133986076,0.000637965874975533,-0.0011961141041177833,0.004357348380971278,0.0014149282759170587,-0.0007968700220635811,0.008857304617302142,0.0032639207120289514,0.0004566124439215121,-0.0038287602476866816,0.008287929082342592,0.0019684789914173177,0.00999148563592032,0.004904822204779411,0.010306963994634264,-0.004703561925933045,-0.007996947351152977,0.007044175018890352,0.0073345754857177805,-0.0016652984851698016,-0.006154720436019786,-0.0027389554075641738,0.0019863012553388458,-0.0008643676662087508,0.000528431196633154,0.003047127464345278,-0.0029827783358239357,0.0007737173364864667,-0.001572201334071142,-0.00702601322165708,0.001364632316528338,-0.008731726619876005,-0.0025947067432299607,-0.006993924244707425,-0.00868528159831933,-0.00781053124858654
11,0.01924662120984459,0.08579047670087535,-0.001944948006345029,-0.010102845989505548,0.0029694586075007024,-0.0014272079219182824,-0.00042890028194130355,-0.0027736066741300834,0.016789882986304815,-0.006744075895580055,-0.011208353149071506,0.001966366834994104,-0.004575941832206915,0.023493022858733476,-0.0018864260133529083,-0.004795962707469127,0.023578894205031262,-0.0029660994058670815,0.003510782175100695,-0.00865530544711521,0.004533774944761084,-0.0021434297766113443,0.0036179744899498423,-0.0034920233658209637,-0.0004630030567704501,0.00431290255648387,0.0007066696016962497,0.004592894132905353,-0.008277538996757351,-0.003255083824247323,0.0058581737453586545,0.0029465401260021402,0.008507540134775813,0.013805536506194493,-0.010253623871240292,-0.01322390475942723,-0.014066926755978796,0.0033033704173148384,-0.004147556054189501,-0.01409526615138133,0.004987760287482026,-0.004303550680456407,-0.023235176699205662,-0.023858635207178867,0.0023220396469635484,-0.0019160825215608602,0.0023929758088699804,-0.0010987862618370503,-0.020332824098002987,-0.0047922435461061055,-0.017915425877389868,0.011993698664108767,0.020682782467492986,-0.0009086633447197464,-0.004506353208548082,0.006626198898173429,-0.0031017334044219362,-0.017731910399560104,0.009669266145943562,0.009023533309627157,-0.008326440923707367,-0.004506043557192405,-0.006483865589907992,0.0083516515788047,-0.010287343924907058,-0.018629855117449155,-0.007802754966418231,0.015560680589799801,0.0014232438817625417,-0.004890824556509673,-0.005344037539513661,-0.005168596311903399,0.0015556848334047932,-0.002588977390840643,-0.01236024774548978,-0.015371126362400057,0.005935435473124737,-0.004056341082190044,0.010743318009976311,0.004447880347940944,0.00772130781138165,-0.0002617041094673291,0.0006155613701750572,-0.004619132539106379,-0.007569958254373814,-0.009184935884695643,0.011323273735958563,0.005722570262250939,0.01644030966982077,0.005737697509627103,-0.001468620397729237,0.010608853716512094,0.0019836411234793816,-0.011427552645039273,-0.006055828668116717,0.009897308678938533,-0.007511866321113704,0.009113505491337218,0.0001188874576823758,0.006740848235238258
12,0.014818183656707175,0.07405489070000895,-0.0022356385384003745,-0.010556023348366242,0.0016134647276756814,-0.0005859153083400984,0.0033921643481232408,8.272182302467883e-05,0.01923534507428231,-0.006534565393198209,-0.006342827886886686,0.0063558652113820105,-0.005118109350453331,0.0235450447713585,-0.0024622415248358623,-0.007101517919195068,0.019758980302619834,-0.001337818976457282,0.0031180865279667137,-0.0016938851386955253,0.0009954757886339186,-0.002163774352939707,0.006183385649148602,0.0004125382263611265,-0.0035976790203838993,0.0018739871085524803,-0.0028634446593199473,0.0002936773902651721,-0.006723864285313624,-5.785071119021446e-05,0.00313384704263458,0.0025653523266236777,-0.0009437746209768373,0.006509907875031777,-0.0032486498438231157,-0.0044860781683187375,0.0036445684654481327,0.007337509509616037,-0.006157198234401802,-0.00017977767228587738,0.011229288072712939,0.002769727001078276,-0.007724135108890814,-0.016941028268820053,-0.01013025229278721,-0.005001655399010335,-0.002573198141909709,-0.0012507491655841868,-0.00768919256308153,-0.002844331191690221,-0.004772871394834504,-0.0013194053357922914,0.018294478107722948,-0.0022629211732422523,0.0024656449652940933,-0.007211654790908001,-0.006972871954883825,-0.005157145915592212,0.0009587207590692974,-0.003987561831198265,0.01043506145230576,-0.0007273731887834979,0.009320893030418923,0.010665347628998402,-0.009488991777392583,-0.007691612629123243,0.01450045545936198,0.0027835298532058465,-0.018051049787429913,-0.00024205628978735643,-0.00929623852504413,-0.003044215715592336,0.0029127917249708807,-0.015580116409227978,0.006098709514276664,-0.0007851476099875796,0.02123489398848672,0.012402911381816725,-0.010201493536009592,-0.016788324491395,0.017151026955485243,-0.013015085062545836,0.005714874147376891,-0.005086560852815111,0.00689823738704322,0.015044959144420087,-0.00834559490748563,-0.007814648980978434,-0.017404891856915843,0.011685798388060898,0.015114268502956408,0.006260463888133557,-0.0009690832098542117,-0.014172360540343971,0.0021431372808067214,0.004318105325098508,-0.006209063377396292,0.0006788305816722213,-0.005366671709517399,-0.013434249003362276
13,0.010718395775660205,0.06867263240430216,-0.002592354591854968,-0.018612936245572673,0.0018023552871327332,0.0007545160507075429,-0.000774071826814678,-0.0013641498102180372,0.011729856843074208,-0.006111486419381439,-0.00792932708579435,0.0035581476714033147,-0.0031666473100558385,0.01959765872459483,-0.0025642995485585475,-0.005965726044887493,0.019407718184134868,0.0009167438205284916,0.002502549408287155,-0.0032470256414798655,-0.0021717287752978424,-0.0009618915624013963,0.0016670456857720713,0.004872592121309207,-0.0009361153180924532,-0.0025074654069035646,0.0005103135312645114,-0.0005737238554939568,-0.004438762166176211,0.0001959085178477856,0.001336585153381229,0.0006532003621734133,-0.0013481669239411374,-0.0020347929480829387,0.0029743402582419376,0.0001274660317454142,0.007986496148629613,0.004048336254942057,6.165123712875604e-05,0.00044000660395547645,0.012970307157280567,-8.619782535573088e-05,0.0005517973125096975,-0.0029354620249516373,-0.0013121099281411786,0.0012890799747381195,-0.0008932982184727078,0.003923424149041178,0.00699630943124186,-0.0038172311803581515,-0.008674920871769997,0.009633593593071458,0.007355081884501863,0.0037861864981407842,6.027212381005547e-05,-0.0036429779937469787,-0.011294464821757215,-0.002494894398490147,0.0009621961418934144,0.003774071351591389,0.007248471421791408,-0.000379938511570644,0.003649170043276095,-0.004328718962335767,-0.007232907487123219,-0.0064673789372804765,-0.0006093808595095707,0.004038836495376397,0.0024620398369085876,-0.0031941110372144966,-0.004063426368056344,-0.0030287768520713947,0.005217245606360937,-0.010085548558498808,0.0033239421209932435,0.002303926876126694,0.010270183948507802,-0.0014198519688496205,0.0036014524170273586,-0.011624218449776876,-0.005958490102328578,-0.00176342788828781,-0.0006744075172636203,0.004715427736111379,-0.00019795362234760607,0.00038357511624034183,-0.01017722544854093,0.004801835281971009,-0.0030599672645794554,0.0002533406453606288,-0.0006293819243735324,-0.004324958682014188,-0.006042838052183273,0.0030829495965956255,-0.005886217223962076,-0.005886147011652764,-0.0008112592049838059,-0.0015335217889049795,-0.004642513670112372,-0.0036501799757727277
14,0.014245556504085039,0.0728588905851246,-0.0021859348060819044,-0.016014921304879595,0.0039036500650686265,0.0008851017671300883,0.00878583048880324,-0.0011130733839579726,0.013573733333490483,-0.00868333802525732,-0.0053481428298685985,0.0027950644669489967,-0.0038482860251013657,0.018283489769497334,-0.002013093683028467,0.0014989073445259105,0.017777718231540573,-0.0003320035288929762,0.0015897399733824514,0.0011324741875983026,-0.0009471484362738819,0.003679883045007735,0.0009485774917795903,-0.0005206130018045163,0.010712043767716204,-0.00244882606940694,0.0018108283526774784,-0.0003591762892492182,-0.003800225368145491,0.0008947363200789633,0.0012626370653627647,-0.0014758059560419797,-0.0033254878472776263,0.004352752063457267,0.00023453185850939935,-0.0010411680446121216,-0.0010084153041192484,0.0026271791831166762,0.0017848209656872935,-0.0032323100205636016,0.006236915162353718,0.009299198436869681,-0.005287370212476534,-0.006248214409307499,-0.003590518074207765,-0.0007558509080626828,-0.0038821196852635896,-0.0021757478020708663,0.0009825802913005467,-0.005723979665748431,-0.005804463895695283,-0.0013606307837424564,0.011133700103446286,-0.0021606121652625867,0.004792658338391052,-0.002320812742289926,0.0018797611299591513,-0.002101784759348724,-0.007869061967122953,-0.0011508973414482726,-0.00020856930829147335,0.0009958466131732124,0.003762520774591182,0.0047370270351937156,-0.004811027463983106,-0.014134922183291262,-0.0009357212282016455,-0.0035614901315161457,-0.004456877289057534,-0.0009198268044888056,-0.0043894216682824365,-0.0073934288067676966,-0.00584098307217545,0.004783235177634521,0.0010142428971659102,0.012575905444564934,-0.0010055863551913604,0.009954772323261713,-0.00010839906924688958,-0.0026569725357665683,0.004153978727930109,0.0019495363409241994,0.003800630789467815,0.002096676111467459,-0.001967179172198812,0.001254344535519313,-0.01112567091940551,-0.00043819198645356124,-0.0036689360687867933,0.0017161654891646612,0.0025640494305915773,-0.005601108964767672,-0.0030248351391265324,0.003599734465310217,-0.005630179276093323,-0.0034813656200731323,0.001755878217592358,0.005186500905726214,0.0015572988870846617,-0.0017505530619043707
15,0.018073428073345353,0.07033857061989443,-0.0017219042684845265,-0.011573688170211914,0.0013855832539618502,-1.6335346174973437e-05,0.0023735634941596208,0.00017422802594364793,0.014850167369866076,-0.006223322771819993,0.0009378210089959415,0.0044383268166682316,-0.004451666038028406,0.014013498844087313,-0.003652120890499847,-0.0060640155625366395,0.017952666840442336,-0.00243312510152075,0.0030348320877198218,-0.0025410194965354853,0.0015461606477423866,-0.0010051465728144785,0.0010705159683007102,-0.002933608046340074,-0.0027759710699997867,0.0018485995985277114,-0.0022308846544034063,0.0015568848678220713,-0.007431239946618221,0.001264223381820362,0.003382098432605639,0.0021215746887359617,5.310391823307498e-05,0.012752236958863612,-0.011396307280443057,0.0033773732048299307,-0.0058800941130174745,0.003952838575470452,0.0052285295787512,0.007516299584121025,0.0034458914057114314,0.004933867407616784,-0.004590397908252188,-0.007718679108021548,-0.0013613037291501926,-0.007314513027373372,0.003752129067675721,-0.011741548135764586,-0.0023491222717900704,0.0010783457648941082,0.007964922324194218,-0.009347900258839253,0.0004033606815448118,0.005814205699579503,0.013906017670226681,0.0020269408763521997,0.006972590517025425,-0.004915264467913036,-0.0011593849430823668,0.0017732109175360646,-0.005703961832437218,-0.003154019522945611,0.0034417814739698994,0.001812937021598739,0.013382844761921907,-0.004958189804330264,-0.0077162504215161345,-0.0028337590914608627,-0.016152516237300064,0.0027990605211007306,-0.011581569954176349,-0.0014888810609446068,-0.0017334899475331712,-0.0023034760477710385,-0.0002346465472688987,-0.003104986658729899,-0.0050640779054982685,0.007754327448586343,0.0013039223318435321,0.00344449425527635,-0.003933368295449229,-0.002555141062838028,-0.003137203940429733,-0.0007947453140691044,0.003347116673254641,0.00031254088698620783,-0.002961582532712288,-0.0030244784773010955,-0.0058595909803941075,-0.003307941578860766,0.004502872512027793,-0.004690683129301115,-0.00391409637428338,-0.0009464782910075281,0.000702333460647506,0.006216484097168546,0.0031310139784503184,-0.010563446192748812,-0.0004881064879753969,0.0019668003751750797
16,0.01541166195915496,0.07057792295207187,-0.0030736005939634645,-0.015326950635103172,0.0027035030215527447,0.00048812070626497926,-0.0004483368520202286,0.003977435748659562,0.01729418056791386,-0.0021914967684257803,-0.007072555011572532,0.010255753312148666,-0.005647459059417934,0.02240437052319858,-0.002899520903164295,-0.013009133564044194,0.02748823242251365,-0.001185846127199762,0.006078198532513115,-0.009426252980648591,-0.0005702057205718941,-0.00019290216431939078,-0.0009067472663413517,0.003483285081199518,-0.006137739535508122,-0.001230916126166133,-0.0006067462494853324,0.00033065779173617623,-0.0026653648451829834,0.00035762482087611113,0.001184764017647627,0.005421519570824883,0.003800925899255358,0.002007047203542817,-0.013538405695841733,0.0015866801201961061,0.006995246241742009,-0.0002600419408457838,-0.0022519312113227176,-0.0026953977785032584,-0.0020340201067685676,0.002547852183252996,0.006086008469849208,-0.005145428932795807,-1.9543341497864718e-05,-0.010033382843935425,0.011005889875094856,-0.008257169786019668,-0.011976366695027073,-0.00680797388466723,-0.005246115794788989,-0.01214715490963486,0.0020299200400998056,-0.001304386382329169,-0.00919494761186238,0.002735153554830798,0.0024685898376788362,-0.0008597297794838627,-0.012532532468125107,-0.0020951944578495954,-0.00467390569070155,-0.003143254605705425,0.004716301684173097,0.012415299211994826,0.004536696458942997,-0.016346786451375564,-0.00453574637221969,-0.0027752731833892647,-0.013518320885156943,0.004298491066369033,-0.013876405828541466,0.009986876414616742,-0.009028573008927428,-0.004554539800239256,-0.0038353357828332774,0.009110321006161569,0.00016801632340513893,0.007251090129666172,0.009106116945742558,0.01844728242463055,-0.0036137128111493563,-0.0004951368922915121,-0.010763532721690014,0.008317653631074699,-0.017792378359694747,0.0011364564754796076,-0.0016797082667093222,-0.0052699315326994465,-0.0065063553915560065,0.0029318192528987267,-0.005631763620296279,-0.014786195458433056,0.012651768728669592,0.005381217077986633,-0.011364522738983775,0.003253530280104483,0.0034673356799659015,-0.010106919662155213,0.0035925094690920484,0.005361977500493577
17,0.01744515594956525,0.07582857075296243,-0.002384343373495195,-0.011083231263919174,0.0015264624584423697,0.0012692781141140448,-0.005844144764677584,-0.001890055500703128,0.011756833825863145,-0.0004350959911964003,-0.01320957020420857,0.0027985053243788386,-0.0054377687032386044,0.019316084311279565,-0.0011964543237462824,-0.0058194238534077375,0.014779999152660879,-0.004555608642040861,0.003928441190894804,-0.010527981224470392,0.00337970257867167,-0.001313549990581768,-0.0003499710029684709,-0.002154924269675754,-0.003296736881851676,0.003659844032010738,-0.003585435530348074,0.002661149399263761,-0.0016598389574247053,-0.0011301704490487624,0.000912138324635619,0.003927474987429061,0.006314365865944329,0.011000287390807604,-0.015088410814561994,-0.005623338057678772,-0.005550813746662638,-0.0005742244657044181,0.00012680881766365188,-0.009557022936419869,0.004773830109462237,0.0011829571862519896,-0.013304393873478593,-0.00032967930030496166,0.007527296688597726,-0.0004995759063195695,0.006187166768881687,-0.007340971093711515,-0.01353034946818725,-0.0031183389751007744,-0.0008127156536676031,-0.008964806895047155,0.004067730169952803,0.01326398665588817,-0.0032798087783615752,-0.0027279600147070587,0.007703566124563457,0.007165659609194461,-0.002187013860064241,0.004549679561554499,-0.007323498858384163,0.0029907184229886283,0.001805966570691067,0.005161683240840389,-0.0027021203944890644,-0.0032759952823551777,-0.001872823234693327,-0.0038249973208515126,-0.0023362093474607703,0.011721996440684552,0.005692859964075194,0.0041300582423957725,-0.0109336547276425,0.0009218040130308456,-0.008041570735011747,0.0025048410157133853,-0.005844988313146136,0.006243798333651992,-0.0017572297455517832,0.006623298248828817,-0.005839396475318002,-0.0010582771339383249,-0.0024462849723331957,-0.004276865644781747,0.0026200581956704674,-0.002208032880986788,-0.006384038820289625,-0.0008222124957469262,-0.0007381816453327916,0.009076961146973287,-0.007236225080935876,-0.004985226223364916,0.008850388122253933,0.0005889124222088548,-0.013638141897296667,0.0022908001783024314,0.0003414708334803386,0.003525542088146063,-0.012929818373927537,-0.004997247796385203
18,0.01893209613228173,0.07921854466096068,-0.0017735470786912444,-0.016565785637953273,0.005233203581406534,0.001246509223604985,0.0007372344453383622,-0.00451064369646395,0.01892741932041348,-0.011328359833646665,-0.008720755270909366,0.001370902548594434,-0.002629533119323372,0.02460571062222757,-0.0003924729027731329,-0.00787289154977869,0.019850614630514005,0.00011821356585008623,0.0020964161156344233,-0.006635717808302672,0.004531790327409079,-0.00306868794129998,0.0011166242441175106,0.0008801991994852382,-0.006012611538290157,0.0011527428862070001,-0.0014894071390091634,0.00041879774762575926,-0.0034083884972880224,-7.855234623559014e-05,0.0001700005203158109,0.0013107643734284688,-0.0015438626936464697,0.01572884974625008,-0.007486917549273768,0.010191633467728771,-0.005716096532728715,0.008533309461396243,0.018025948411481717,0.006022261022258751,0.010040190434151568,0.01803575468658173,-0.00919859314143947,0.005647456641367653,-0.009791883013958702,0.006236812767712156,0.013861348249555332,0.003207749202213453,0.0007841533544531603,0.012345532091402775,0.013640494970358167,-0.007323366882431948,-0.006313327579492381,0.01291285082886615,0.0061185073364501815,-0.0011225449182128647,0.008376054695745715,0.006022257964001032,-0.012163186019077322,0.020142823456710108,0.0037285316851814105,-0.00837305410539089,0.005998382167159513,-0.005635797560632634,0.0011511028610508027,-0.0025622628732459092,0.009381713550907708,0.003973095956145451,-0.010701157922958594,0.008026576917291115,0.0062084409010908365,-0.0028879068762311506,-0.013363701900006443,-0.002214690295756743,0.004312143580348972,-0.01456363207878502,0.005781393434295322,-0.0045802423379918515,0.007946281606041205,-0.007909199366378865,0.002151427185515765,-0.0017177734264065857,-0.018621537120399996,0.0061384987723104925,-0.0018593359028861844,0.007216779725511383,0.0006508716088839913,0.006955331833580581,0.007118402653994981,0.014707006282663344,0.0036343674299067477,0.009768606426982886,0.0012498308363267528,0.004251932334049074,0.0013254070202326068,-0.009070393872744572,0.0013222387895001663,0.0024002036087655515,0.0003197017741163423,-0.00514670766955125
19,0.017394428404310668,0.07297133959249567,-0.0007930441557842278,-0.016723147951611703,0.0023660165558478247,-0.0009158531203216778,-0.0003834801644250462,-0.0019969230674646236,0.016342548044008476,-0.006645641120948301,-0.008908682931691168,0.0010404034692801623,-0.002735220387908714,0.02191682804809972,-0.002101722179545891,-0.007255580514038396,0.018519694495618154,-0.0013961160921229492,0.0037496530720142938,-0.005399873307747069,0.003715616858915889,-0.0024351938170730824,0.0060829129039243444,0.0013685869007127494,-0.002826852575679958,0.0004489146433766319,-0.0009746149256460856,0.0011901080035958468,-0.00942884385895669,-0.0007796746165357918,0.0046753270649249135,0.003462343540491678,7.923256275512629e-05,0.017335390979407613,-0.009388217821097363,0.010944531716071142,0.011906705081213461,-0.001983261063002196,-0.012624433161169376,0.0039017987718624803,0.015880929794707264,0.0017814839498886596,0.0031017338052458363,-0.00420365040538021,-0.011383264710544036,-0.00209759667141057,0.019797360157578228,-0.012023891469361283,-0.012287998040515677,0.0026562172288356633,0.01683811226507698,-0.000383439923939587,0.011899943660638646,0.015712231807894328,0.0027809087660574648,-0.02348421972170798,0.013354387576464087,-0.008842721761767692,0.0035594369451003,0.008689825992012139,0.004415071684814484,0.0017013572104488265,0.02018303727583472,0.0021664953214822736,0.019008665535221972,0.023520345037127136,0.008332633393563174,-0.0048636326145200465,0.012293722957146676,0.00035540896705081094,0.0063465078316611405,-0.008807253465465719,0.0037758739214310737,-0.004267088408463326,0.0005125102807421725,0.0025733294385543227,-0.009255698005754954,0.005557773491213483,0.011876022252535524,0.020814244008503992,-0.0072863083262449235,0.0031055020701045146,-0.0033048121686372143,-0.003786979635077673,-0.011713277892759237,-0.013980158701440544,-0.0005987001008359577,-0.011030105985064636,0.001788242373727826,0.004583331256583131,-0.00645203256518195,-0.003702903849448014,-0.014784920973286974,0.008995984939197437,0.010019139479897977,0.0008689839070604727,-0.005369054693432231,0.0015092657576276257,0.0013072965156557337,-0.00019199312680145438
20,0.017097882422086975,0.0777453691976261,-0.0019960931928449206,-0.01838130895020746,0.0031949203008970473,0.0029588445161903417,-0.005081678083773929,-0.004579680341771517,0.014516404200610466,-0.008310736495656479,-0.014165230957994445,0.0019322606234501263,-0.0050672442200195515,0.029474790646599847,-0.0007000659683470368,-0.009185654970479889,0.02057411492577684,-0.0010502078456661632,0.0061599764247157315,-0.016146593303237502,0.0025701177280894366,-0.0011069324536539598,-0.000977971312255,0.00028916846859488655,-0.004259497996096915,0.000448694709707383,0.0007867918615572686,-0.0013828214302834632,-0.00041956263098087845,-0.0015814698299239619,0.00011550209659849446,0.0023713910335258037,0.003907688169590734,0.004928245454544474,-0.009195885752662556,0.008853520763515888,0.007541390422048619,-0.011270533567140842,6.053063929043482e-05,-0.0069126564810190255,0.009634886789866935,-0.0030918345561242694,-0.0005513703176421544,0.0041690973564148205,0.0016470728975799026,-0.006303064199323997,0.008085564270395754,0.0005361289911849541,-0.011661141454724971,-0.008429818338264667,0.002728212482437969,-0.004963637890530218,0.010846706664554052,0.0061162089859512535,-0.008681389066290287,-0.00936955721496831,0.0016751559533735162,0.00934357923768236,-0.0005466132592171646,-0.004782255359253309,-0.006734043798258244,0.009733226085079042,0.005485324179112103,0.0013102057350891647,0.008771053314792533,-0.004814705409565789,0.00011047596142242667,0.001568129732163237,-0.0010400500771213534,-0.004882722917790954,-0.0036760697788879595,0.00800450005120779,-0.0007027083692763616,-0.002867960212694345,-0.0036062194889719948,-0.01013264257870253,-0.00990080201130563,-0.005130971896963875,0.005552167316179719,3.8751000474405395e-06,0.0004692110992901966,0.006221107272850773,-0.002268929072527839,0.0048293926795644,-0.00044180637973455347,-0.001857756442368057,0.0019120380557071292,0.012900210041376831,-0.0021596610305693324,-0.008273953381901346,0.001384482014169766,-0.0013285303838418317,0.006514828552651601,-0.0007890348682918297,0.0018398071955043813,-0.0007670992133523494,-0.004148023239360616,0.005511079145244041,-0.003025890339219572,-0.0012851822968734507
21,0.013521084118317536,0.07204962773807987,-0.0014530736476200802,-0.018484110462190607,0.0038665536319249603,4.5933051817341286e-05,0.00433075570597352,-0.0007603466709119186,0.01785058645410822,-0.010515703887041329,-0.00019169374520559018,0.011803407696527633,-0.007842489751509493,0.02045702209667398,0.00026769487632926514,-0.012426056840731314,0.014469627016878605,-0.0012905668716571253,0.0027348577094709753,-0.0048875618967123,-9.799561987645643e-06,-0.0014588709673940548,-0.0005504149991176062,0.0017932256745028328,-0.00411929743876462,-0.0006383585184904629,0.00023481727643899145,-0.0013537760926535325,0.0007765916218646977,-0.003994983462165249,0.0012858553097416354,0.0006137188028429077,0.0018815289093473766,0.0021941112582462255,-0.006348813493727863,0.01519352770014201,0.013741661274906065,0.0024879169827028524,0.0013767972992570086,-0.00028070866501226656,0.008794619632126157,-0.00031794342044085363,0.00813838965154366,-0.00709715921128104,0.0004793795293047018,-0.0028325612913445543,0.0027899527027972844,-0.002102903167893636,0.0017548267545537258,-0.0035162294572414895,0.002924011556181695,-0.006599639408566533,-0.0037471761004564193,-0.001401872437610595,0.001096475150201864,-0.0028297935707933424,0.0018617815693444163,0.0009716233612601238,-0.0020546831239890333,0.002058812376236612,0.00349030052171725,-0.0006961688559232666,-0.0019585219891805057,0.0008671173546680661,-0.0005212870910885394,-0.0001660663225002,0.008172046926244736,-0.0046340603931769786,0.0026001572936058992,-0.00037821458121972316,-0.007036760846932454,0.0036609220999283152,0.007704431139939527,-0.0163836484426167,-0.003767649401549599,-0.006242838184688248,-0.0001304555129269108,0.0007452358284255269,0.002441001483336827,0.003454286526300173,0.002351844526659534,0.005182619035969887,0.009320112071373966,-0.0005884408589148216,0.0058492681498547505,0.0035458057144098706,9.74064523697862e-05,0.003372617438480217,0.0008517476075836208,-0.0020290522785730947,-0.0034037032378835988,-0.00029989039141902884,0.0029824799008863765,0.01056801992155938,0.0023284162715455337,-0.00522343320715618,0.010957462616192017,-0.0035627979631886165,-0.005554422600143269,0.0017185834150210545
22,0.01717161240512898,0.07532960535602452,-0.0022738415417607964,-0.014005881327100107,0.005523073886633505,0.0007784841660627629,0.007159524425552599,-0.0014891992014550734,0.02297408010139717,-0.00920550147009514,-0.002019739190223723,0.005233400770774407,-0.004229085165402508,0.017555888342722665,-0.0014183512294344057,-0.00723981406702369,0.01686241319481149,0.0006106798710265247,0.0012813364874401595,-0.002167294807100821,0.002999584106354604,0.0005358142739565478,-0.0030197388710517838,-0.000402357970657149,0.0006222874625155038,-0.0012166193397340089,0.001290618770670876,-0.00035698338133235264,-0.0008916414015642032,-0.00029802745265166124,-0.0006883441566610372,0.0012702448501577084,-0.004440663497004354,0.003371828458526673,0.009621376604319108,0.005286251631443544,0.00997456863655859,0.0015221746327865918,0.0036405820918775046,-0.0005025343770985785,0.0021293312506890528,0.0012877761293564058,-0.011717938180626278,-0.0014383765182987636,-0.0066361944172497805,-0.008136301803703951,0.0006624258184577559,-0.005632923703097309,-0.007656149214986618,0.006316243676156517,0.004091755013734194,-0.008367453935129096,-0.001181751178946735,0.003064081218862153,-0.005713268383498508,-0.004542578369490058,0.0046746594702037365,-0.0066889273104657155,0.005182380419564967,0.007856192262334635,0.0030999613776769436,-0.0071687307198316785,0.0002710285456863303,0.003964771129134909,0.002157611590823237,-0.0013878732902812686,0.010973822065583715,0.0017158124944764229,0.00488901117934975,-0.007040891550606746,-0.004198402501828132,0.0014576689869941837,0.00369197893420647,-0.007917766119655853,-0.002228467495349263,-0.009742344227624029,0.0019087969121094756,0.0018705005044593413,0.001588482558430811,0.00027545241930210186,0.007960515180114052,0.007901772047991206,0.010370313061369771,-0.0003228475300730644,0.006195110011557438,-0.00769585214188172,-0.007708820601411598,-0.002419525620925921,-0.007905728844701877,-0.00642590927794827,0.0006507705355505131,0.0002898587771982221,0.002782363978068454,0.016958350389450108,0.0009280939951578588,0.005542671958031576,0.00852105282323275,0.0017242894200599208,0.0020532947586041355,0.0008258601673415979
23,0.01555846902336461,0.07401679641155871,-0.0018888187321662914,-0.018105907945506285,0.004528846293483878,-0.0005759971723971636,0.0012291046457612983,-0.002667979224791954,0.018787975552446868,-0.009576512895376699,-0.007465024784805187,0.00406489817877675,-0.0038904631836653458,0.022858043291172633,-0.0010836567266061742,-0.005200041247863413,0.017951825564661437,0.0019415801979026817,0.002016552666787565,-0.003925644289156643,0.0017270475959197536,-0.0011663113267212303,-0.001843313215242357,0.0005090957804196842,-0.0008136871249778786,0.0003325772896101134,-0.000554014927559907,-0.001056581874155307,0.0011915525872278807,-0.0020297273410320505,-0.0010397161055882022,-7.968899484538208e-06,-0.0021923339350490146,-0.0010255434621000723,0.0070688340722980915,0.008283856239960304,-0.00023841613169298923,0.0033897227533280293,0.0038061582352065556,0.00385604499018088,0.01294458646263545,0.004978325721977808,-0.004787252886418561,0.0014303176100535803,-0.007753569332722125,-0.004922170269027296,0.004515206999743893,0.0024872146789448007,-0.006896105425349677,0.007179253906484662,0.00761562691358856,-0.005790195866702538,-0.0014189383598696298,0.001910137185739946,-0.005853812753748845,-0.007681570405127263,0.0018266182718548287,-0.002937356006954272,0.003804656113283611,0.012552995231473841,0.011599790276155039,-0.0005345832708204234,0.00010081203397065059,0.007421686140380802,0.0007262575311115207,-0.0015387255245062049,0.004003628235122352,-0.0010862903572429693,-0.004028840191398931,-0.008487459943512458,0.003120147785931466,0.008102442123412849,0.007297019230029791,-0.005845355015010286,-0.016156513592118317,0.003252087568264828,-0.006699019527422247,-0.0006246088734298777,0.0007214277666234644,-0.0008506294453186174,0.001248785652942482,0.014716371019594374,0.008988737150344836,0.007169355707280705,0.005783283569479219,0.002468008942400743,0.009922906081641538,-0.002618777896183427,0.00022312914726089673,-0.009449962429673187,0.007110059368886288,-0.007098744329318853,0.004914860784182162,-0.004354108746241208,1.4074992163192913e-05,-0.0034748231217008227,0.00982805611476917,-0.0016940944641221684,-0.00041807580389907736,0.0019152136228681755
24,0.010153013730378522,0.07214770157357117,-0.002493088761570614,-0.026467728934784412,0.006131012839579277,0.001386434643230727,0.0024117457321804355,-0.0038917458237583023,0.019673181773551044,-0.012147004968200337,-0.008875673986252457,0.002751016265591942,-0.0042950528179209685,0.024442711422053336,-0.0021324847840071947,-0.008531691535246374,0.022767901008978086,7.265897044617463e-05,0.004829661538409559,-0.008425646343581405,-0.0028964624724270764,-0.00010947419078048557,0.004290599482837084,0.007031228688770282,0.000540713964374228,-0.005325633676373664,0.002854660134050811,-0.002331131707873336,-0.0038250400369830967,-0.0005063562861455383,0.0033467685913935144,0.002338506994921524,0.00418196764690805,0.0005294754528720123,-5.372479531026351e-06,0.012671913330782209,0.023558508407629304,0.003603907955930624,-0.0014771759141836802,0.00502795804965369,0.018346769375032105,-0.004803887621693241,0.01173633868509549,-0.0025131935419204546,-0.002167298511302601,0.0037258567245171286,0.005625738011012302,0.00681760891866375,0.0103637889378392,0.00015389072535319773,0.0025868855983152013,0.0030900986446538983,-0.0054934899516645335,-0.002784322289094283,-0.0044420816188644905,-0.006316311760012118,-0.008850652333937592,0.0016682813975062568,-0.002386014526734752,0.006179888920314692,0.002945903195101265,0.00903067336010372,-0.005180591409654815,-0.0021008404142081254,-0.003454227326823854,0.009605116720093359,0.0031153266488590067,0.004137145627339117,0.008376490366195094,-0.001887612224048903,-0.0072911762848675106,-0.0014279865231031459,0.00767077894467707,-0.0041497132935400406,0.005555131557877827,-0.006379831275091373,0.0028184769133750413,-0.004885109206680658,0.004874429041231026,-0.004954213985962936,0.007931540164739364,-0.0049318739127117706,-0.002912513076817471,0.0008409164825160941,-0.014467436867250615,-0.0016229113868767864,-0.006485320989203611,-0.003235980421917834,-0.009000766973190208,-0.005544151630556424,-0.001983517084652808,-0.00041763595972241473,-0.00330649226349788,0.006906264492003371,0.01019589544310284,-0.007590536990574923,-0.007794176208666116,-0.013075042717192868,-0.0070751674626997356,0.00621229926247142
25,0.012188166112715053,0.07373597363963853,-0.002296568513367537,-0.015273157712594842,-0.0018468294966456468,0.0002489408857478505,-0.004128939632423662,0.0006505902191681857,0.00980089771805201,-0.0031902464548979226,-0.006279910883768419,0.005992699280226206,-0.004560940290121879,0.020317819297904827,-0.00249126035269053,-0.007537950095489034,0.017120933341973756,-0.003393340284330476,0.003462845003405307,-0.008257433962859714,0.003519473462428429,-0.004177909354322399,0.008292075133245662,0.002583765130866314,-0.004103339511637402,0.002809125965182584,-0.002686834114216501,0.0014030081679740792,-0.0013315877157065719,-0.0008528816841127663,0.006633966379649834,0.00027521577567500533,0.004967366916760988,0.021348220967377908,-0.017860797578343777,0.0037506185443782337,-0.0004595795463909299,0.0024810149925994372,0.0006580476630304874,0.0018366829635634225,0.02318666819418096,-0.0031686181360496444,0.004470955196790404,-0.0029125171744822636,0.008899151092231893,0.0070864237633147375,0.01012467245706723,0.00433012184318534,0.0045643581052910755,0.0013185391965921888,0.010190337679489861,-0.000873422432335312,-0.009571825749267205,0.007477032069981472,0.02036374644925521,0.012448849811837803,0.008659597811887132,-0.0025412878287590177,-0.00011195609940024525,0.003391261160112631,-0.006693798108668344,0.00048426515193369875,0.004791524653572077,0.0010730823254072352,0.0006213592878029889,0.0038351882041623105,-0.007028252119225678,0.0004011622712079839,0.00809113488064963,0.008983223198499849,-0.007391699675872704,0.006505374201899797,0.010784981757734433,0.016875184075986305,0.0002444232745477497,0.01290864783385369,0.010525433684520871,-0.0007777403676449106,-0.008526705195367986,0.007765052844550563,0.016449661265358052,-0.007588060893643329,-0.005202020362214986,-0.008823483088543365,0.012255603819621116,0.001365394509892079,-0.004845725099682959,-0.00010997517244447952,0.008026062156072341,-0.004140647178458904,0.002106343835507087,-0.0009555728299289897,-0.00213177201349725,-0.011063414322196263,-0.006714064305447577,0.007737276882087621,0.00038479292386197,-0.011123299542076725,-0.007166473862332517,0.008211232750123455
26,0.017550108479476016,0.07499384647275696,-0.0018292132604825714,-0.015887599040044654,0.004802182989670199,-0.0005563501536983052,0.006204973281704367,-0.00018503171021068117,0.021071651917161923,-0.008984464397892033,0.005693630449887368,0.011023559333509816,-0.007877319852964831,0.018512316820062175,-0.00047135265264847023,-0.013914513605134581,0.015581034087959918,-0.00256124541300179,0.002343348114451805,-0.008165664506428784,0.0014813632833277283,-0.0017057582879673992,0.0017483458228982217,0.0021119298453375116,-0.003713996996786664,-0.0009194930805570208,0.000408644388737094,0.0010685458125666318,-0.0026865633590132647,-0.00045214336776671054,0.0011329727172325998,0.0031191244005808047,-0.0026469771143276667,0.006535365463885036,-0.01205166810982046,0.00946132634831884,0.0029159806844333124,0.0024890576008918057,0.005045468100273908,0.00866596867206358,0.006416166772148307,0.006759239251671712,0.0027658441104830363,-0.002251849420663393,0.004768276556965599,-0.001181823312199449,0.007159444786090106,0.007934227866640636,0.006141336338190036,-0.0006053725508545624,0.008669038240229333,-0.016081803235510787,-0.006111212309664847,-0.009568192490878306,0.0074550838006041155,0.008236387106079712,0.012649617240174733,0.005564310630470932,-0.007650163129007021,0.009006388305824583,-0.0038340548193036565,-0.003674834556221062,0.00036987164110983343,0.0005469860171185235,0.018326006841230338,-0.003793932681191378,-0.0031940268486399482,-0.0017633834915318683,-0.008811717452565013,-0.008815697414093484,-0.00771461979733191,-0.0037794091326931382,0.00410977503325907,0.018440867423255868,-0.017775596716297262,-0.01256175410346585,-0.009702235132002232,-0.014654550849193579,-0.005703435627206559,-0.021685259944690494,-0.0025710529625551327,0.01290096008567814,0.007702272763420481,-0.00832255949671433,-0.0004908596810083601,0.012920166344449395,0.001530671331977713,0.0038723853735686364,0.006394359740648802,-0.005227569515048198,0.007633028668492136,-0.0112737875177614,-0.015159418304330813,-0.020275993435957304,0.007200904342947098,-0.004141472585185742,0.005854218669530214,-0.0009504758062498849,-0.01652575054380362,-0.0065230675226660454
27,0.013449114054680553,0.07159470982290161,-0.0026645811487147415,-0.021746558310747652,0.0036167477391306517,-0.0006314962420027943,-0.0006945186343115038,-0.00046665209752893763,0.017478456066112643,-0.006102135130092859,-0.009078498230442583,0.0029102117043461233,-0.002764767266620791,0.017364017239307066,-0.0019480523282788414,-0.007776733798220775,0.016833400627574047,0.0004696995754502863,0.002241351988868092,-0.004296754947269352,0.00033890292217576574,-0.0003066820733933415,9.137371587371742e-05,0.00407679243684895,-0.002487871348599538,-0.0025752637295319066,0.0016598841270992707,-0.0003434020646435715,-0.005200684145992218,-0.0004396138053808866,0.0020305549554914463,-0.0008229851397535952,0.0018356712638214721,0.0009035743377684897,-0.0003929678170993169,0.011115894319369036,0.006261388564761308,-0.005806794917944067,0.004640054516801256,-1.440575766641737e-05,0.009750263497264697,0.005393862135034754,0.004300762491884153,-0.0038862663840140196,0.002926070630440983,0.0011950288053193662,0.003598880848910954,0.0023553391150954437,0.004891208993952219,0.001961262441666138,0.006503487045634985,-0.0011392604524564378,-0.00705052356111712,0.003921832755181122,-0.005335905247202337,-0.003318675316503,-0.0014201122613932205,0.0010932828839777258,0.012215400125088581,0.002401397087375833,0.00551047659356083,0.00533229226518733,-0.0003222335605070448,0.00302686266445592,-0.0015387522205676104,-0.006508476386941506,-0.003470753056552922,0.0029759489082850457,-0.001989139616326021,-0.0019234724328109347,-0.00024142791259286928,0.0052618598494538074,0.002908437805746516,-0.0062735248514373875,0.005195580160003255,0.0010151351481122014,-0.00038764110315937686,-0.0004192978724905679,-0.003577065887012333,0.0012979279908424384,-0.0015471426599858087,0.003730657589511528,0.005441434674947196,-0.00013703025785466276,0.0019446732273207495,-0.002109756370348378,-0.0024602700039279258,0.0005751600451954732,3.893858876824549e-05,-0.006257059792267239,0.0005143840605698034,0.010082669875642726,0.0031634479839131825,0.003568205517598497,0.0018925481579614221,-0.004010184870165331,0.0009100344806785266,-0.004707254194712807,0.01369872323298521,0.0023077628489647987
28,0.014915611167483765,0.07506226564700723,-0.0029095033526444886,-0.016950810826914547,0.0003279764641323911,0.0012063719872677618,-0.0064068312928462915,-0.0008701994715488189,0.01191708250932892,-0.004927552882400228,-0.01192590638227064,0.004125790380952211,-0.005891114316129134,0.02621655117726359,-0.0037290236811634426,-0.010486374994432113,0.027069138222301982,-0.0013672655896812963,0.00591441755157533,-0.013444373599322932,0.001995474369331857,-0.003051591770235634,0.0028180378725252303,0.004773208214659133,-0.00413384361250036,2.1814917732553287e-05,-4.0492614625437755e-05,0.002780153120290373,-0.0018027468616456834,-0.0038760051531983313,0.005119783969327754,0.0030173613993515146,0.005830673210794312,0.010788554899804924,-0.02244866725663164,0.011561145987384435,0.010123382545732595,-0.006112475654597692,0.009525013636253998,-0.004028363109853209,0.0218016653209338,-0.006000919857136514,0.019900611754249342,-0.001385166527417925,0.018421450986134822,0.0065697752865865825,0.0005402092042633239,0.018655809487514507,0.02244652310227135,0.009856301160997664,-0.0017781943069030877,-0.0071830482742577815,-0.013027630523403803,0.013654787473523985,-0.011676923858321381,-0.005546081696556395,-0.006196799019389521,0.009518522549429798,0.020030414710428355,-0.008863844001176284,-0.012069147952683195,0.020844741517230505,-0.012911261807276671,-0.00014736871958211545,-0.010758158071016526,-0.008635750831516072,-0.010839262335477095,0.01383800497094653,0.00404072587979781,0.010139357737320246,0.00628154515101591,0.007687411119752308,-0.00010338126551714936,-0.006562650773588933,-0.0012542875596341285,0.0027831205078965213,0.0025340238634084097,0.01853503749240771,-0.0051017198353403275,0.00019016441628862607,-0.005913706513254847,-0.004618319736746322,-0.0025251161908826916,-0.003500289150219295,0.01040785405775057,0.0013449393906021022,-0.0027418978817472938,-0.0073648251574806945,-0.002805618781032957,0.00832215835959733,-0.002391309419922462,-0.004846841799321292,-0.0033286732934088075,7.54564592882115e-05,-0.001436725924656502,-0.0025588094398124313,0.015939605260621253,0.003783471294781937,-0.00025591885629310825,-0.010439906784155482
29,0.013790437245198121,0.06974347298250708,-0.002206269944479038,-0.017540153655642276,0.0035978703543966873,0.0005441356160230536,-0.00039227186965210876,-0.0019050207429105906,0.014213351459475209,-0.008051983051995898,-0.0077623036381999425,0.0021248780134212903,-0.0040953203804582,0.02177870685738863,0.0006017517383290476,-0.008130286508202684,0.017768089732846038,0.0008390751917925788,0.004377816685323019,-0.008195083938394018,-0.00025962137024768356,-0.001006491318951256,-0.002454305797183463,0.0024951139770157957,-0.0032426054552601217,-0.0011224953300036427,0.0012092998891009444,-0.0004726556484370624,-0.0025964463540187727,-0.0013966616866406007,0.00037555575095754915,0.0009213039795880867,0.004108148447823613,-0.006305019611154338,-0.008261330616815155,0.005003134038764568,0.00883132155008174,-0.002288347778637454,0.004015178067984123,0.0006008887628406006,0.0038238885448278995,-0.008332081217288961,0.015032344972839017,-0.003362594054663002,0.005826045560205955,-0.003775026338013412,-0.009137343017506643,0.005639412020524527,0.004362250754104164,0.006706057583481522,-0.0034622056396549587,-0.012279427468710887,-0.0114695719407676,-0.006337071664945697,-0.008946411118954544,-0.001903182212931147,-0.011799714849906698,-0.0023776267429323522,0.004133989768371894,-0.0075530627382815385,-0.00717703458853035,0.010668995310736657,-0.01190841022143655,-0.008508235730786226,0.0027592559698763554,0.0009848851795676368,-0.0068684691227088885,0.01055228386517129,-0.003979296891159604,-0.003007973780570008,0.000154219073832739,-0.0038693002650750765,-0.00043134430769890657,-0.0074457822179383815,0.008885742286588371,0.01056477770325052,0.0007727920388114665,-0.00961312257719772,0.004344701108494054,0.007473238014117146,0.003431693832396138,0.0011266945899318774,-0.0028463220695841567,-0.0017155384340343358,-0.009268693455218845,-0.00568736623348056,0.004657380447954439,-0.004626825136662467,-0.007310911551099761,-5.662791774442005e-05,-0.002559392344203438,-0.011337790520910763,0.00033531213059724525,-0.0050401713341488895,0.008559882164335295,0.0025186405332003193,-0.005745524856799908,0.016014173038947428,0.0030959399105350647,0.007212613658205994
30,0.013732763450322032,0.07505377085908527,-0.0025807133489840887,-0.015320086136685692,0.0024520425130248,-0.0013824336991189211,-0.0003576848825838057,-0.0031671756188162725,0.02727309219878685,-0.01031853806611637,-0.01522049306894536,-0.0027912383957820856,0.00039470202293021586,0.02511026216884235,-0.0003257626589488166,-0.00851223291889435,0.01931984511244414,0.0005370106850616561,0.002129106971160294,-0.010948607663997051,0.003470468182325163,-0.0025098454409969127,0.0016980582813375508,0.002983303492779665,-0.0011224259508975838,0.000688369720892752,-0.00045537281846473355,-0.0004542526225729512,-0.000496195423578267,-0.0005338191286062022,-0.00445828236454677,-0.002085304080605778,-0.007120199928165417,0.011354163018789025,-0.002720608226422512,0.018058441205015336,0.0008913649119467662,-0.014858724802572167,0.008769715481348096,-0.0027195345877174073,0.02286641874511117,0.007009134232343422,-0.0036677388214881364,0.003972488293836078,0.001341890984898374,0.005114043729378164,-0.0020013502876267877,0.015265995793978299,0.024619180384718272,0.00977430040242332,0.01246913824040276,0.0017422461162356505,-0.015419058988927124,0.008146249681302387,-0.01775056768826295,0.004934862539912967,-0.001101876045516932,-0.002676432023344419,0.019742625388201384,-0.0009097827468781773,0.006284147829726426,0.005357282820132908,-0.001274718436659697,-0.0012262192130675165,0.003304579878175239,-0.007590884663078178,-0.006183851326108744,0.01337181052794016,-0.007207407919204311,0.013784971756888559,0.01747042553198787,-0.0192784656568512,0.0022881192764962386,-0.0050439756405961465,0.002605572706487744,0.0002892164241867743,-0.003484447673883166,-0.0059513854873202935,-0.0006788844683368829,-0.01147537544249861,-0.012292477423219874,-0.001106447730877331,-0.0048516033079215115,0.004813867581780621,0.00593895774244387,-0.012368026837347241,0.003079688871500144,0.003980245098264998,0.0033643922527292897,-0.006479039320774269,0.005103963032522446,0.007519801907806336,0.003945309481951178,0.00031542284852548375,-0.00540101830252822,0.008959682701912011,-0.015612075098411267,0.0050556436920206355,-0.0006825195815766732,0.00835572998954668
31,0.015105351122375443,0.07892883558838235,-0.001751762838787179,-0.01508730088775271,0.007834671799587868,0.00026107230344444855,0.011744473453031333,-0.00027722763970396716,0.01940945818300605,-0.010269017791091793,-0.0003570538971769105,0.0058562871921494924,-0.002698952267589558,0.016585386858169373,0.0024247741132844797,-0.0017814928781276973,0.015402019880305616,0.000482047679403016,0.00153744146798977,0.009419747993506764,0.00029871408741377717,-0.0004160678265533163,-0.002793076763399509,0.0005122349269548055,0.003507146411230213,-0.0019295522012316105,0.0010832154449054868,-0.00248419282908149,-0.0015807770556278042,1.266838161051648e-07,-0.002749605762225328,0.0004984806565621431,-0.004400435422315466,0.002273997153657045,0.0040299481194638375,0.010731987448340446,0.012112293952476316,-0.0033455173485161284,0.011394811134172522,-0.004061363352505761,-0.0027801419824871713,0.004020429944878418,-0.008095996475816443,0.01308438838448264,-0.0012748304597801489,0.007972403650860653,-0.0013169212612064174,0.005028966054643714,0.0016243596224657388,-0.01002643813342837,0.007396306951333912,0.005040634292001824,-0.0038589644278887447,-0.004771477486735844,-0.01129321776476842,0.011166700081622136,0.012461392138345018,-0.0021998743675061758,-0.010750964779298856,-0.007275898809259752,0.005690780234204343,-0.0013893293186140105,0.0007288261629197261,-0.009761704344901919,-0.004107015884387245,0.0015443645623988925,0.0025350039438650955,-0.004502014149379538,0.00447226678579602,0.00964471545726528,-0.004243961899025735,0.0006634610783394249,-0.008083754477543515,-0.0016107416180139397,-0.012516657084490039,0.0020716610616953236,-0.004240363953306993,0.011415737947680518,0.013132144364998296,-0.0036142689404934964,0.011961919193624167,0.0046374047913000415,0.001966854896164445,0.006500877146244016,-0.008994993770750925,0.0017508317981341612,0.004350930073466213,-0.0041942870319704745,-0.0029062403821519703,-0.0050061168958615895,0.007781858769272571,0.009536911744207443,0.00786944689659766,-0.006446733947880179,-0.0026067372720146153,0.013346081833799546,-0.017780888569145236,0.005974409395153037,0.002003050066135238,0.000935307641737646
32,0.01648891259318354,0.07606186829866086,-0.0025945805149669723,-0.01839505586993018,0.006949166177792783,0.00024295095608084307,0.007512766671992981,-0.0031809552338843143,0.0243381222923142,-0.011221004472301377,0.00019692952139710603,0.0046435715278628,-0.006545749527235088,0.019224880752196558,-0.0005276262591028581,-0.0069324456514779495,0.018685860158145138,-0.0006116957418743745,0.002271880657086561,-0.003752800835149812,-0.0003089838711802078,-0.0009789498171402142,-0.0017214771821595655,0.0015818892566187143,0.002257188414743146,-0.0006217310811726552,0.002581980179644605,-0.002247334592909852,-0.002970371346319222,0.0008602396503333051,-0.00031588377985522416,-0.004949824445537805,-0.008422448514836397,0.0045884543793904345,0.011417689406257746,0.006241166467151357,0.007650561705845366,-0.011748993814537572,0.007394652155763375,-0.001835259201162483,0.0061521061151081,0.0021538743178098666,-0.006156983552111563,0.005086838146360544,-0.0025752092986236663,0.0036875690294905085,-0.011514424233484885,0.012540928458428259,0.004156785601389267,-0.003909266218972486,0.005762887741520737,0.0059629058776855095,0.006464584596094407,-0.01117007501856833,-0.0058329558445229975,0.014269477024768506,0.012844539808708932,0.0049266880168062745,0.00473592188507511,-0.011487606546533973,0.0029564546565406247,0.000942173083323345,-0.00133036209525993,-0.003811292371493681,0.011438951410211803,-0.0019320725755432287,0.00966804290907113,0.0018894163745921486,0.01116018003580107,-0.008912753079907505,0.002166693529177712,0.0034762765661926175,-0.003705416599260339,-0.002361048346999598,-0.005292110001620924,0.0015164778852292645,-0.015396054779148134,0.006283637353005951,-0.017233443276222456,-1.6889480973917236e-05,0.00849372903686522,0.002612402909154805,0.0072368585214512456,-0.001598993432794839,-0.00427889962013699,-0.005584106907351518,-0.0041083799564454885,-1.1421612449059672e-06,0.0014013078405089839,0.016102679934845744,0.0011637832384527335,0.005040606133822905,0.016594539305656814,-0.0017798245247355757,-0.005050445571346499,0.00048075965402213943,-0.009236852852843064,-0.001269470508101323,0.004041528219179111,-0.00286416132345624
33,0.01498169390442932,0.07502692265701406,-0.0027007724113693823,-0.021573081562333483,0.005673218600666231,0.00010931568399476822,0.002128857723452475,-0.0025984746941966294,0.020420183759807087,-0.010737716898033395,-0.0069062919418904885,0.004624824386465228,-0.005291220845630718,0.024205157529895712,-0.003955853479089994,-0.005736228546356462,0.02885089118841944,0.0007288742989711023,0.0038474383545703686,-0.00927896525768238,-0.0008368563055152133,0.0007518783887491893,0.001206486677799578,0.0037865803302994214,0.002332849451146027,-0.004153117383799759,0.004003391559484267,-0.002402360840615289,-0.007150032290289021,0.0002490157437976572,0.004191006219394401,0.0003751895694045907,0.0004450452902795706,-0.0021272126745038567,-0.0026583827923983504,0.01124832050117699,0.007283446892276612,-0.0052412068796025,0.007900541946959059,-0.0004159747882749924,0.003418079520383589,-0.003527239183757784,-0.003698257523303147,-0.00245479421058277,-0.0016312319146975266,0.004203215599234927,-0.005061654852375308,0.006388474489717779,-0.0013994771042825124,0.0033975863270221634,-0.006584552389229743,0.004276886855472155,-0.003297633575183612,-0.020396829399326626,0.008813304454057175,0.007344719504358328,0.0006408949401854573,-0.020985149263437298,0.0047440800744323885,0.001958565270088356,-0.0008038471381853514,-0.0009585134256443399,-0.014894506845212903,0.0018291644613709374,0.009047920006301701,-0.00834311572207767,0.004464071431071685,-0.0084348249866967,0.0005732643323829842,-0.011952757668065264,-0.007165571730944819,-0.01287103375965074,-0.01381546027770134,0.025928624562190097,-0.0058708075177129025,0.017497013408857974,0.0033900013025859282,0.010739769365339746,-0.01682433770890973,0.0023662400822067687,0.01907406576099323,-0.0038085013511318737,0.013235526327221702,0.015131450223890305,-0.007034355821342907,-0.011519957051619107,-0.010511994618639824,0.01884916555888953,-0.005124050958661866,0.0023504534860538046,-0.015426824208464196,0.005083582641974644,-0.014187433942360807,0.009888151272877049,-0.0022248394571831973,-0.01728673131662782,-0.004104549927019575,-0.0017715296182122884,0.0016751451690630722,0.0029028646037036377
34,0.016093984176848663,0.07756238774758192,-0.002406919665789411,-0.014615386350665284,0.002053876036310212,0.00039382305585475687,-0.0031825293114332875,-0.0019506390611528383,0.012337851634150318,-0.006876919315360147,-0.009166763994011467,0.003116206210654107,-0.00504284591285987,0.02128063295996009,-0.0013498977743250469,-0.006393160094656774,0.020978941503863653,-9.429641926667236e-05,0.004549857429436582,-0.01203718482526645,0.0010153474257504544,-0.00220729277667675,0.000583632035017105,0.001975949612048924,-0.002444707639651102,0.0009229677227437103,-0.0006118414717880805,-8.69199654543425e-05,0.0007215947821220076,-0.0023479499887156755,-0.0010229574382766059,0.003560780662963333,0.0037678965006836067,0.0029265506363995706,-0.01029778055684909,0.001375287301778712,-0.003264658281790813,0.002606986196414049,0.007629542106215189,-0.000729817905890413,0.0037900565904234727,0.001553961612194387,-0.006033066008514988,0.005530744620129894,0.0044185787761040485,0.0005770450560926585,-0.00292868995263798,0.005305722380899454,9.921649727725547e-05,0.003710997458173191,0.003440777873322748,-0.007969552164502186,-0.005854917288921806,-0.002643837459555166,0.012643171570817855,0.0035013625974255834,0.0025938263366735133,-0.0036622988249553857,-0.005602602519762238,0.00462023131018813,-0.0034877676917012997,0.0011936905682596438,0.0011565309474465021,-0.0006684650606635571,-0.003851226419634083,0.005533667067539688,-0.002485647329377593,-0.006376209913358967,-0.009902499872138053,0.007791295428876552,-0.0013271095225872625,0.0068855114190250555,0.005739583146675863,0.010068388637946454,-0.003486071671369536,0.007374771534220168,0.0001478659392479926,0.0030613775649836897,0.0034251257160699657,0.01038729193761426,0.014168678440163637,-0.00730163852602531,-0.0013774741673191978,-0.008784260987355788,0.00026251402920282634,0.0004088513226502588,0.002428514967845374,0.00317862613004992,0.01050834872625257,-0.001576291089137303,0.0047784264486085545,-0.0002884141130453811,0.00020213676761050254,-0.0025261779284174763,0.006093449782621844,0.005006510995038874,-0.0036897348254880937,0.0015331988031544559,0.003885742062514083,0.0019770001584568523
35,0.012200128213992129,0.0665688068714315,-0.0024444171161483725,-0.016546035481393318,0.001753076020731451,0.000618741635683665,0.0018954352511692187,-0.0004202160183123068,0.010671449857781224,-0.004341711788212947,-0.0071761798820403596,0.001218785792586003,-0.002695600873638323,0.0137444960230946,-0.003516589263123392,-0.0002758947059866069,0.014249094425647544,0.0008153761631029138,0.0026861421539497114,-0.006632120431975546,-0.0016719637122617663,0.0006808652699282397,-0.0028998026690696954,0.000967752400331828,0.003105255970165392,-0.0003837108935225485,-0.0014450243459817348,-0.003149138572542872,0.0013737048602342505,-0.004196781417733352,-0.00011115562887457035,0.0011976097538822015,0.00908191583866318,-0.0008506039378982675,-0.006739256821193776,0.007819816867973367,-0.00210897376622657,0.0006634093263615505,0.008221815370578839,0.0011701094063807217,-0.004205550477638545,0.011952800731087669,-0.01154025605650292,0.01667014478314975,0.0060176488460262105,0.011692023457528051,-0.0108726883422237,-0.0006496322108796717,0.009418473842239306,0.005067352994223592,-0.004285573250103466,-0.0005045565487067836,-0.008284278077240225,-0.0026035169910875312,-0.0022433648715765955,-0.005070726396810116,0.005230804417140017,-0.008344460685349919,0.0005632224988772142,-0.0003196754828999903,0.0006654863116410037,0.0024936329791188736,-0.008890177019792386,0.007391030530278275,-0.008201229229165165,0.0007747772888916818,0.004521190824017466,-0.016543288802745137,-0.00959560434041698,0.007891145174712278,-0.0007637658935740285,0.0018528460576617114,0.00957472556950871,0.012032151355193369,0.0014086913623602764,0.005841711710633197,-0.00552176479143422,0.005528043630718369,0.0077031009638372575,0.0032481360806463776,0.0019505677723599048,0.0054206763511809655,0.009512046523459713,-0.012933919975689746,0.009043491541258887,0.00330511201269217,0.0036274574929374497,-0.0062217517634006675,0.00019254600832118685,-0.0012907484001373438,-0.0062985347567297316,0.0007926670017280937,-0.010017702390592294,0.007881412889417589,0.0006656750635045299,0.012349100269978607,-1.5114032289058242e-05,0.007527966734988546,0.0028600404299160037,-0.008135736989440229
36,0.016683315343585383,0.08093094919329274,-0.0019002755884069068,-0.021482269248062073,0.0045425983216931445,-0.0007848262228466908,0.0011980053090973775,-0.0034548570867760746,0.02083020693924784,-0.010503485212026535,-0.006919464889092948,0.003225372377841077,-0.0047943425209984476,0.020920352677768272,-0.00214510553803666,-0.005233380814967234,0.020525540824397306,0.0014887986616683197,0.0030443718750259407,-0.007948950868288764,0.00028170835712612173,0.0005744448647055959,-0.004176227258381516,-0.00011008898526016412,0.0026102318641648536,-0.0022374349903599997,-0.0013333452538921839,-0.002172131656563787,-0.000551407148184414,-0.0017689117270979614,-3.447601378381289e-05,-0.003565337162085277,-0.0006888157108841215,-0.007219151429524637,0.003923771442111908,0.009714155398122794,0.0013625386371881902,-0.000716321940055126,0.013127164928775211,0.0060080779670561146,-0.004153148707827083,-0.0026701671653554583,-0.01585452440763731,0.010166763637596256,-0.00040963718149878835,0.007685490741889321,-0.0013860543044155742,0.0030271737365765525,0.0033212914091629592,0.007053290178351679,0.004072086482851767,0.0029384151806900465,-0.002253054151380515,-0.00910880362528348,0.010579454284703605,0.0004884780809344567,-0.00408222772895215,-0.006111914608932325,-5.151555601023467e-05,0.00575044726947264,0.016441066328481246,-0.0046772539331845055,-0.00758537355220467,0.0002568922284935254,0.0022956412195742574,0.00020747736632428402,0.0009555523268448558,-0.01578883328605856,0.0011770775138971628,-0.012649828709426783,0.0004314643949213429,0.0020903641844446496,0.0018683520828544757,-0.0085828923506525,-0.003854182235382825,0.010419466027718092,-0.00021809146600580885,0.0035428824087865712,0.0025756536431262803,0.015795809322520848,-0.00226002053746642,0.01186428943363169,-0.006951520291216551,-0.0017507184361985626,0.00547905852429194,0.014914104256435193,0.005653053044636904,-0.009056207573038247,0.00903926880908131,-0.012477556701068388,-0.01483340718778741,0.008058508794679325,0.009539257594998565,0.004988744435787394,9.513493536891726e-05,0.00814788968554332,0.0039431352601339955,0.006109600504365604,0.005341595813050666,-0.0037695978358464667
37,0.020583848472411362,0.08081708384905986,-0.0020098930248370417,-0.013829147598839287,0.006310738827733651,-0.0010865146904082033,0.0015215640082929542,-0.003384608421145342,0.02040773060048421,-0.012114471181606983,-0.0058968366544845125,0.0009704730215263369,-0.0035789862168790552,0.02383283072542543,-0.0014481125064481266,-0.012057208780068721,0.028647813448388206,0.0014797787152002553,0.004608659932458452,-0.008324913929305226,0.0015614187540262483,0.0015780070688123215,-0.005353379342993299,-0.0015788509435182164,-0.005905978980572729,0.002387141739921946,0.00022059529456276242,-0.0007270213830494641,-0.0028299612785688557,-0.002338086891544079,0.003774647361248299,0.0036941709610996474,-0.0020442591725618594,-0.012892732195292444,0.006186812803534057,-0.0012332804966600822,-0.0019431489936131497,0.000262383951453021,0.016170096876516122,-0.008056998319650505,-0.016206012647022146,-0.006070240588941741,-0.0056808714121650465,0.00808414998078609,-0.008542651950714143,-0.015274755027805622,-0.014769176595181906,0.004803660101129585,-0.011120402067057767,0.007150384965420218,-0.00879242784397449,-0.009441012334788107,0.006006990415112928,-0.021328568559322497,-0.009757196629396156,-0.008198336250081388,0.00855119185489893,-0.015109997649378261,0.016441823218721865,-0.011994294025340243,0.006605930979963016,0.006672999404633139,0.01053274203679948,-0.020128545327701506,-0.0015257957707312574,0.02794029880733363,-0.01199244437020163,-0.005458334440137184,-0.01066725689203603,-0.002008709101595854,0.0017066238309363772,0.012045141737442748,-0.011740380470702555,-0.012480872515591601,0.008521665838042963,-0.0075409184547841936,-0.006038864029146956,0.005491484156210402,-0.023219413942278094,-0.009123191207239806,0.0025430524787795968,-0.0073417624417923015,0.004736294459932952,-0.010270700041897342,0.0018625747980207542,0.001739960669459535,0.008515453415591876,-0.0005210497065717953,0.008486838232894024,-0.004112679343476025,0.01271849547231496,-0.01598854870352665,-0.004564822379821988,0.010497135084423188,0.0008477294699759795,-0.0012298571871900226,0.006986413554753247,-0.002065822904326489,-0.013233884166013217,0.010107533369479369
38,0.015742200368455923,0.07275500553076679,-0.0014784416132168484,-0.01012371644260231,0.005375751434874896,0.0005616029943048525,0.005086704924133112,-0.0020199011161172783,0.013092641684955456,-0.009340114070270253,-0.005122177033504173,0.003868022724118605,-0.0045283518635548005,0.020446404653705976,0.0013716504998659202,-0.004308877796789963,0.01745583850404856,0.002400403666459365,0.003987806803285128,-0.0031031338549130138,0.001962847256983709,-0.0018303730627926916,-0.0034466190568914197,-0.0013552276494537057,0.00032068971019235575,0.0001769028875298191,-0.0006306269745949305,0.00012909799868777492,0.0011111287926371559,0.0002020822074479231,-0.003521656715281129,0.0016857689317833517,-0.005461374226408438,-0.005306106795851304,0.0035138375669056944,0.0011776493953730453,1.8352035421547087e-05,-0.006396980129860315,0.011084487327314553,0.0005883257277718436,-0.012466968836670783,-0.010164553719491631,-0.0034381958244842493,0.008486639919611173,0.0037732112834509635,0.0018549522621101426,-0.00820459453540153,0.0024190549346889013,0.007713657304282216,-0.0008672397874506312,-0.00148567003844184,0.0004991851340904263,0.0003388000444924235,-0.0019605607276525824,-0.001001312692189523,0.0012908109478912341,0.0022256296146855605,-0.0013566174212226063,-0.003999692535951583,-0.010575237326719979,0.007456241326862571,-0.002294729244925241,0.0017924055222420655,-0.0032790544871198176,-0.0055576693591544565,0.0016590810745509491,-0.0009602297990252062,-0.010227236091637483,-0.006897551814743702,-0.010612246324481482,0.0060691659767575425,0.006230773254351844,-0.0004319119118703096,-0.0054537193276945955,-0.016579648967909595,0.009714937697004149,0.01105318837512162,0.00139075794851704,-0.006416324865225559,0.014536228577430407,-0.0029909158119137596,-0.007662694067762533,-0.014526547945987353,0.0023841451489598825,0.002792181806032727,-0.005462434641553992,0.0016989591319288015,0.005330512710233318,0.005105225537239579,-0.008688852648483987,-0.0010470270052598772,0.0028215321867197654,0.008183149086980625,-0.007003688331232398,-0.0021806207609679075,0.0026796759937138966,0.0030715411639703647,0.003379980811868593,-0.004101204459800099,-0.013003121207194338
39,0.015305566685942427,0.07956106960807256,-0.0017046571771873432,-0.014057598416841182,0.00011427233869180834,0.00025617735733537853,-0.002701129926332016,-0.006047654960564726,0.014256149347493773,-0.010215154157728898,-0.016112472170563556,-0.0022874726706318235,-0.005614027350019926,0.027604443187473796,-0.0028525413975801555,-0.004452812483835588,0.017377800455417317,-0.0006770073213481566,0.004773766156844815,-0.015720687313711124,0.0023835134990488286,-0.002475019550899968,-0.005154147434649928,-0.0003324299777205672,-0.0005529094337279972,0.002406550735640415,-0.002074446340242034,-0.001965995426896636,0.00012945738521765495,0.0004777764936873484,-0.0035434985606445156,-0.0026462602731192014,0.0012000688498117525,-0.004611625148435807,-0.00791974848081838,-0.0025452498518350303,-0.026527499886607946,-0.022152460244898007,0.013565336775590431,-0.0049637082286057,-0.008332065382070904,-0.0026037281220002376,-0.014174929131211761,0.027026827500890936,0.032518491130103626,0.03613539014559172,-0.03236415209086358,0.004608502145876777,0.02040567692495789,-0.013512728130511572,-0.0024096381286998216,0.005036198211281319,0.015173601842619809,0.002629384987890095,0.024932795460463866,-0.023128094241411996,-0.004793538685103031,-0.004278185955421546,-0.012063735387955146,0.006211978265437085,-0.014196750486864869,-0.0026681193247549413,0.005740307794916818,0.01800475252089088,0.001072486264074419,0.01021179241981716,0.017621478397977366,-0.000932706231745183,-0.0005242083072286372,-0.004556966540801074,-0.010860158851144932,0.00867430867856582,0.011454546148430748,-0.005391986155973298,0.0019314378004653928,-0.014364643677658427,0.0018938903945704907,-0.011317000898057969,-0.0024862011623425317,-0.004345086968672291,-0.011909244339506133,0.0025340532032945054,0.004264452803116779,0.0050195325674701,-0.0020113891932689843,-0.013424961016177047,0.0038710461877429574,-0.000345034499834242,-0.012876395365932646,0.000948916445407805,-0.005616294700367941,-0.002187035448223579,-0.00015913335345445445,-0.0031510323823713067,0.0019284462077827755,-0.003132245714648868,-0.0006229209011474957,-0.0013264635279011882,-0.0020334727662966044,0.003796412056639155
40,0.016115129053884188,0.07651686429490473,-0.002005925344646555,-0.015473963102652241,0.002192846310655418,0.0005918868820960298,-0.0018870808363868018,-0.005078688733874764,0.015690546559238534,-0.011143793553840854,-0.010407259125245238,0.0011581652822951639,-0.006912520955608224,0.0245343713544517,-0.0005014499360548801,-0.008078438410300459,0.015749928640952014,-0.00023434778719428747,0.004309574194288201,-0.00931574990740414,-0.0015491458729265087,-0.0019414529141967693,-0.006330548720058332,-0.0003702552463637809,-0.0027081613787926905,0.0012636848296471634,-0.0023680731062028877,0.0006587502969585901,-0.008952199100980282,0.0012354521261213525,0.004783289987983367,0.0015707932764353774,0.004320136236020478,-0.011612797293798265,-0.005190757977780618,-0.01385838806780997,-0.012846119231290023,-0.0040557317628050074,0.002555686786990935,-0.0074674409875959925,-0.022881176602872103,-0.004083979573394672,-0.011881249017537438,0.0053580546078611,0.01574428156550607,0.0027458894697268165,0.003143484822314239,0.0009289762637696876,-0.00359713436297925,-0.014685526204458026,-0.01305111047872465,-0.015596717504624942,-0.0004425605581004994,0.007859360180239966,-0.006988153399807359,-0.020940411969004525,0.017258372212908886,0.016248163608996877,0.009152329034636916,0.002525353405310776,0.0002078558708616021,0.014660852956336203,-0.014226138537105141,-0.01293500410845536,0.025739810365846487,-0.0045712665269477945,0.015456314236183911,0.0036503629613050654,0.018148574784754724,-0.01565897164883199,0.009955029048628052,-0.009281749660863503,-0.0037483254713514998,0.0006052474109891444,0.008885170382167512,0.016162102567306002,0.014959466778510244,-0.004155668936381271,0.0070041127397891395,-0.0001663768600137972,0.008586194781324968,-0.008117652291440137,-0.003569687694137496,0.009881888615834264,0.0078119058483510735,0.02055316521020737,-0.008462710937532876,-0.001340793335781602,0.0016743100921644608,-0.0001892620346530936,0.00669463007652843,0.0054227633583166296,-0.0003891702781055476,0.0008279711040117379,0.006531671069197017,0.0013283060980461409,-0.0017311363287680506,-0.001136072436188157,0.008430766589213825,0.007696652097740412
41,0.020219605370530098,0.07875658806805329,-0.002061008256738295,-0.011177641676565871,0.0028221049541994,-0.001277515225428446,-0.0019000729502988741,0.0008192421021286948,0.015980468784819263,-0.00454355805368672,-0.011263148280557512,0.004362856710610331,-0.005593289388631219,0.024661870955483143,-0.0022535101326809364,-0.008182706305082178,0.01984581886810479,-0.0008242340987203372,0.006385621918501545,-0.008777624917004788,0.0010571121202245409,-0.0011812695083088778,-0.0039165256897249305,0.0012966662080910118,-0.009019614922399147,-0.0008751225855653621,-0.0012225846266899509,0.0014991886923871125,-0.0033991360872748884,0.0019189368905743799,1.9543208595329594e-05,0.004948112352530559,0.0007637853027056955,-0.008454540405632547,-0.009752281883427414,-0.01109773857701159,-0.014926493111586886,-0.0033416216669689735,0.0032343483399761637,-0.006505885188846157,-0.018068485933379296,-0.002807344994638983,-0.00735656006612212,0.007856322806335124,0.012882909852564598,0.0052178584157322894,-0.0054275263837094195,-0.0006107116021532105,0.0006374249253642753,-0.0014441907466008937,-0.002986282787307301,-0.010930259624802437,0.0011895968168871346,0.0017555498444416652,0.0011398814011394109,-0.008477808006176554,0.002597210509690008,0.004899503524509278,0.0024918138068779753,0.006265690093538741,-0.0026730720596053093,0.007119537422559151,0.003013167586871842,-0.007852719627460363,0.006061008342262386,0.009326831041960745,0.0003290878272555625,-0.0018336687788378212,-0.0033287150689276243,-0.00711706984771049,0.002479212821485671,0.0017768711496253553,-0.003995818668529242,-0.0021092968635293597,-0.00030249640048551343,0.0057992264601692675,0.004805398000828571,0.0006225901376867072,0.007241149347949397,-0.0014944985424912972,-0.00042791273880503925,-0.007680864547529804,-0.0033128091852588568,0.0025414761468937523,-0.010192137111969915,0.002049173570315853,0.0012943168808707878,0.0027817594773730495,0.0007293381406888346,0.010003956122254305,0.0036202591808915147,-0.0010644834203244866,-0.00314236555444421,-0.0023754854565463564,0.0026837449374813856,-0.0007240530097895317,0.0006648674445388945,0.0006971640554371903,-0.006745372863680817,-0.004602115921064118
42,0.01408983575238534,0.07086830433226114,-0.0014020901082177134,-0.01404970230902209,0.002651223351359167,-0.0006413421689449541,0.006246552642473153,-0.001358271976389027,0.016869971686013105,-0.007214690098998614,-0.005784044566147033,0.0004376675277700659,-0.001826868235114864,0.019718873597739384,-0.00025832295545302996,-0.0020609620747600753,0.017344168000433008,2.006614470704635e-05,0.002497952212271481,-0.004414084143998776,0.0024368112724782887,0.00022452323753647103,-0.004330860984504033,0.002591121140184024,0.0038148921815287537,-0.004170858276956606,-0.0008095471286029978,-0.0015510363779816104,-0.0026346750437150103,0.005453736156748279,-0.002669186214415489,-0.0008577846680196992,-0.0041051039699344935,-0.007873281795313635,0.010100804560287153,-0.0005616566687174151,-0.0039032759375345442,-0.0006917480799006839,0.008005996642914162,0.005939870272889928,-0.011743729794363233,0.001402517603659097,-0.016382521105135245,0.023574794947289576,-0.006121529194706674,0.00901670239545401,0.003428667491465391,-0.01392501110146238,0.005173540932603544,0.0030402854195187433,-0.006116803670968938,0.003157834741949811,-0.0071678185932936185,0.01602343242591816,-0.0008504923789111942,0.004397271194806101,0.006560636737972591,0.0033538227388401278,-0.006287287743681178,0.0001581160188147439,0.0018503178561564586,-0.004811583041513702,0.006995889538157763,-0.01173068235093163,-0.004648605752589089,0.002010778758808437,-0.012784266878824656,-0.00858738066164401,-0.004448840760908944,0.0037876138523229175,0.005783406182903252,-0.004883102203941778,-0.014065303823369606,-0.008087450393597628,-0.0030477083651286097,0.004232228046196374,0.0038709303620819055,-0.007209955732432416,0.006901101227624186,0.0029065625357860324,-0.0026292801409015082,-0.0042109673723483634,-0.002829230524733137,0.0026720778923162475,-0.006090376679655963,-0.0043180543608710535,-0.007753760601774227,0.0019184607095081318,0.003969913892659821,0.002619913137874556,0.01689203910153858,0.012883196106554964,-0.009445181500360474,-0.013046521528027998,-0.0005610077113914127,-0.003517489135347866,-0.003934831895929305,-0.004346209775020128,-0.00433262652249388,0.001916060911900686
43,0.006203539109481932,0.06621180187288812,-0.003005497052149171,-0.028433834078088024,0.00540755805136681,0.0019952356920606585,0.09346586996832455,0.016387025720511098,0.07166180566200903,-0.04623817669162623,0.0932108267030526,0.04499488557484492,-0.043882567316864435,-0.023409608343537402,-0.05247080619405584,0.25072271088633613,-0.006229303702620307,0.023148277023066297,0.013059458955668214,-0.06478103190761891,0.0024439975602087915,-0.01114219595562449,0.005168696070302648,0.022782991932677712,-0.05652519102746689,-0.003994877323082732,0.0006313797354411053,0.0013091411464585265,0.00023237608882907635,0.00045903755512529456,-0.00092555588655669,0.002352263478136276,0.0026290148651157436,-0.00029653626688537016,-0.00403341747310207,0.0005364335183115477,-0.0016365323083665812,-0.0015181259660522828,-0.00139581190909389,-0.0033617303813342804,0.0004917405357396745,0.00024679344432113466,0.0015746168419621424,-0.00028442803079591257,0.0007450001658398733,-0.0005138414211661775,-0.0009723729049058736,-0.0006848022189693194,-0.00017783178996625955,0.00010091867934474571,-0.00017039656138788343,-0.0004235613245395639,0.00030044040131031865,0.000966130710400203,-0.0009580664861267347,0.000700800126358376,-0.0002568764138971568,-0.000353708058734251,0.0014294820962188455,0.0011997236710914563,-9.775013518746947e-05,-0.0011938935859804062,0.00048796028164370116,-0.0008839945513436301,-0.0008487933126064172,-0.0005207105220264977,0.0004634572648457125,0.0011725834732157893,5.086833879430702e-05,-0.0003722531314122141,0.0011041955172543547,0.0006633262583885611,-0.0004015573079112197,-0.0012570060658863406,0.0011761980255483244,0.00022578594511057644,-0.00014089667440362084,-0.0002522290444896759,4.951378943720086e-05,1.70516282063571e-05,-4.379065143474671e-05,-0.0001587986011426421,-0.0004311535960653694,0.0005514973944682641,-3.798578555858304e-05,-0.00019492693024586233,0.00021323214659700582,0.0005661045665567382,0.00025757403887202577,-0.0006333658810808854,0.000453221511739255,-0.001188163250709378,6.85040388263408e-05,0.0005314261380763615,0.0006425490918907255,2.882697768309433e-06,0.00014694907771314314,-0.000170056976707015,-3.364672744772724e-05,0.0001377766226887111
44,0.013465824789179324,0.06288303813394348,-0.0017730948498573269,-0.023472494140832505,0.005024798123171388,0.0015798616283607732,0.015103956591723826,0.00011151350515886591,0.013798555934182557,-0.010849405761483152,0.008206700063307983,0.006004721584508363,-0.00690939452718759,0.013564985562676452,-0.004841548010381107,0.0048389288242892264,0.014435481396234195,0.003092580905394057,0.003091307118602521,-0.00017159241351786522,-0.0011434448579570383,0.0062025314819509625,-0.0059947054993276265,-0.004072007917973415,0.020846621577968794,-0.007332765132180419,0.0010496602905446487,-0.0010611717900234523,-0.002720613293115935,0.003287845516987833,0.005677460653338513,0.004849936389770357,-0.0057775377735753905,-0.019570700531915914,0.025608796122979432,-0.005943736707797899,0.04337896004273762,0.022338738667833896,0.005675183861229867,0.03501164090030453,-0.023842929336686264,-0.0560439481228549,-0.033347900744992894,0.016030132203448948,0.008161468854489214,0.030314190972582516,0.032607562558251084,-0.007422275714068602,-0.002433673473819322,0.014937565645378422,0.021431765999391738,0.0020719856238501375,0.015140021377765631,-0.018604370341889657,0.0030137468396140006,0.006679998680202578,-0.0022896622453267793,-0.00841816336867128,0.0002181996862833982,-0.0019534590493304003,-0.009302088562731516,0.014335295242019104,0.00778852231397389,0.01216903698126832,-0.0019314098230389053,-0.015700947313260133,-0.007301733771095293,0.01034799516767512,0.0006611188755070884,0.007180069770057548,0.007694542727479385,-0.0014940912758306414,0.003682876373193747,0.003096537795594841,0.012983899544669747,-0.007463796736034096,-0.002294585937587559,0.0032131186741260766,-0.0028236723967219384,-0.0026017859111891538,-0.0042045324250676915,0.0035340717597860264,-0.0035932295794386324,0.001365924761190663,0.004055027300717956,0.0022975592520703705,-0.0017516611727530814,-0.0021153043960351475,-0.003089689761271365,0.004754129267250944,-0.0022368984567987323,-0.002839146845131836,0.0019092735995453669,-0.0016754049244481909,0.005577695253739224,0.0017305252235441913,0.001811615667393181,-0.003080607173259747,0.004786925376830821,0.001586539336823193
45,0.013558788650405697,0.07420056605742445,-0.0027319905118403424,-0.020675959956340667,0.0008191035970897989,0.0003812322393018938,-8.091402333291561e-05,-5.158993042172619e-05,0.01821524638926861,-0.00897598110602801,-0.006400940779984367,0.004986897935768,-0.004043439462917089,0.019359162862354094,-0.0030921931832190754,-0.004755212577918851,0.01807454381636311,0.00034313059553134904,0.003502016889325607,-0.010931351162165542,-0.001877823298881949,0.0010208922755822177,-0.0028887708729474788,0.003296067472820466,0.005214596153043129,-0.0032481224895930774,-0.0016339028793560327,-0.0001787760919729001,0.0006907666473352283,0.003929192799203616,-0.001563889119461392,-0.0036099259143169823,-0.006388366360299676,-0.0036203758984792904,0.022718723073917126,0.001829765772966256,0.020138780735330614,-0.007049635056440312,-0.014234916417263078,0.01257558305871902,0.004046702669252867,-0.01798133942111279,-0.009947979494494977,0.019166246500611925,-0.017722209191281382,0.0013650987827624715,0.0030748306639640332,-0.015918033472809606,-0.004347125316620003,0.004063814893090231,-0.019519010179864325,0.006861224443891154,-0.002884665863192768,0.04154060948082441,-0.00861672900026634,-0.009295498231947918,-0.00918788475302069,0.028116903103965897,0.01900886785374318,-0.005732186010282513,-0.005976927859996339,-0.030156735922139882,-0.019581762209770714,0.0012432460487186302,-0.00958220109516028,0.0013936123992378203,-0.00536770135603,-0.023050887970178822,0.008452298593127119,0.006349416416533264,-0.009694987417923106,-0.00682433885380654,-0.005001535205937875,0.0015539804996382181,-0.013266024493984866,0.0007409854411054938,-0.005399039139450224,0.004359765494748853,-0.0024169636898908973,-0.0039692586899645116,-0.0041547651918992,-0.009806172134444496,0.017045481166407757,-0.00025336817959030396,-0.002433529509293911,0.004568803101326388,-0.00014643633412069683,0.012317754086595384,0.0027180759670578625,0.0002734191516904169,0.0018972795479965904,-0.012765436596638828,-0.0016009408821879589,-0.003971522779058975,0.0062164387543352,-0.0011030413085580616,-0.002275303733117301,-0.004828695688041978,-5.764999611892354e-05,0.006089778100644708
46,0.009582335698599924,0.06411943289353815,-0.0018835207729661259,-0.017157257525335794,0.002780910770409818,0.0009051684530375402,0.008080524770278574,-0.0006268868962663774,0.015723175378149063,-0.010671026540677553,0.0009963967222294185,0.009312868823036871,-0.0078094488259825585,0.018104160911326734,-2.6579264403854304e-05,-0.006000270192427136,0.016831938342832805,0.001390582973743689,0.0034035450629514136,-0.0019974339472276434,-0.0021397565941910115,-5.496561870490214e-05,-0.0032229674953565576,0.0030200812474603994,0.002392042595459353,-0.0040073141093791955,-0.0006761863252852604,-0.0012654227481170388,-0.0023275252082646703,0.0018713383264923672,0.0016466770410998388,0.005245109309288553,-0.0036543374295969996,-0.02003471206691114,0.004592638726940074,-0.005559635592238549,0.01797178062083885,0.0031998476766084555,-0.008297164617280304,0.007059349787093905,-0.006860360521643907,-0.011646838403815534,0.005110208262379694,0.0041896649386178484,0.0019288962045226447,-0.007674394436269261,0.004593142768959585,0.0014150935788458487,0.007566320601911012,-0.014273351938874903,-0.0013775556904445311,0.0003375280557988652,-0.0030157614385699243,-0.005547209055961445,-0.007811182321632143,0.006909405865270542,-0.008673640442184629,0.0029517726038305924,-0.012872171032685852,-0.008724622238937638,0.004254043377515194,0.0011867978191694186,0.005140909775577938,-0.014158368552290143,-0.006039336152889731,0.0169109969529019,-0.0006707226849012353,0.013716288790948612,-0.009341244794147087,0.0069817962087885144,-0.02022695514784688,0.002003277397932032,0.002426136866156394,0.001331814968718483,-0.01416206047241815,-0.0005206141214457681,-0.003660037220991315,-0.003698990844417944,0.0030958368826492573,0.0064186500496769255,-0.0006949514952100297,-0.00921133471622167,0.001443915642329269,-0.006108192327440283,0.015947164615548293,-0.002362763070864913,-0.012409183425815548,0.0009220086238185347,0.013111916349483164,0.01067227047790364,-0.00827893965051892,0.0025819156509677343,0.005686871630695263,0.0016575220913957215,-0.0010092624484711453,0.010293202027379232,-0.002148487760370632,0.003174459840588585,-0.018334131566428675,0.005997351207442778
47,0.013280736387678183,0.07212576480485436,-0.0014455642543917556,-0.016202422932179893,0.003070706340024355,0.0010908312415884678,0.0039532568666951606,-0.003553073541466629,0.011395409054857938,-0.008856539771473796,-0.009295467587582812,0.001003408606664195,-0.002239876335609795,0.017823361053898923,0.00024148092182610376,-0.004701565478405929,0.015439796150793621,2.5906525275288352e-05,0.0020079236826062966,-0.0056482587673889716,-0.0001794141374513299,0.0005553475886591215,-0.004244063039876602,0.003906697585972972,-0.0012987124046183545,-0.004172742166718507,0.002081337366957808,-0.0025700089667313585,-0.00017670921526112475,0.001756362912127174,-0.004748537877468618,0.0011550477341714558,-0.002274735027235323,-0.009806092370225969,0.0044196428926004585,0.006391543815405105,0.0028683388932187947,-0.007104202466711934,-0.006928152781038001,0.0005526875047064922,-0.00435767628004769,0.003399265448741913,-0.0012006199928672123,0.017013932688952023,-0.0017889395737338402,0.00300308076743626,-0.00573803049316937,-0.008490116441326719,-0.0033177225580222807,-0.0014360710833920829,-0.0034301954464448486,-0.00886904748609072,-0.009576057304944539,0.005248660381521559,-0.0006850414152626934,-0.0020500073642790804,0.007626798130712483,-0.0026318460422772526,-0.008084029485940778,-0.0052822438831073215,-0.0015652006446782766,-0.0052856819902426695,0.007059394911854185,0.0009881681928953767,-0.01711919944856513,-0.00016433895108659228,-0.00999242557272136,-0.01336749724351765,0.003073683925785196,0.007767940467115586,-0.013943111602819445,-0.0008584705478403744,-0.004382817399098304,0.004115577771955468,-0.003788350686957727,-0.007677814018310442,0.005812477486285783,-0.0026324491506169944,0.0033144459304274764,-0.009630213050288574,0.0011898867152729804,-0.0023566066117366234,-0.007905916531777786,-0.012988840398232768,0.005477341147407693,-0.0012825373672454602,-0.005980572660899005,-0.015760189335739038,-0.007181192974065936,-0.01421704450486733,0.002918498169962785,0.0036794607688745047,0.006874381036287417,0.0033739212434402226,-0.011793092176291275,-0.024522657883173458,0.001712414746732188,0.007991167418621289,0.01623599075707205,0.009572964397456215
48,0.014130981356669034,0.07129228795811096,-0.0009220685848765447,-0.0168635763590324,0.0004478833968329301,0.0008693543862785827,0.0004102191939253733,-0.0033641186848018087,0.017836960038187775,-0.013476151890890381,-0.0047371273190357464,0.008262221983406379,-0.007949428412372844,0.028789882656887703,-0.00010391961200155286,-0.011472755228400664,0.022446599199884933,0.0005943269493895221,0.006237556472352346,-0.015101536455147679,0.004394319344186964,-0.002705259278583289,-0.005680806768557966,-0.0008048625363812878,-0.004468830763909164,0.0013056893940329693,-0.001744030782890799,-0.002070708198020458,0.004175753850827624,0.006492434440792359,-0.0012702423266278478,-0.006009312462336966,-0.008298397748257887,-0.021373676591217423,0.005155350747915603,0.008099915869764076,-0.002485487609043617,-0.02658648358976503,-0.011679019232946414,0.010827637614894662,-0.01918630528414286,-0.010815543166936753,0.019987203325729508,0.010862518943679443,-0.00028745890250038707,-0.01963655115633176,0.009795983644958981,-0.02195636715744501,-0.01918257391969597,-0.023159968153580627,-0.002195551859913128,0.0005150110263002569,-0.03085109709681272,-0.004425045646292596,0.023813704353144432,0.00833780899875929,0.007908168640143473,0.020249647786331048,0.002244003774703066,0.0022572924079431286,-0.0027580727521720515,0.005184756481827053,0.0025541516540045247,0.0016241817546368909,-0.009481515568863551,-0.007523561084461935,-0.0036559606000975266,0.013942012536286356,0.009485160546406248,-0.009288608445014059,0.004991482121228212,-0.005847521641010544,0.017275424761662286,-0.007268680048027982,-0.004372669008053247,-0.004056454384436754,0.0038079664708740935,0.0009641322504276321,-0.004047335869461246,-0.01703109100008868,0.016037477974782187,0.009782836067015915,-0.013022111215030793,-0.0014534124240225266,0.0027544206442152407,-0.014582921623870815,0.015094225808664437,-0.013025381515801909,0.0031550001342435306,0.011774329059574347,-0.0024896940338769227,0.001800804086051452,-0.0029370880921852655,0.003039400839184701,-0.005079645578265081,-0.0016745352339971012,-0.0030137034910159835,0.0017156994690348457,0.003610870976357814,-0.014660710543342061
49,0.01583104865405988,0.08029386666575167,-0.0018182188201063788,-0.019471015303412255,0.002488454765959212,0.000581925789542872,-0.0015495882267864633,-0.005867882648198739,0.01766042027687191,-0.013909871366500817,-0.014222147834839743,0.0006400882728343137,-0.005576582314942487,0.028073567614801533,-0.0010099345863444336,-0.007839527967146591,0.01957454395272023,0.002662021040213805,0.005217018401154973,-0.01795661846421266,5.842404164423103e-05,-0.0012301164633739235,-0.005137106106036161,0.001399891676880675,-0.004848154028311755,0.0010106833359853913,0.0011188640019399326,-0.0029995403252280704,0.000682106091315301,-0.0005798433620555092,-0.0018319802655767487,0.00060670426619885,-0.0029409239193100914,-0.011281210440272112,0.004874833042590094,0.010861916511584723,-0.000869404380624344,-0.013379260131769922,0.0017939910921179567,0.003642470668508947,-0.001819165040234269,0.004418023525440005,-0.002966298844883811,0.0013257922349117154,-0.01390540002764873,-0.01985349653833529,-0.003076747699716735,0.0024062808573022264,-0.014415575857253553,0.003379920862997515,-0.006766946884107606,0.006128934212944306,-0.006619428775504333,-0.0055926636025296645,0.014259483917528607,0.0061624814511711664,0.013031115093003637,0.0040259326963003675,0.01527457583144618,0.006383927113140239,0.009876113404021471,-0.0012256138057493869,-0.005307284553522139,0.002446401981989059,-0.019629714213217585,-0.006856771576563171,0.010953943296002152,5.293615650581949e-05,-0.0020034074857632153,-0.004432198547668496,0.010942909072302411,-0.010186248668756285,-0.0007033184776639768,0.03497033188368401,0.004757056073033576,-0.017549811153057128,0.010359330175185229,-0.007501318403927904,-0.01319646478647753,0.012083214151013488,-0.028423182002730255,-0.014730482562422525,-0.006162380810599429,-0.0033160050545704214,-0.00632289132699957,0.004362710055508802,-0.005678741265618956,-0.013017915414531253,-0.009483537034615932,0.0024421155250840343,0.004319783631478295,0.004443042433093503,-0.0043810543193521095,0.0098397195717087,0.009368915259198841,0.009492042101180551,0.0009677237595107204,0.0048077207006074155,-0.007624505626313418,-0.00015280222087004876
50,0.014453961967951102,0.07428295766865337,-0.0017852057097239576,-0.01890288862866748,0.0004049838825291179,0.0006579225544606159,-0.005497321701146081,-0.0035470132657842023,0.01121400945316626,-0.008498945430270011,-0.012318695263424752,0.001397765494097114,-0.003270847904102497,0.02449387037886535,-0.0007015529020920525,-0.0062161402851280394,0.021449610690880562,0.0024354221448448744,0.005432710660407184,-0.017283127761588805,0.00027749034201995405,-0.0020328838148130513,-0.005169725139865447,-0.0008316444553539668,-0.002675005115295657,0.0021932275841280787,-0.001581220879235677,-0.002733137774565268,0.008297008255577516,-0.0008894136050781437,-0.005713818081684599,-0.0035615157877685513,-0.003929121415563103,-0.010009035056582669,0.007126221914756173,0.005684153745750145,-0.0011033236293010885,-0.01302202274042681,-0.003361667715297285,0.0016774656818360322,-0.00010245535462609582,-0.004450387574448122,0.013670345881631274,-0.003611260366595981,-0.006819535503088845,-0.0066987427510107125,-0.011268071009401885,0.006283280466161416,-0.0037545175816011416,-0.0019012814342361064,0.006570939956282863,0.01813521790854884,0.00560339594089366,-0.006620469382211579,0.014752840774904302,0.006324910655662061,-0.004636913335016047,0.004393899048655716,-0.007578613709090968,-0.0015341310498506553,0.01592044456554139,-0.002515988831073904,-0.0005888004863843658,-0.00034566602020015796,-0.008507419247696716,0.0016004994235418613,0.009249616589413803,0.01286711154604696,0.0066541813489058585,0.007402955507419835,0.002311090588218778,-0.0025090118264543375,0.012850689942590863,-0.0018508989688064683,-0.016880623153162445,-0.0031781603881109815,0.006395611573356064,-0.004520651201205327,0.016452732405374006,0.005542589209744516,-0.0071777649136989105,0.004478311255233791,0.011567606333497049,0.008731920986656599,-0.0026272621969163396,0.017900886340804174,0.006782247445840481,0.004945328110313249,-0.017037523242931125,-0.0010385076762010398,0.005597689423555478,-0.004383884218365473,0.0020129209212167063,-0.005088482633223556,-0.004803930066168508,0.01593278962442414,0.009395580997394713,0.0005849534034978574,-0.0041063885746744355,0.017037947702569917
51,0.013660357111170677,0.07302260536870828,-0.0019618529361372953,-0.018841895366633058,0.004156398840178064,0.000888047628433594,-0.0010050046224830142,-0.002507772546898686,0.013423101882767633,-0.009341395189859871,-0.009578497521562297,4.5272694868546806e-05,-0.0012398821159733512,0.02137040636773814,-0.0016219056188053935,-0.009305825591342616,0.024677365478273684,0.0010438453419410133,0.005373007587845365,-0.009621643696579647,-0.0004142745726771966,5.236842574637698e-05,-0.0017178019624406035,0.00477807825180543,-0.0024336832572548458,-0.004187322393894152,0.0024942109116575235,-0.0004283413630287955,0.004308011670475842,0.0031251086796448713,-0.0002477697590090986,0.0005419725072414062,-0.001371286985826518,-0.005453043656070101,-0.0002414747004727947,0.0012243620156808946,0.002436912129586084,-0.007715615670840299,-0.007859145838983075,0.00019917346594606295,-0.0071016065069669015,0.004583254937052131,0.0161799391249606,0.0008171565158321053,-2.8705672689773673e-05,-0.00018484638117629798,-0.005085359149896915,0.0036004536447062077,-0.00020913054119125064,0.0011366849479837473,-0.007058610398441925,0.00402333926841194,-0.0013891984289441924,-0.0008356467900076321,0.005634901659822433,-0.004944752248375777,-0.003742912757602651,-0.002644685149387199,-0.005504245366266588,-0.0020022893942890237,-0.00011992698411895255,0.006392806585464044,-0.002235838351944816,-0.0007101431506939363,-0.012988042071381793,-0.004075472063400023,-0.010456798329977071,-0.004458346630223139,0.0052495114350521845,-0.003276830199263478,-0.0003168840578573716,0.010181298686416857,-0.0031607408004155207,-0.0021352997063080444,0.0049719323720370705,-0.008282342974094926,0.006691867392583111,6.266588365994543e-05,0.006316718272846792,0.009993895726092312,-0.009444724390360437,0.000551655325466452,0.004308261933730502,0.003706345711113995,-0.004252706888019999,-0.004234722522746508,0.0031129548732137164,0.018403511922502877,0.010355821143790155,-0.007335194859618347,-0.007982178975725496,0.007304359762896231,-0.01515832946504343,0.0017383088152035956,-0.0072776719767885,0.004829609647978494,0.003852599039474036,-0.005800173242424761,0.013565660096482642,-0.0013641009703413444
52,0.01448391868906894,0.0704448906044407,-0.001639795017905591,-0.01905704339001024,0.002131584040449277,0.0004368521052514434,0.0005091662098355682,-0.002231669392670462,0.012068071487447951,-0.007115741106956958,-0.004533605564934134,0.0024509199273777317,-0.004174971205412872,0.01721991690156563,-0.0024889645156235037,-0.008129805875035772,0.01657502245751983,0.00015808645974700416,0.004548462345806053,-0.012495529387796377,0.000275997346504333,-5.8830169502896315e-05,-0.004422175862418079,-0.0011404455938108108,7.750643048167117e-05,0.0005511506610077179,0.0006920057055441029,-0.0032419668393649905,0.006777105945328186,0.0021383879029190896,-0.0026733145427480353,-0.0053745106367798084,-0.00040559799777934303,-0.01149587840025066,0.008078410888747861,-0.003090088341788794,-0.0026577011203664574,-0.009615857953842009,-0.0026898310326240777,0.004291248154686235,-0.004566591184366317,0.005777647744277472,0.008981178608100288,0.0003219323205982354,-0.0012512504033952267,-0.004025662502049632,-0.0032338518349946154,0.00017137574838907446,-0.003489572412088314,-0.005938788541653884,0.001788121952001271,0.006585718020716973,-0.000172146640732644,-0.0007451485881711641,0.006870279078987582,0.001991362058233616,0.0015154670211601207,0.0007371168179624621,-0.0031236832881052145,-0.006970020175600785,-0.0010961089395336895,0.0012508835199961227,0.011004277748458129,-0.0021243410284489247,-0.008117380919995773,-0.0019041123105130726,-0.0004502842324125045,0.0021357130876143385,0.0032977072390632167,0.003760407135383716,0.0021810369582407545,0.0016048087588239179,0.007263712819229241,-0.008353253644540334,0.010158381295052707,-0.006106166562626863,-0.010312741771242126,0.012383817858948598,-0.004393384208379784,0.008562465732213474,0.002635125388627317,-0.0008151081075801456,0.004253581731418477,0.0005976273480432524,-0.0027889563022966257,-0.0069927238585047145,0.005319120393207526,0.004630731883598618,0.004851419560000689,-0.0004578167399625841,0.0016139643500504724,0.006192748066105582,-0.008447116744956127,-0.007548239102927698,-0.0016629647299977075,-0.00920678234403377,0.007862134434470779,-0.011962632586105066,0.0076961476587216636,-0.007155198509093343
53,0.019370630967318617,0.07705846588926032,-0.0027094271713594925,-0.01811546139998623,0.001755499544028327,-0.0010410315852092374,-0.0067279138832295965,0.0024957754796117366,0.012146889510903792,-0.0024445992454754178,-0.0076310151622527985,0.0050698517040797956,-0.0023547265069171694,0.01881236236890528,-0.0036497186641537057,-0.009158809894628625,0.019976233268137984,0.0010867648614513348,0.004983431843688305,-0.013785085988332389,-0.0011501967839147968,0.001708147958665006,-0.00013025367951551345,0.0013110731775427347,-0.0032590298727105628,-0.0030063443425608505,0.0032552098887341755,0.0020154225491307424,0.005044060616467269,-0.0017619833569399981,0.002205935065067946,-0.0018342625693654059,0.0017796416293451155,-0.006726690566239104,-0.0009916578185730615,-0.01390816472526277,-0.007457685988425103,0.00046761834741282436,-0.004742157632912302,-0.0054408475046284314,-0.015644347979088702,-0.0019050233216339537,0.006487870448626294,-0.011944942953802022,0.0035935893031608657,-0.0029615467902019605,-0.005503619603073622,0.004167882873574361,-0.0053031131459067215,0.0025018074153362224,-0.008035704197384657,0.0011647739405449028,7.274510266073988e-05,-4.26368652839279e-05,0.0012123159021994161,0.006838577151534143,0.0028483657032838334,-0.0018087564108425194,-0.0027076899736986067,0.0012277559982987502,-0.0004266268529126946,0.003966446522813598,-0.0073694369052264485,-0.0026363212006412715,0.0034970966840202236,-0.005053980306273403,-0.006436152457554658,0.0015327540638332023,0.005703667928101875,0.0047721896725020215,0.014149959782753683,-0.001358841482887569,0.0023542908512971046,0.0015821002431974454,0.001569585070806756,0.007089237031941144,-0.0015323438798683215,0.010001124180251533,0.006296094869140299,0.004105754052180482,-0.00583948552221158,-0.0007034532660699836,0.0019394337149589154,0.005539894393420564,-0.001147411290195645,-0.001783112804343563,0.0022081613532633614,-0.01237208951132492,-0.0028835036918522694,0.0005240838955910473,0.00012933093338173509,0.002211297901781085,0.00033182851131090805,-0.011707486151721583,0.0015187405184744136,0.002983293105887217,0.0033410707789602273,-0.009406160750179929,-0.0010464704118685834,0.0019904133975083152
54,0.012911289884301572,0.07655267737944997,-0.002303037257785758,-0.011447083644125378,-0.001624706481279113,-0.0008243863051709406,-0.002280220818673938,0.0030393441467996083,0.010651931242324348,-0.0027119873773339995,-0.01828182810019051,0.004693867014599114,-0.0031819461714952192,0.026347118857905832,0.0003183773717542947,-0.00958462231177712,0.020155364628097555,-0.000507328101553224,0.00646853405792367,-0.010039598418233205,-0.0003437711182953054,-0.00231475573144554,-0.002151572909057565,0.002317801767899385,-0.006096467670804836,0.0017432853493523004,-0.003869033429165485,-0.0006005396083739559,0.0029701055833793524,0.0004652688266328562,-0.0010767410340496793,0.004157970857239245,0.009456799007860317,-0.007394072817129598,-0.011873946363946161,-0.014785357456871723,-0.020124437581756884,0.005182855207081873,-0.014080259098705927,-0.0037647830433903684,-0.012262380715166622,0.013114759701031974,0.004745575511475428,-0.0027734709809638177,0.0041584641563392945,0.011051154539526343,0.012305209815410363,-0.0019364581597845045,0.005264982200456983,-0.004407313960222866,0.004371734266569118,0.004423800263315682,-0.0015201213822983147,0.005307548849968219,-0.01446293268218759,0.012523056242266555,0.01133304012892893,-0.007395066993444991,-0.011886349583929562,0.02050923210483924,0.00630896737268814,-0.0016387358571154417,0.005317847370540927,-0.019594072256429174,-0.025588039490205588,-0.011330883953851165,0.003570662272539489,0.0069568501286947845,0.011682064201569043,0.003955531742126415,0.007209998316953475,0.01704913560413573,0.00029766872166544844,0.0039479540423830745,0.019702637764807046,-0.012502914315437309,-0.01771583701049367,0.004732966951662301,-0.0016650788132241386,0.006779002930255145,0.008759594314783542,-0.010078640291441588,0.009731910507295154,0.0063540386846365135,0.004227354366806477,0.005193894113897404,-0.0005891502064946963,0.008583694775338203,-0.0017200170316758365,-0.008099441749525224,-0.004916011594807779,-0.011904271876962726,-0.006713152726208534,-0.00022472775834178862,0.00738597899548687,-0.003124385451292638,-0.008549554345044327,0.014778238684931116,0.001991129358156719,-0.007434417230379963
55,0.013701314477957822,0.07104730271788913,-0.001482685382678861,-0.009831242289641197,0.0019811057059670447,0.0006218441610274151,0.001766589757583829,-0.001805475583813308,0.00951901623556372,-0.006164676643167055,-0.00955547441783256,0.0028988216575729264,-0.002373572024251622,0.01696490153169686,-0.0011730992811082369,-0.006643595310217345,0.015494870019645265,-0.0022399608731923305,0.002101932470756003,-0.0026670224625455134,-0.0012008817900230602,-0.0004911837656076918,-0.002283792680329955,0.0037951435204155643,-0.004409652175900424,-0.0018259588213057237,0.0019246966776568677,-0.0021124330868057648,0.0009860402543767784,0.0014378243440829094,-0.0018287587387969871,0.001844270121900689,0.0028691810417750922,-0.006447815602798397,-0.0023128294695323203,-0.0120834531522202,-0.005685925145053335,0.0029096427130575037,-0.005956215249411365,-0.004001768093286067,-0.009653012486412434,0.009918512672826212,0.005164923728897152,0.003509029714822642,0.00115448317014643,0.007531330762103624,-0.0032161875793586875,-0.001086165776953546,0.006749327665395441,-0.00024491584216112145,-0.0009770573458138228,0.007212469350849495,-0.007508319740001061,0.0033242794813653984,-0.01467812259354401,0.011490851600186218,0.0012101983017696932,-0.007026918387362301,-0.004869038054172281,0.00201561516363146,-0.008534983016805112,-0.004469839034453885,0.0017321557247412548,0.0016041955123562782,-0.007606227094933818,-0.0026948301229361344,0.005202657816460343,0.002787938874467262,-0.0006958135816429069,0.009689459645529854,0.0028279478566575764,0.007055310707747956,-0.011296016830700322,0.005773491307013186,0.009644620806821136,-0.0015371849565327064,-0.00430144846887533,-0.0012309439524184412,0.003107826492744107,0.00590698963789541,0.001940135189437279,0.004710413787106114,0.008686319323693018,0.0062602928310354095,-0.006114017531093829,0.0037151015821687856,-0.0006952337881444208,-0.008587160603658174,0.00552881107457143,-0.002190756907915198,0.0057600496481782365,-0.0037516235917888813,0.009397487167071825,-0.0009362844797899155,0.006534104433728738,-0.0036725295873236505,0.006949894736653874,0.0023720896341982893,0.003662637918383659,0.0015903575452173619
56,0.01755809720255114,0.07734930283495524,-0.0018863272867168782,-0.0194932640036157,0.002474431870521677,-0.00033340294427320407,-0.0048729996296419725,-0.003961379525328193,0.015706257780872226,-0.008943911449218071,-0.010307609831264143,0.00010063534958117499,-0.002532854641507949,0.02190318287383769,-0.0005226620524966186,-0.007847643335598512,0.018033233317056547,0.0015890583481540158,0.003957455160642006,-0.01372445632913818,-0.0011084387371449577,0.0008763987577113966,-0.005033931528225111,-0.0005867960112511822,-0.0014348774557146205,-0.0018514238290147358,0.0012573613577502372,-0.0007405151709957647,0.0010390569054836007,0.0045580237423716065,-0.0006946936587925885,-0.007346952560896678,-0.007544091207237793,-0.017488550275778177,0.018134243227095993,-0.00746413026991781,-0.004839142327560886,-0.014482061068573143,-0.010401562620957885,-0.0008012126890457507,-0.019913116333961933,0.0031425929010788843,0.0026960785168420698,-0.0019792700344018325,-0.005513011087286007,-0.0109093274345193,-0.009867425494378135,0.006146832316713144,-0.006518132931717494,0.02333801050807827,0.013980297463048519,0.014981899249215811,-0.00148607058629045,0.010909113947581376,0.0009675212052623234,0.004893273874548216,-0.031008516738214455,0.008427875603682114,0.0072736261522568105,0.007429721284405922,-0.0016145113431247807,-0.021866881342398784,-0.010033730644118308,0.021936002456692725,0.018964308164010596,0.0213667341074577,0.020837798727992598,0.023334052922935958,-0.006585170803925561,0.017043456635632403,-0.003948214471385361,0.007475523344815273,-0.01641108069057378,0.014112492251805367,0.014368488675660316,0.006683108363308047,-0.002039710688696922,0.010711993497794257,0.003646351683244255,-0.005441172381050275,0.01077219589544313,0.005984697696362881,-0.014141103717035234,0.0026660657922530718,0.00961676344851594,-0.004779907333614326,-0.0003150335377636192,-0.0021821482723764878,0.008858420655703612,-0.011806948093013336,-0.008095983997856557,-0.004264658324899919,-0.0006809128226823618,-0.006165213101008082,0.0020652840735687025,-0.0026861598402209675,-0.0009352540410921663,0.007157912087434658,-0.0044450849205935235,-0.00823580147962705
57,0.013894130278226014,0.06567558386217287,-0.002293433411345144,-0.014843571411335743,0.001198564907061451,0.0006471348452853647,-0.00041604370914064334,0.00021063362783988626,0.008938353684878036,-0.005712022036784845,-0.006051768047074512,0.0020483953101263913,-0.002805791464196901,0.016977371297402077,-0.0015926558329753422,-0.006249364717793956,0.018588348672490644,0.0005202970876735289,0.004139567226278329,-0.007536296484441077,-0.0007859079405332036,-0.0014787281976593716,-0.0036215897927293346,0.0011972510282116774,-0.003692688349489392,0.0013664026493603481,-0.0038207742973529442,-5.692267952786991e-05,0.0023220329015570507,0.0013512356527450766,-0.001333600085452879,0.0033296159405587747,0.000352151626702578,-0.00797173946580368,-0.0017947910305379845,-0.007445169704118824,0.0029705001763929892,0.005153380172815885,-0.011780240343642874,0.001227092481228489,-0.007468992392595605,0.0071357949984169455,0.007539993278883762,-0.007900902083577764,-0.005126722463679097,-0.005966075049388942,0.003584787711689164,0.009104078379073269,0.004864441361633156,0.010976092134134445,0.008797158576629978,0.003850616417099557,0.009048490160483043,-0.004140551292276844,-0.010448515083711292,0.000311906275546051,-0.00745706479585223,0.0024536908234189564,0.000342957045679193,0.0012885459457046113,-0.0029940547652062568,-0.005009476290430014,0.0034519338970656335,-0.002084747691776091,-0.004364100349264208,0.0038407427299820924,0.007357158430109727,0.00022712850346297237,-0.0034993214106555292,-0.007381001416377552,-0.0015615838851510172,0.005671453160224018,0.007722138756747808,0.005729574605559914,0.003474997531629974,-0.004679475113285339,-0.001280158349340254,0.00016176557476285905,-0.0033407550353527077,0.001907308417242763,-0.0007063109580692767,-0.00020465201567710593,0.003201403786829081,-0.0022300947696853764,-0.002141695243566562,0.006484025384948996,0.0015092214015911618,0.0008105169517588191,0.00264723359808108,0.00045601267368232737,-0.0017668577393507609,-0.0055008315339775795,0.004512659483995273,-0.006504862900437653,-0.002029381861029291,-0.00649026035708117,-0.007119967681907297,8.937969743987996e-05,0.005698347690944745,0.007779665412642051
58,0.013291032748048994,0.0695035763951535,-0.0017953193575365634,-0.014396228085563397,0.0023065721046393074,0.0008720475817293059,0.0028833712556386865,-0.00022053765013735913,0.013281042029023303,-0.005088019018338876,-0.007527046715303919,0.002877082209805263,-0.0042567007792373756,0.0246352700256193,-0.0016443143752060403,-0.011731429560006177,0.02478491352604905,-0.0012762323568181267,0.007329481727398836,-0.008751817457789812,0.00026958436923987686,-0.002381131821422197,-0.001793194025933146,0.005131548089883902,-0.0065591872444167995,-0.0031177304288297456,-0.0021544923252900857,0.000614164619797503,-0.00512442387067242,0.0021675445243683903,0.004421631492272482,0.0028920052917214513,0.005753182799341794,-0.013435854503460872,-0.005423367026022091,-0.00792818847249405,-0.00814613376241715,0.0026426427701871204,-0.014785690814479502,0.004847351930292625,-0.008626730474153512,0.0075638566800740464,0.011536002029267729,-0.001003190213048479,0.0033250196149333037,0.0004549886878106848,0.006651716367672329,0.0027090438793739183,-6.1804379056306464e-06,0.002685484085051702,0.003913862473052809,-0.002328545114022218,0.002470506707698327,-0.0006880162220285973,-0.01642952863579968,0.004388270413690431,-0.005937886033796046,-9.887809828556015e-05,0.00335448578009946,0.008629063927492063,-0.0031147107845470776,-0.0030803748991589,0.0015129084497066052,-0.0011591046912981014,0.002325175361381106,0.0018715404323633817,0.0001127889609355367,-0.004139577137625606,-0.002158881471715201,-0.013592073823832021,-0.004065655718787581,0.0029480176688436396,0.009658690682141776,0.007821642039883883,0.00039364514889010557,0.007517276982937551,-0.0033398854126865233,-0.0058440523803596775,-0.010732855538178593,-0.007288545013222543,-0.005361407535387792,0.001106049176161164,0.0006608056442084857,0.005430583767353789,0.004433114817879388,0.0041365033757206696,0.005018399124918644,-0.0009893185859987082,0.00413241284402156,0.0021532890050928667,-0.0016096820225633326,0.0008436509402218615,0.012057005299830323,0.0011857841462883025,-0.0027293655743625684,-0.00687727177511717,-0.006603575101557964,-0.0004928833591583908,-0.0003410184910965503,0.00322947235508441
59,0.013824432559284958,0.06903708896207943,-0.0015036987484088034,-0.011870714370072373,0.0012303124886617798,0.0002767628084715503,-0.0007124956118911673,-0.0009182465225276657,0.007203061155061548,-0.0052974094791953434,-0.005896769889589905,0.0027448403330190482,-0.002424467745911658,0.018077515491368094,0.00020420520195795394,-0.005483853348564527,0.01613570622010253,-0.0015386631520139605,0.0037564324996055597,-0.006130825955495502,0.0004054041788584397,-0.0015064280213898727,-0.00369837997868456,-0.00023519158478557908,-0.002560285178361834,0.0006591301778322032,-0.0033832755132097154,0.001669438977603252,0.0034413456994147663,0.001985481966742378,0.0011081337282338548,0.004229535231509462,-0.0016781710951150116,-0.007766342873440064,-0.0070934372419933925,-0.012205184957888275,-0.006668314083843431,0.008915273855724049,-0.013870140172222383,-0.00016628102093364797,-0.019902497201714206,0.0008453903382728341,0.013792643603518524,-0.010561759304683461,0.008754686452620472,0.002451821859416893,-0.0021197598759538595,0.00046370603600138534,0.013646320773521781,0.008027630270823153,0.006848653668444422,-0.007552218113677129,0.015487296967981814,0.004128804099973797,-0.026788323762325785,0.005499358946523296,0.0067084097999331686,-0.004242858002370483,-0.0022182050274784995,-0.001831316831388954,-0.021130249594738096,-0.015916648835070955,0.0018535255690478277,-0.0013494291844202662,-0.00836083397494324,0.006726370014860951,0.012859514444041535,-7.350591758273345e-05,0.00384680476373248,-0.001112608493208468,-0.0070912166193310925,-0.026077476901010498,0.030711219003571915,-0.00010021861719221652,-0.0016262164941706738,0.004931594780549139,0.005987488900459235,0.009231785714073773,-0.015239264867178602,0.008345238359661722,-0.015788701933751672,0.014494746131051632,-0.013230565533238254,-0.017810993236631146,-0.0018962914996561843,0.004533502476082008,-0.007980307921989425,0.010550351203427307,0.006930381119464378,0.008836449175963148,0.007027993615584153,0.008427023649305565,-0.004433516920474749,0.003968123595996741,1.2550333928724438e-08,-0.0033964796398021717,0.006299607436983578,-0.005838923468857441,0.004374957189332455,0.004570471074477288
60,0.01608289514189838,0.06836420514292874,-0.003060976571485731,-0.01729116774923547,0.001698554904080762,0.0017156127581030593,-0.0043189270397711995,0.004177706511506222,-0.000768431618819022,0.0038226485272769006,-0.00311916668099116,0.005278510615364609,-0.0018586996023090977,0.008597781726636998,-0.0010296311177978334,0.00015789420062348037,0.009003546516806937,0.0012910672388298072,0.003250541058941246,-0.007380652646326497,-0.0022269605494405287,0.00045990650693387747,-0.002679996041143522,-0.0006239389672858977,-0.004531418150771873,0.0035925933418565095,-0.001417644553301864,-4.136926378840064e-05,0.0035451845003041556,-0.0026779585979541894,0.00518928597488622,0.01027687820430632,0.013826870398214461,0.010793597703471488,-0.022599078008022185,0.0031678006272154477,-0.016454275693234707,0.054639590101268336,0.04417418434184085,0.022107497089216544,-0.014126483727864363,0.030081643564282324,0.012634594454272716,0.031038873929873426,-0.03517019133431322,-0.00409833983342138,0.013660081206954264,-0.0062798379028330365,0.008701361196315694,0.012382833276498542,-0.02523547107956182,0.024109005840626287,0.01155423282839922,0.003483858954032145,0.011784484148977429,0.018545383926398814,-0.00488358787936367,0.01713624132570544,0.003761383684065045,-0.0077052274353634,-0.01726471801736832,0.020922971909036723,-0.0027149943701627747,0.012685974082769596,0.006539950094126313,0.007877716374562457,0.00148049542161418,0.007058045835122064,0.010810488051579045,-0.009054146856211677,-0.003348764292183449,-0.0010168307117461282,0.0016432463138235948,-0.008180543019635106,-0.0006366737154742026,-0.0017289755707059578,0.002815926623228311,0.004485811358327383,-0.0023085966184364028,0.0006460256910614795,-0.0031704387919465962,0.002830918061350195,0.006626915352483214,-0.0013066725913920597,-0.0032059484206698667,-0.001335784025218637,0.00158500327637982,-0.0034136031018953826,-0.0008381491178718595,8.224733220659809e-05,-0.001002235032527969,0.0018906741577708326,0.0030400887244409858,-0.002031488896976383,-0.0052861325986734795,-0.0008863534220970002,0.0010034054154802463,0.007682459505714573,-0.0005789301442120079,0.0013424960006718448
61,0.016453518114893026,0.07210443650168591,-0.0006644961593212929,-0.013132252253501505,-0.0007265759184092684,-0.0007357545121505533,-0.003385539566024245,-0.0020999332826043163,0.011279054280875491,-0.006172447525012933,-0.00914396426007753,0.00042524462881755334,-0.002080335058925225,0.023356756438118655,0.0007255981968073939,-0.004783633005026579,0.018138819444238365,0.00015480205757929764,0.005280041022893537,-0.012206054356875924,0.0007204401827128991,-0.0003922023864941572,-0.007968843558321963,0.0002627691762036433,-0.005474517890581505,0.0025130766760734845,-0.005672594577246673,-0.0015750130356245468,0.0030553174985495663,0.005391904029492699,-0.0033420170487183393,0.001710046293157067,0.004410056439547523,-0.008566272747024912,0.0009301943150374622,0.0010599746893318277,-0.009733264200062762,0.002260426943697381,-0.01130752472422707,0.0022399074257373314,-0.010218083243528443,0.010249086412627333,0.012106477630195466,-0.006443457282096888,-0.0030331836195630294,-0.0037114793272519466,0.005347711175920155,-0.0028828416537387607,-0.012963501633060877,0.005842531940463476,0.007518255140710919,0.008026784408167148,0.0034822943731175936,-0.008319472390710996,0.001522746604071646,-0.01273777453202461,-0.014984360437261016,-0.004609863228840536,-0.0065582614196768516,0.002591378150129825,0.004269058105458054,0.00709354349622285,0.0030657584270382364,0.006909061498832286,0.0023310804320928937,0.010351842224999111,-0.0019283224925561644,-0.009454728105757971,0.0025431418768048324,-0.008275256456874025,0.006747610468425681,-0.005935559071344613,-0.010478151550182224,0.0012523468987411404,-0.0019229513709990952,0.003671142224011668,-0.014563794077431275,-0.004943073375344523,0.0033697241403788307,-0.00285821858734777,0.006022797573953431,-0.007890265795693678,0.0056511024465863745,-0.00512877639157738,0.00903207880244099,-0.004133502961499211,-0.008541988092287676,-0.005179255632952253,0.0028759389486340513,0.002570725431196695,0.0032278041274693076,-0.003083864399136153,-0.0010052589367719627,-0.005765411379522369,-0.01585941009413071,0.005380473119258391,0.007094143982818558,-0.008320161582385362,0.010507842843380272,0.0007873124037174683
62,0.01431395283913484,0.07389114904072036,-0.0020605463085409618,-0.018626411383641475,0.0009047764285745992,0.0003573060192032791,-0.005533026047086113,-0.0040258170187761405,0.011772583327878105,-0.006457619531369714,-0.012953411834862745,-0.0016770394392753075,-0.002701323822271579,0.02353871341053324,-0.001635185488299082,-0.00807637451933595,0.02228755574036847,-0.0009485913950624273,0.005474967730119985,-0.0165305875514831,-0.001117707084009264,-0.0015215878241020431,-0.002224152854266801,0.002393090948909424,-0.002871730166472384,-0.0009140933974936463,-0.0014131873931748772,-0.0013513577669461332,-0.001607365923191938,0.0009162088376863688,0.003913571214547909,0.003262072830908989,0.009800448758204704,-0.008510628709006741,-0.007626599206311665,-0.012549605513466917,-0.014634919962906646,0.004051466053072181,-0.007793457653790488,-0.00452065660605976,-0.0027275010763663284,0.006867847545051955,-0.0004962621565867014,-0.0011498744667658009,0.0026012472204205487,0.0003571106237796987,0.007451327994869677,0.004194423567776199,-0.005689635548119856,0.0013024365199851013,-0.003925898325034964,0.0049708221567209086,0.007957857714758052,-0.005882165910346365,-0.009167288833575642,0.003184990935688845,-0.010957188345759268,-0.0024369903921121327,0.00752488521184626,0.0069178380441615814,0.0022320103997478784,0.008014108955881038,-0.009752441309410624,-0.00026760306528874624,0.008574423924869025,0.002257009277646624,-0.010100590011202566,-0.002500513430643852,-0.002681662233035326,-0.0008980610081820304,-0.0014653849832543108,-0.008671720287731324,0.004675644030897308,0.002730547240523959,-0.00034044754697913756,-0.0014209726950874903,-0.01122602286138394,-0.009034613648387715,0.0015407089112905636,-0.0057599800323483415,-0.007289813247265453,-0.0026131618409197758,0.006553405261196017,0.0008337453071180378,0.004381527228177402,-0.01222524454887751,0.006480026426661345,-0.0022543492097379185,-0.008102257861504491,-0.00525108226670198,3.68126316596482e-05,0.0022626348968222544,0.002321011224518953,-0.001446255840465133,-0.0037012302151796382,0.0056404614390159,-0.002150895161859277,-0.007745830927878048,0.0013404393229763095,-0.00020443088696156032
63,0.015279440947220498,0.07441538540161174,-0.002325918809066826,-0.017930063162649973,-0.00020772122556802852,0.00266613065280322,0.003221354334509933,-0.00010560101135196056,0.015727275593421606,-0.005928003029566763,-0.008658486892370547,0.005445541631598469,-0.005376349567369536,0.024912366679481757,-0.004167954666983323,-0.006675737219020293,0.026101701842155017,-0.0030817512072921598,0.005866281390170683,-0.008842656598673561,-0.0044398611343878435,0.0003813448806261675,0.0002055376073484774,0.004675207983885596,-0.005996600832897753,-0.005515818627454836,0.0016392752898519243,-0.00020838902775475445,-0.0033477450639823026,0.0017437610253151548,0.004058374021766347,0.004094175905353107,0.006061256677070436,-0.02052592448384894,-0.00685715138306191,-0.007071390979380534,-0.00041050525460772854,0.004145660237322293,-0.017087198719437202,7.311396545973617e-05,-0.003686786092950946,-0.0016077518491556717,0.02371329527206832,-0.007155032685064874,0.006925835205391076,-0.006720493099262544,0.009719562645795998,-0.0006137059003657975,-0.00793975492894451,0.0012630660450043706,0.0007730045795392483,-0.00657803640859496,-0.001268430795497895,-0.010787537879734443,-0.0004774193702427607,-0.008820663676071884,-0.015268994895594823,-0.002809457017453386,-0.012109422053068863,-0.0027212357672581765,0.002052346774209146,0.014300273942888159,-0.012239804969924765,0.010777454382987115,0.01592509273268719,0.003282777940108134,-0.015369391251946411,-0.015763902689286943,-0.012568806080697645,0.01038633005496924,-0.009875716809445625,0.007394138936614231,-0.013956685027549562,-0.0030968561414211233,0.0018068693400580447,-0.0029495252615757343,0.0021252079901063503,-0.014220034575694016,0.0030410809066884915,-0.01244687963305103,-0.009110804240281607,-0.0017222829111463917,0.0021097888059893447,-0.00495063071524031,-0.0038224199650665354,0.006090308138465416,-0.0005073829941498511,0.003654763333996615,-0.0054618018069679765,0.00991527977276019,-0.0005628287790278579,0.018907274145186316,0.0015908024681988316,-0.0035049610926335844,0.0022163106501694512,-0.005629995514346803,-0.005132306903566132,0.00508067752375305,0.004684464032222948,0.0007231016742714657
64,0.018923052478159105,0.0741799530444599,-0.00019484617701678175,-0.009432605080804079,-0.0022231834489803617,-0.0008836200326658524,-0.0033482980639059005,-0.002821709612423028,0.0034407829073821086,-0.0013876992441683059,-0.008769595852229176,-0.003665390060000676,-0.0009379165346429801,0.01189483785875869,0.0036689599975339277,-0.0016765739701034518,-2.3509713367974933e-05,0.000606332055794706,0.0025923102891013635,-0.008772162458995892,0.00032728719280317696,-0.0023968326345683755,-0.0028395938048041045,-0.003146123121003309,-0.0037861505292028966,0.0005461759349836751,-0.0033623923107269542,0.0017284487198823487,0.009732257271981865,0.0029396969381388694,-0.006095687539692276,-0.003048527405571818,-0.007480434179410191,-0.008126090148370863,0.007554756440756395,-0.024888467892071463,-0.030806209938573498,-2.9101041027287814e-05,-0.013826780110159791,0.0023117799234161776,-0.0006554909063387202,0.01007534338051466,0.008834443449813021,-0.006704455537339955,0.007916438372355429,0.007422948093360204,0.0049377242658174975,0.00022635636479165396,0.013207191758831139,0.01450529468544148,0.011242659298995959,-0.001252998856895183,0.012010446103504208,0.008575103760407828,0.011878594669994334,-0.00028809891706012595,9.396379138637412e-05,0.007214687318069871,0.002256359685737438,-0.01601547088842193,0.0016190839612273394,-0.010418062148059935,0.012601907670874195,0.008669256516964612,0.008822331496581848,-0.01803828669402258,-0.026054973004669912,-0.010557358067774575,0.017540362907971552,0.0012793236006351778,0.006128341480241042,0.007150131884087469,-0.008583092184654011,-0.0023377220840588332,-0.0045349283582088555,-0.008773595462303834,0.003718708940528432,0.001910979505465955,-0.009476502837359032,-0.006979440521056427,0.007533245220275201,0.01165761587050082,0.006324312483877791,-0.01527989873703219,0.01023320280989809,-0.0026813291749979294,-0.007287182739366804,0.005484738263716633,-0.0054749343849570765,0.0034532208676571244,0.004076265411932331,-0.0003147657428802257,-0.0006671419913855142,0.02511031287796651,0.008705322811740905,0.01419334239626751,-0.015063561837798384,-0.0028959456856217096,-0.0033855786255505595,-0.0026425966765777783
65,0.006695603791050962,0.05255930700744638,-0.0026870643340761156,-0.01850742522316912,0.008637475392195063,0.006463945190886175,0.14904416799086356,0.027698182963589484,-0.0011266503432477853,-0.008420729771397233,0.005237645511062678,0.008240895454094071,-0.012259135652526695,0.010299647901627323,-0.017829786917519113,0.047615474464697743,0.025325529661574725,0.00784914196152049,-0.001048201644157834,0.000438114867244139,0.0030062858659538837,0.05146139335788744,-0.0044724580824023735,-0.05200806970933187,0.1981823693499871,-0.017779459685444466,0.004751164623703176,-0.005378130897271309,0.0067064661038744935,-0.0008460407839796417,0.0007058995824305121,-0.013811575848905196,0.001052593194507148,0.0052342808750228545,-0.014548848929296834,-0.0022136836016763894,-0.008902826652839776,-0.0020281519096860393,-0.0023292361397975296,-0.00282388204749025,0.0009732096899009889,0.007608941403337026,0.009649992063457348,-0.0005307896636698211,0.0011502828253609242,-0.004478497041133657,-0.00044374668902342953,0.0022623121747911857,-0.0017208917850776836,0.00027634283968471093,-0.0012166958422204638,-0.0021592353458794143,-0.0019665879252159972,0.0018626911082644901,-0.001167622885079605,-0.001213307791808445,-0.0006177050160407761,0.001692502144586726,5.6504623441689834e-05,0.0002593523337073427,0.0022349544087078496,-0.000767835035153742,0.0011111764487631618,-0.0017209204697920856,0.000965514680746478,0.001737414667274901,0.001037078414334442,0.0008441272947136363,-0.00031965589710423786,-0.0003341528531767017,0.0012173325446559059,0.0011538600537981183,0.00011838558030993572,8.066180164214685e-05,0.0002745911788574012,-0.000980771541593501,0.001522204195237921,-0.0016894585966527522,-0.00043487412494930424,-0.0002792695331543013,-0.00031044200333745116,-0.0014985495798147054,-0.0007967574332343293,-0.00013152102625413158,-0.0006433242345052776,6.095416487169929e-05,0.0008470823054618207,0.00032603689191365966,0.00035896166987468326,0.0010523063712494186,0.00036117756789972157,-0.0010471368549365542,0.001150511211773467,5.317555036569173e-05,0.0005731006107045709,-0.00036076981870075166,0.0007352645392887649,-0.0007396735155795954,-0.00020315789143689913,-0.0003943113066899816
66,0.01339753751811218,0.07537504402041642,-0.0014066082054385806,-0.013123267644289826,0.0002151029149555357,-6.341535779437323e-05,0.0010302969527165287,-0.0028060229313868756,0.013133240741975336,-0.007677756336893938,-0.009084381978202842,0.0008512737738496908,-0.0034683443955407746,0.023535763294677974,-0.0006053304184906599,-0.0031830211779816935,0.01465484396531175,0.0008418674809401106,0.004679323684702148,-0.00915764315099615,-0.0011456237773077491,-0.0011938753589794573,-0.0018715473977192884,0.0033648955088607514,-0.004491710834620159,-0.00251425984881114,0.0016518037513249008,-0.0036622761457428253,0.005246340448750017,0.0022606081981466687,-0.0031184495825391846,-0.00046864189143181964,-0.005782009664975854,-0.014327619615373492,0.007891346731495955,-0.011492971995559733,-0.008931675509350848,0.0015282019673966763,-0.008478178176875654,0.005764227203287102,0.005069196601832341,0.003830703797990748,0.010460644110860397,-0.001005097899567814,-0.0049327288367128595,-0.0022651136915849985,-0.0024808228170202645,0.009825049044199848,-8.090504052752117e-05,0.010828690227705676,0.007674689994931849,0.008203914534232942,0.004502937618739385,-0.007296608801098305,0.002927387307004738,0.008462218205951047,-0.0042364992948988245,0.0008084187900597126,-0.0064337165157855696,-0.009786418101638121,0.0050291492850639136,0.0035376734524055465,0.015327485396547508,0.0034430240688294845,0.007031656251863754,-0.0035057245747961313,-0.007063278243596938,-0.0007917592176169726,0.019362876694104508,0.007491051766817011,0.00989819853749028,-0.0063249725336795735,-0.010341678723045516,-0.001241541250464245,-0.014036347280161742,0.007513450756408442,0.005184905872264927,-0.014450530144665847,0.0032498239922628255,0.008862266132718922,0.004079245597957338,-0.00035399124210937406,-0.010947450045616704,0.003446777878164116,-0.00018770626992188088,0.006902565556897637,-0.002327415918736824,0.014029728019648448,-0.002671063934875601,-0.002808978387069592,0.006768258213009145,-0.0053905959671250656,0.00768723040016522,0.00894215926643702,0.0042390337314560005,-0.0007705653866086156,0.014406345623790342,-0.006456056613194027,-0.00620261656460967,-0.009459213809409343
67,0.010762047560555373,0.06578350901778705,-0.003379078129313205,-0.021462574863735078,0.006202176245507991,-0.002574423645349764,0.07758321770635045,0.026116402348668556,0.10523154540899714,-0.011917776966202357,0.2033753214825862,0.09876777673225144,-0.06055080437832184,-0.05568466163181885,0.02498085303298148,-0.15024999491730573,-0.08826494312374815,-0.006324033207428493,0.004751002776166515,-0.0809146974873753,0.0011022940612174237,-0.001377367506724884,-0.007022688009397176,-0.003962232643065485,0.0019005671473663918,0.0041027389887673274,-0.002551600587269257,-0.0003431286243268215,0.010064205832441562,-0.004278204314433219,-0.007726481027128598,-0.0023705353374689603,0.0017055332594280623,-0.004368607263783669,-0.00479215601585364,-0.00248734663620627,-0.003422893621232913,-0.0007670983582593821,-0.0002940357596095364,-0.007378258993193852,0.004496334649625584,0.0012351606422531117,-2.8155316728362562e-05,0.0036416281506298446,-0.002099072143660485,0.0029643504701931164,-1.3441068608890808e-05,-0.00022847004431155373,-0.0013173294623246307,0.0016647302897936686,-0.0005046896337872821,0.0031250005554567875,0.0036632704627785986,0.0010523962795610194,-0.0029427502222020606,-0.0033362254405166695,-0.001069932859756436,-0.0027804075772948173,-0.0002471451644538403,-0.00013229302910957935,-0.0004715216492212766,0.0015454258659507174,-0.0007313171858743425,0.002454363915910578,-0.0036579241313167274,0.0006286068597354654,-0.0015424082081947886,0.00010604329610546369,0.00033559590184015773,0.0008831938792041546,0.0023096357129991506,0.00015144056958446176,-0.000863097401698048,0.001547570775867471,0.0012712923448913714,0.00110098022659278,0.0021520629913426553,-6.530224481209951e-05,0.0014754869678108037,8.707171278507584e-05,-0.0002551532330823136,-0.001216228857022212,-0.00213940669009134,0.0007637220599612649,-0.0004470900215521202,-0.0001623066499296701,-0.0004957192906946797,0.0005820751662940237,-0.00030894867830865737,-0.0006077035173961884,-0.00045841085254782,0.0005808319324068865,-0.0010391792651756023,0.00017994132722265905,-4.6726970294998834e-05,-7.48971553317472e-05,-0.0008222090639652442,0.000353113554981091,0.0006302378321106491,0.0005004899759786976
68,0.012174832959638065,0.06573878877168816,-0.0016470516664638098,-0.015743474982260187,0.0003345793331821204,0.001179385229574109,-0.0009843594041507929,-0.0009760276529643673,0.0005227758301925033,-0.003447291983402886,-0.007201109797801341,0.0005993847912841173,-0.00144366255859946,0.009335819535778321,0.006102505559998127,0.002485636983490734,-0.013964337442092852,0.0037104255547544644,-0.0004414228467765627,0.0008660964224729178,-0.0007201627742544251,0.000142555503179662,-0.0011837468595429087,0.0006055473432135318,0.0016729623628607662,-0.0006009186204802743,-0.0012078313160395252,-0.00043082315812779373,0.008176471473334964,0.001954148110035591,-0.001995454068672081,-0.0019304150620252645,-0.0011805875377688796,-0.012962014716958048,0.006088751122216929,-0.011991351913467533,0.0036950072595048275,0.009584182914780873,-0.0035787043396946195,0.0034467538529887143,0.0061686054367462995,-0.005446467617122417,0.005724232688867981,0.0011018750247222043,0.003993848676294947,0.0029547449335029733,-0.0032816984613933202,-0.0020237401671729344,0.008142642412474215,-0.0019569250479383174,-0.003864492713850726,-0.0007268593877733941,-0.0008365438068493959,0.002838806422192518,0.005971504632581428,-0.0021143085950831074,-0.0001258412691901386,-3.7790643419692514e-05,-0.003580894896007372,0.002494257413644327,0.003841258289971001,-0.0036402848798145547,-0.0008151032641129495,-0.005400245414752472,0.0038980148519414002,-0.0007507745314479728,-0.0041902926927525706,5.4628873578138246e-05,-0.0016470371221196855,0.003987261010767725,-0.004587730990773773,-0.005907643524923323,-0.0012395212131031308,0.004288510133602623,0.0031340506312559314,-0.0014260082976211286,0.00021404351572629275,0.0009411745740560164,0.007873268477956805,0.003918884942156167,-9.002278357032336e-05,0.0023841834675790946,-0.0008219116256830315,0.0016787992659333568,-0.006008171008208173,-0.0024958681882446725,0.0011079147662315851,0.0022612504166258087,-0.002712277446496332,-0.000677391888442421,0.0006910816478109801,-0.002814063899943146,-0.007336314791105006,0.0020894081180727695,-0.003701249749702404,0.000578461896144411,0.002612616088468265,0.0007430763698913728,-0.003170502339014622,0.0034289298400333097
69,0.012553832514898292,0.06967168948951157,-0.0015827789454827266,-0.01575795287132159,-0.000855350442643986,0.002040272139863866,-0.003549086502944373,-0.003273770038794813,0.00010540550117051757,-0.00445259029137358,-0.007713489128397608,-0.00046707186765395205,-0.002575185072358309,0.012805153406857442,0.007191139489146102,0.0031557082138428307,-0.018241940078313975,0.006740946255958473,-0.00048592367206365844,-0.0029441735371840416,0.0016478716734598339,-0.0017143500707945082,-0.0033014313053249997,-0.001841719919161689,0.0007069013064178688,0.0015152947451617504,-0.0031022078112897403,-0.0009918158034253168,0.010928446633924324,0.00034702277592128377,-0.004491200462444671,-0.0016747301191117371,-0.00460162663151067,-0.011373923873006961,0.011877164958775515,-0.018622139533780883,-0.0024776059723835456,0.015125023988466118,-0.0009867102057871885,0.010217157220058228,0.012670706953012686,-0.002859709920418058,0.007540022473260176,-0.0017857331408849607,0.003545147910279629,0.003318551744207781,-0.003352973044875379,0.004085055822370985,0.012433634500245943,0.0028155833164727534,-0.0012508631044783542,-0.0052779843361270415,0.003846855596534299,0.002020405903782608,0.01082583590564765,-0.006612770151284258,0.005420822600505384,0.010718920998849926,-0.004555211575259848,-0.0021933397646213926,0.012307836087227287,0.0006798803500359547,0.0026928645370762148,-0.0059424573321055114,0.002545327121376726,-0.005838592136760127,-0.0009219872946804553,0.003669891009404462,-0.007529760536630401,0.0012706135258127394,-0.0035635092726409045,-0.0061564869874002285,-0.0027401622980992766,0.008905492008576807,0.004876008134787508,0.0037932970961359067,0.0034884958293851936,0.0020513733864301934,0.005669242069122024,0.005632258372432561,0.002990416884446449,0.007395014133319975,-0.0018833156105310894,0.0004429018543006681,-0.00934926895883935,-0.00253044035463411,0.0073581814148468965,-0.00035677626481215154,0.0029663545935627316,0.004392834030714113,0.0008093198068642664,-0.001636914975846958,-0.0038620732942964884,0.0007088155507862686,-0.003922500371641114,-0.006012513007170641,0.003994687844786214,-0.0019593855401689045,-0.00790615586997977,0.007510419075803246
70,0.013134404413186397,0.07218430979272517,-0.0020510792564564085,-0.018039256272645406,0.002721959081555345,0.00033665433781024563,0.0039963911661450476,-0.002307139104751016,0.012488973588709401,-0.007968821668196277,-0.003928220748207235,0.0009989647960303584,-0.0023997120784659542,0.008500993018867992,0.005193967886365636,0.00037457055389645465,-0.017769656621662813,0.0030148996542737395,-0.002641464721250686,0.005511433556908801,-0.0027240502672951496,6.0904678935243114e-05,-0.0009687498569431871,0.0018945200492538597,-0.00020443577696750237,-0.002161144014437902,0.0006524621590187201,-0.0002659877040267697,0.007256191833411712,-0.0008915577412042154,-0.0034560430336923894,-0.004142988025802021,-0.008653808017820536,-0.007446008493252582,0.010750728824613151,-0.012927905137352706,0.008180452564124693,0.010827569660708292,-0.00752233817940996,0.0079338844935703,0.015439280326907563,-0.003902423041875058,0.005621285095342838,-0.007575724081161953,0.00023230057906136625,0.0053643540845093075,-0.014580231326601259,0.00427357758596122,0.017792383340419462,0.0025988065853508324,-0.000911003684393864,-0.0030296972240148427,0.01197582577713019,-0.0006438270657273564,0.012005694201360571,-0.007165675509193942,0.003185657727306158,0.011429685584124829,0.0016359213315832058,-0.007300996545690797,0.010919107752294896,-0.0004203747293064969,-0.0006038598051314696,-0.010638477490882335,0.00972609303418463,-0.0031267081866133487,0.007653910860201692,-0.0022615199584063053,-0.0022927694286161353,-0.006005888938861741,-0.007350676394684555,-0.007859109768106587,-0.008349094387954996,0.006510880489115958,0.003913634347693737,-0.009939246315211453,-0.012028757877502539,0.0007418718286900618,-0.0013940312378637508,0.004984231221810452,0.0015537804950009793,0.0010865522955633923,-0.002077815133960236,-0.001495050040410574,-0.002479784138268118,-0.010379243102814417,0.007842706517176619,-0.003885832678294638,0.010730210683997684,0.004289232936784631,0.006752193149308282,0.008056565611696338,-0.0011324639652364032,-0.003738391331404951,-0.009549010055531652,0.006119793685939869,0.003266689807438714,0.0024944468238711636,0.002295620108997055,-0.001429387446553288
71,0.01178077023756158,0.06949657398462865,-0.0019385238095527186,-0.01708589058884301,0.0006816902702396876,0.001140029960915085,-0.00309174759582844,-0.003824731663478913,0.0024036736035000106,-0.006608139176195363,-0.012289420577112745,-0.0009968579711979182,-0.00218101087396663,0.011288230647757953,0.005216092496912836,0.003975287952771828,-0.018472443113646854,0.004919020762715993,-0.0022847671259563773,0.0017535646861444418,-0.00241194437323258,0.0002851326855841349,-0.0014588387855097062,0.002030572731853189,0.0026341885787250162,-0.0025548847925145595,0.00113152988264649,0.003321343596881675,0.007529176904446082,0.0013325843486788175,-0.0028517406449941095,0.0024848295807249495,-0.007054071463030384,-0.015336566164595953,0.011905610980872323,-0.01980758523011536,0.005095997205209923,0.018776694407850875,-0.009310829110116856,0.0033786186351572036,0.018739537948009824,-0.0019702759446447223,0.01184045523478343,-0.003474764888818196,-0.0009261123560288942,0.002661435366323021,-0.007213112423998516,0.003252676114497588,0.009620358890503373,0.0018863805653840664,-0.0040554040330953245,-0.017428006071005715,0.00888675752686155,-0.00019552022410286674,0.009773211905252632,-0.010365976891572592,-0.005549291386164651,0.007526729396968892,0.005643683562480413,0.002623975547940108,-0.0004246976260465897,0.0017260524512173324,-0.0027945551710281194,0.0029670298679244094,-0.007564074023535882,-0.008242552277155831,0.002545231003349929,-0.011284772875141352,-0.006187775693975537,0.005167493805214958,0.0026150803597795244,-0.004522263796973082,-0.002728060954391439,-0.005761469488762522,0.006013619900097677,-0.00559452879244128,0.00423661169448761,-0.008364434677534918,0.0028176811070624998,0.004771351051693968,0.008897780941360647,-0.0010062138729160137,-0.0034958486089288502,0.005313859360360742,-0.0020511135666834213,-0.009212031730795005,0.009000467328892474,-0.01855837553246139,0.013982397089339208,0.002143883079167692,0.00755143614865906,-0.005958981551467109,0.0024155338343763064,-0.004022022999291418,0.0024080077742621247,0.007937033507438247,-0.0009214386834912989,0.010418195944582776,0.006690927074941932,0.001279502132037748
72,0.010845984215789915,0.06612599098850473,-0.0019336519296415,-0.012412196521458757,0.0005490490837421327,0.0018628247894288495,-0.0014583941802532032,-0.0007937390089668244,0.0009200302729644145,-0.0007389908489941136,-0.007626538593050787,-0.00027041434831007535,0.00032485230758659604,0.0063920428627471425,0.005377168975808066,0.00424439664001002,-0.01506965936111098,0.0026524344459450326,-0.0013286888256041774,0.00303660730308255,-0.0005810202187890454,-0.00016569394288307992,-0.0021585011339612203,5.871732369818072e-05,0.0009673766131263833,0.0009016841887449273,-0.001435740203939429,0.00034392254782560745,0.005642063797803636,0.00047179420282538153,0.00011079159489876744,0.0009432476886509116,-0.00025530202863323907,-0.009107385420604937,0.004813416257783758,-0.011824426875804091,0.0016646514902768446,0.012708923811137912,-0.0025917701051598654,0.005028276354453242,0.007081528719383264,-0.0032762590525875377,0.004587442976245183,0.0015175200869612926,-0.001511892094173172,-0.0011582963659870769,3.568372389293033e-05,-0.0021232653070546057,0.004929737279564491,0.0011901811062716577,-0.004581987180155773,-0.004932155496064352,0.003138864383433866,-0.000527239032370915,-0.005028154270004386,-0.0037459130708054384,0.0008712575042497345,-0.0005711921632265738,0.0047010390522507954,0.0030626877467708996,-0.0009685007302115809,0.0015049331311264885,-0.0005303671985689372,-0.002941533846958998,0.0018368578506377414,0.0014500390669225794,0.0029463490863070258,0.0008292818136392248,-0.00011461008006253938,0.00036779958679496606,0.0010493635064832453,-0.0037048510615489264,-0.000975923746134125,0.0002692734533874877,0.000944867819260001,0.005396522602444134,0.004155295144027012,-0.0020298228955582132,0.002848188427633548,0.002070916546983258,0.003337218715071107,0.0014236129481760716,-0.0003578184723039498,-0.0015454828594202927,-0.002378859464031078,-0.00329475015022383,0.0052448016031587195,0.0039157836596564015,-0.002130715158168955,-0.008385917391026733,0.0038057332997565056,0.0002627913421036135,-0.00022529080079727672,-0.003293498419043938,-0.003512110024983247,-0.0041242987067613545,-0.003730407036371089,-0.0015965563078695097,-0.004254642353026464,-0.0027706627467222497
73,0.01439579256506543,0.06736996688253159,-0.0018565833148431533,-0.015861222676018562,0.0009784016776897978,0.0009080219290924442,-0.007357115013640971,-0.0018652386173767966,-0.0012974561497748748,-0.0010292578650228424,-0.013021568422697671,-0.0020170596397387037,-0.0005441523803310064,0.008319187266441886,0.006467468228231352,0.006609380114502339,-0.023520752690430385,0.005560226184301081,-0.0014058045976859234,0.00034611632878831883,0.0012086735138537607,0.0001641101147261677,-0.002777574023787469,-0.0037927017050595115,0.0007331561880215289,0.002695996258398191,-0.002613455146383794,0.002172548893752038,0.010594578245311811,-0.0013620165987109289,-0.0036606213047543842,0.00034857980558077647,-0.001554714119044311,-0.007231063454595658,-0.0011199398884087876,-0.009173108869024124,-0.005066022330258189,0.01475280215144053,0.004664800166513308,0.005498661973183405,0.002335810858254058,-0.007173729971159699,0.007198457176754667,-0.008801020591365229,0.002895020987380168,-0.0004854829153648042,-0.0012930223155217075,-0.004902161365142763,-0.0008421034009008558,-0.0008080895068182708,-0.003081890764547738,-0.004959781367341379,0.004306765764489394,-0.0041564236894309535,0.00828447768295121,-0.011106096902474563,0.005889271105588395,0.006070178282993915,0.002827679372301449,-0.004100655725219125,-0.001391710778030267,0.0008829235432902736,-0.0034283503971402046,0.0018950484730134237,-0.010113209464665561,-0.002986550541414204,0.012615347944756624,-0.003231931534675776,-0.01161205572939906,0.0050625077100699,0.007246670833223813,-0.004875545141148947,0.0016541340294872104,0.004272300029026755,-0.00015166453106877682,0.00810211636082615,0.002322589945533969,0.00897437125014171,0.0018219008741475655,-0.0003935128660351749,-0.0012049078909050826,-0.002120506188208628,-0.002967016593771983,-0.002586117235278515,0.000548318840682633,-0.010221443504796672,0.006028979944404099,0.005615589529465122,0.007650473938495304,-0.009481298055176248,-0.006490345237150082,-0.00023724602705627794,0.003690649226833398,0.0019165220650869674,-0.006814112534341614,-0.004675708218588776,-0.005379268609339518,-0.001843566583599948,-0.006751900973002472,0.006903544903431407
74,0.01394785481445647,0.07186036834381719,-0.001241597358851309,-0.013800471722516644,0.0018018979955978073,0.0009192122358344804,-0.002451381500307706,-0.005339553172887617,0.003451668368329434,-0.005605457950351876,-0.010584148344447,-0.0028735537369040855,-6.045899218681158e-05,0.008242835524947747,0.007384140698118404,0.0042882877864740135,-0.020039836136579395,0.005031417095416567,-0.002745168727832693,0.0009301199722907094,0.00035725156435535146,-0.0006899793102903525,-0.005888881103387694,-0.004756214630475469,0.0007530655129584725,0.003987261872900415,-0.002840569502130623,-0.0011501088287695495,0.014990127459115495,-0.002296611361519044,-0.008788814395962,-0.003758685758839685,-0.008053740348991608,-0.009540919146667323,0.012121775834938679,-0.0036542510013974822,-0.007619162117947913,0.0037406132270857073,0.0019971931731279846,0.004087304880447681,0.0037251386532673085,-0.002211503446580567,-0.00039889235328419815,-0.004678851990608681,-0.0027853125555818946,-0.0061078317435176895,-7.373784299548782e-05,-0.0020882903688118665,-0.0002429058200198689,-0.006224016278104879,0.005325373511015322,-0.005257784325374233,0.002407457731620898,-0.0018819637915428193,-0.0008338497150511715,-0.0031807291201984235,0.014627682618362187,0.002664474001209582,0.007232057719752607,-0.007568223170191489,-0.0038731753369571536,0.00869502884426398,0.008854690525618943,0.0046814802818603155,-0.00796479549056922,-0.0017805398786519331,0.006769951052525432,-0.0011955962975789276,-0.010044086086767367,0.012425565902779946,0.011619718366393831,-0.007334136188637475,-9.650358379568938e-05,0.0022870434574667267,-0.0002844176450550181,0.007361185547468689,0.0004208771890372538,0.0004320189314961536,-0.0022349137136793806,-0.004232628514101468,0.008177806952244588,0.0037693167385275308,0.001604926079556605,-0.005984691210426644,-0.008826517326333829,-0.007698018016146521,-0.0012863192397259144,0.011272008575714847,-0.002062498942334864,-0.010780090699621088,-0.0014283204977929048,0.004846763886380417,0.0023105657943270374,-0.003326530899007375,-0.00468304795549574,0.000612677171185887,0.00811912921852195,0.012192488893480494,0.00483850718727355,0.008035630170314365
75,0.014885503441178956,0.06633429530241904,-0.001456396515528596,-0.013135240914366329,0.0005669058899679145,0.0013729633536065957,-0.00036435338261919814,-0.002471272965466353,0.001108404343129071,-0.004132786536270379,-0.006292508477479964,-0.000647590306227125,-0.002021499634267866,0.008460436258445746,0.009955520465825426,0.0040633493634469695,-0.01996481181021492,0.005183580534920033,-0.0026244828299412074,0.003136997179734613,0.0019111852935563534,-0.003768876691848052,-0.004927700251445983,-0.0018892229796081364,-0.0014458636047450983,0.002564062277393147,-0.0026793689440462653,-0.0017321320199038387,0.013234062621265188,-0.0004890816493416163,-0.009283254312298629,-0.004201543310977136,-0.0038110443455373543,-0.005229614044689895,0.003429236945043179,-0.0009318559342476409,-0.00856063194063289,0.005485212257313004,0.0058624378798734725,0.007203588891573641,0.0009798266006725731,0.0046485324967719,0.0049690258455199685,-0.0077850418570971965,0.006286416629238572,-0.007366265839144309,0.010703050808078337,-0.004316830769211554,0.009625061139412635,0.0019127968623863128,0.00907343755899885,-0.0005096117656766187,-0.005043264151641086,-0.003377814010589301,-0.002025624963446762,-0.0029308131470821824,0.009623664662191361,0.00556082034373899,-0.002231902165544891,-0.00976145812199675,0.0044649714844422934,-0.0016706391888907095,0.004632562100562243,0.005841640535713598,-0.0008154419103795953,0.00017549727061595368,0.0033554974082997176,-0.002550384549391798,-0.009893815585534283,-0.0024806514173287,0.00041120200916058066,0.0006458361514726171,0.0037007931994457715,0.0007732903537397124,-0.002556538002074832,0.0039860441544017685,-0.004423645730556843,0.004427909963513504,-0.007923835130614485,-0.0008249780693251926,0.0022609473382368362,-0.0051903379089399265,0.00904383311813003,-0.0030591743526123356,-0.006730050164617698,0.0052130048948528926,0.001970399972721648,0.0018795680027757673,-0.0025183428065094116,-0.0080104289943345,-0.004935786481664477,0.006723479170175068,0.001266159667297664,8.451356932110699e-05,0.003640323161127689,-0.0045808107405697915,-0.005784688267954636,0.010597924584554585,0.0009157791692239879,0.0069807992285846054
76,0.014586143519569982,0.0703083771210699,-0.0012151135105645905,-0.014782473802793761,0.0019267348192248171,0.0006657286039031508,-0.0038764607527259414,-0.00482953599949539,0.0016676511988588452,-0.004695815563904804,-0.008889021082637134,-0.0032696963465932466,-0.0007945871070881107,0.0077904401647320145,0.006112535705387817,0.004129321785669702,-0.022121009457185946,0.0054405668277726455,-0.0019273753458218749,-0.0005099102163654103,0.0009342043816071785,0.00021212241513472374,-0.005287364297168359,-0.004124729773919448,0.002152082552675577,0.002373354821984213,-0.002366739177951714,-0.00012000543024504577,0.012319546068274314,-0.0007636063688793512,-0.010058391269047333,-0.004788986856330379,-0.0018476611781754915,-0.004980241266600931,0.009873033268773578,0.0023685389593059362,-0.004155807478586274,0.0011133187466417752,0.002263282966971743,0.0010223719185524253,-0.0008531420549324762,-0.003283236528229616,0.0034050892908996377,-0.006515927526519295,0.001370932261269407,-0.010288893790999676,-0.0005146564374168336,-0.007051908107434407,-0.003068720093579367,-0.007544593356389356,-0.0063978074257652244,-0.0043352457841506304,0.006169357446789862,0.009443701113546393,0.0036239760654601244,-0.004936085748522139,0.00868645254658566,0.0007340235038074287,0.005244112246176394,-0.010020771426656336,-0.011058550466811526,0.008911954584271966,0.0006672205109535843,0.009710874850182176,0.003524702975614352,-0.005078803411903869,0.007660087832649878,0.003412967920015259,-0.015746406755971776,0.004942500575084018,-0.0034353684559487456,-0.0027972357399644334,0.0013137666544795483,-0.0027829556390805937,-0.005070073630549911,0.005461928197461607,-0.003687872996386205,0.005058783086621017,-0.0033277595640470036,0.007760252680628916,0.00046748144517319595,0.007978041832544235,0.004639336572414581,-0.003328007290625429,-0.004634149820820214,0.004402418875514492,0.009755602963006278,0.004518339302547761,-0.008513536180807826,-0.012145299417784213,0.0011665559298136353,0.007447318506983473,0.001671196300007174,0.0034505760353877022,0.0065370262873069235,-0.0077867598345188515,-0.009533836022176717,0.005270044104756092,-0.0063028425996069625,-0.0022267029852315098
77,0.01363472264479227,0.06963700167360466,-0.0008778332094452695,-0.01490702685869867,-0.00014573098971531136,0.0004971016316263114,-0.005261256482335888,-0.006209425365026905,0.0008259951379676801,-0.0022811613670385084,-0.013756287608024251,-0.007021646177243181,0.0012175124667771306,0.011242294608824302,0.011188774329001169,0.003651940302433997,-0.02136965260429875,0.006225820104421927,-0.0013863961891484213,-0.0031214990764790195,0.0030219909551672257,-0.0028048376200376203,-0.004932161045777794,-0.003418594905327794,0.0005684740295866911,0.0019298974409039606,-0.0057567885974261325,-0.00013791271989769247,0.01533652098160066,0.0032895296094512454,-0.009616975226405896,-0.00887279173207412,-0.011185122736525367,-0.008075245542921196,0.013099092361095147,-0.0018867852049100264,-0.01552192355329127,-0.0017465014099034136,-0.007038192938282467,0.006434000301885537,0.0049924006768324175,0.009417827207427286,0.003432075186282531,-0.0022156830883813287,0.0047096848528769665,0.00028135935971512966,0.005296965471207354,-0.013429217661610844,0.003625092529914008,-0.0038080113449501557,0.0040832992579897245,0.005599983057184107,-6.93392083601179e-05,0.005646741880820285,0.003958730975247786,0.004152094815274938,0.013568237434525503,-0.0055731457808549795,0.004537284460044232,-0.004884871391121431,0.012180779596606971,0.0012981708439839621,0.006624617251077908,0.004671453609151903,-0.00297692389122087,-0.005092712437291252,-0.0008323027132318057,0.004139759712697194,-0.0038940418779899472,-0.00033906062125014667,-0.00213993737976506,0.001059277315580916,-0.002895368141649604,-0.002753657873062701,0.0085552720308557,0.007284820376607785,-0.0032745442682214757,0.00527701383355249,0.0015820071862489773,-0.003230594033882658,-0.00746974269143084,-0.0021757052464457557,0.0028417522715611966,0.0011781699108232898,0.003005101223586157,0.002261032200013498,0.0073914827627834375,0.0007823125919962495,-0.010251083635888676,-0.0042928052548480726,-0.0009075286828252922,-0.007475441858246654,0.007865720533101033,0.001805271346054947,0.004847664326011643,-0.0066135814202202305,-0.005896445193973282,0.0004618352750264149,-0.006326657140076325,0.002580590144103438
78,0.011720626145761618,0.06538864814871889,-0.001148814231074307,-0.01501071103462687,0.003155592405868418,0.0001614554932278456,0.0019454714773186926,-0.0037452146415612353,0.0038012048489127342,-0.004491996259507078,-0.01232758041405114,-0.004653883924261845,0.0013094690936625924,0.005647029197274315,0.007409082163195732,0.0017429591369080089,-0.02144020879834599,0.004298310718205797,-0.002516828757141363,0.0012342191300185365,0.0007819981867281748,-0.0002939677292263473,-0.003272795492699269,-0.0012248117107570829,0.00018063232963926764,0.0010089193645226575,-0.001346405054885341,-0.0008146474002334895,0.007991045844936978,-0.0012506063439461515,-0.008596538476090293,-0.002861343898706562,-0.0073870576185523775,-0.0075084309702552155,0.013576308516441142,0.00017979655457517677,-0.007908397619564534,-0.0037941368910275972,-0.0016212819153097742,0.007249258154030676,0.004950935677701712,0.007347503952443206,-0.004017140037129048,0.00324317442713817,0.0016285616625948717,-0.0033395541474154425,-0.00706358249235854,-0.007476637492848578,-0.00022906366460698853,-0.0031584715596940202,-0.0021687240383579287,0.0012936524990781546,-0.0025920328363425527,0.011588579044088854,-0.0037426306590083542,0.00919287647614264,0.005799194448031075,-0.0066572594274785695,0.004375633422093597,-0.005968124771405866,0.0027530639751336414,0.00613424097429941,0.0003909099302669075,0.00052026906248573,-0.006401981944928211,-0.0033991972146544223,0.003326516702748027,0.0047495139147450665,-0.0028406180113813673,-0.0025034402388357108,-0.004224717240399786,0.004268407916640946,-0.00035312997431064284,-0.004702635167194797,0.005616619870461453,0.00356627318234039,-0.007123310959405451,0.003383921497869124,0.003899339582949882,-0.001053620469617153,0.0004862222027156802,0.003404540837894614,-0.005206018360981625,-0.0016947709512522243,0.008554242731776589,0.0032727138113364976,-0.002043863623191699,-0.0028384595427443956,-0.0037588290531931122,0.003792597035052376,-0.0032105357595773893,4.427518612422203e-05,-0.0038724100405724752,0.0007063634817004003,0.004527139188078521,-0.009209215011289348,-0.007691536013555438,-0.010208059760531504,-0.001387003775030591,-0.0001379999715259951
79,0.0117120905370618,0.06477367853626068,-0.0014618881471633943,-0.017065581015984883,0.0014568056554411296,0.000153335399834297,-0.003181668154391316,-0.003375318666241456,0.002846998881272593,-0.0035432221677648723,-0.010437516796233242,-0.0015196740764149982,-0.000877880529767289,0.006851398751915524,0.005613976098995899,0.004494241531641671,-0.023388223757393793,0.0063773157079403744,-0.002752983342461721,-0.0009234453788657394,0.003603160605578992,-0.00017942284522234024,-0.005027730152237899,-0.0035119840208096306,0.003186757969614004,0.002576919974369531,-0.0032319321305339503,-0.0009066216208734886,0.012472558136640223,0.0002354543893344304,-0.008024481705449468,-0.0052472496608455136,-0.007143884435699233,-0.0032965913168834645,0.009171713708679604,0.009114186108098265,-0.0010454202924069774,-0.0041859746074465595,0.00797776736761333,0.009999667306777926,0.004704332434725998,-0.005101549010351821,-0.0024186800701344506,-0.004844493098307071,0.0029604236541139538,-0.00044795003915591724,0.0014379907418661123,-0.0012527032818772932,0.0035820869708783508,-0.0023315455282595086,-0.003080792682486327,0.0062593285835634924,-0.006390919134314062,0.008219470580532233,-0.004664652562061961,0.004774583311563371,0.002045403889282064,-0.008958145106751907,0.012088799974527227,-0.005105029556497138,0.002148637681950433,0.0033883850804342763,0.003283439396853967,0.012299972566753744,0.004259351838971691,0.0015970280969567422,0.006168536530867975,0.002959968793940252,-0.005374024926175125,0.0009799709494229712,-0.006880734295131206,0.012488973111538473,-0.0030736999463815613,-0.0020769533779800777,0.01002463537469662,-0.0036214442562614814,0.002434079341201286,-0.006211256348334708,0.004429198185959171,0.003037118449809119,-0.0012647851000012098,-0.00416544536683708,0.005151658251824409,0.0009893277896069555,0.0026169220984413183,0.008937371018809297,0.002502838705891049,-0.001743441092003536,0.005493653427012541,0.0006935526781602072,0.0003489075230097724,0.009629909309792798,-0.0025199998833153802,0.0041813740203830085,0.0004545388408649868,-0.005756626662588406,0.0064376516593417045,-0.009311665592217157,-0.003430742229388514,-0.0006886708869135968
80,0.011776951533423419,0.062265739986313275,-0.001508965648988545,-0.01450292173864365,-1.5808636393851745e-05,8.283283975817914e-05,-0.005197052639120447,-0.0012309354880058083,0.0011817225076141723,-0.001481943295123339,-0.012336541261727103,-0.0003665222950882808,-0.00028874168769380725,0.008902388494611469,0.008515361522108555,0.004270995511108612,-0.021253556081968154,0.006029379512916104,-0.002289642422380906,-0.0004203296481746298,0.002101069421551219,0.00026926193712541847,-0.0019504196311153873,0.0003421753393491584,-3.6526349274594065e-05,-2.126819656106638e-05,-0.0011056172624132328,-0.001784047596583276,0.011455215654395574,-0.00018834080630825844,-0.005704595218421525,-0.0007203353815073149,-0.006462970532452567,0.001505674450584836,4.1545635601796675e-05,0.000612269321063993,-0.002101731218207082,0.005127109858535616,0.0036821074032800903,0.006638292138316244,0.008795893211182714,0.003031105988877713,0.0017726175357211309,-0.0029504492280879617,-0.0011383557037014404,0.0028701511585176886,-0.001868659337172046,-0.0017365444829249574,0.008503175299102569,0.0035103077764319836,-0.0021539333300253,0.006011292920711968,-0.004492217487420917,0.006316936408208739,0.0003700919837795828,0.01109549478275774,0.0026907868205890174,-0.0009022155813303367,0.0009353416439118668,-0.005818616849357918,-0.0011421576465460868,0.0005068745120956629,-0.001431597215474065,0.004174220492740335,0.004471199545233105,-0.0034849519614065985,0.002411711967599459,0.003365750419311579,-0.006154101127300826,-0.012500704477918784,0.0012034891142723224,0.0082472730884495,-0.005499252626349605,0.0003788512089683925,0.0027166294967820837,-0.0038067677750599654,-0.007580641456864572,-0.0021791517785317623,0.0075680759475899185,0.008250151606265502,-0.000866823894300637,-0.0037393602820160548,-0.0032132686763570355,-0.004235189479667193,0.0026291505393561186,0.006415057715565205,-0.005005365127198155,-0.010474074602817572,-0.0015331568752612345,0.0077722987627845295,-0.0030575462086706276,0.004585955020855184,0.00041655761131269883,-0.006926043580300699,0.012053114224043857,-0.003532524513286559,0.0006125807999346808,-0.0005224412207054467,-0.0023251353576520402,-0.00026008927920785694
81,0.011102121200801732,0.06315023913979151,-0.001267642471896615,-0.013706517011658299,0.00021887543185794623,0.001039100045543133,0.0009356472629424244,-0.0017162975433200056,0.0008382667050691153,-0.004633633772180519,-0.009517597619482069,-0.0015642298329405294,-0.0014436049195938549,0.006767523692519217,0.005312785925716563,0.0039558040765485265,-0.01752994826572795,0.004327222898154486,-0.00036827097750068865,0.00013950797923712943,-0.001282834860907633,-8.329453469400264e-05,-0.0007743844138977145,-0.00022886958984631915,5.470939902898821e-05,0.0002837456384256819,-0.0006295001435149929,-0.002305658257616365,0.010963469514519281,-0.001471450687995279,-0.0049391894519581914,0.0004612949972349358,-0.0042712170365412265,-0.00010493233671761266,0.006088684829672468,-0.004465031581719564,0.0013064226785781273,0.0072540880280312645,-0.0022104305720088194,0.009434149628432132,0.009553218321782124,-0.006570254050021181,0.007026714800300153,-0.005841853899984652,0.0009266629894189218,0.0018147267307415487,-0.0050914116154006615,-0.006536454666323443,0.00217508815034949,0.0030980747011642917,-0.00409550380692109,0.0051264202405339404,-0.0037578520142299587,0.008617770670483917,0.0056875931353309915,-0.0003615549827731351,-0.006066530314945423,-0.006390693236052898,0.00010647589565266095,-0.006268969087900421,0.004424289553420761,0.00877186226176115,0.0002508649443052714,-0.005209959082012983,0.004867466726824415,0.005391547785542099,-0.0016285433190550943,-0.0003972203912043911,-0.0018854735704248358,-0.004332701620921767,0.0008275366995947349,0.011820176454085979,-0.002921278145257086,-0.0007658089436599728,-0.008547658145986708,-0.001482615044050579,-0.008806462679511995,0.004839952772803103,-0.013501523770103538,0.008550805877485267,-0.0036457654609413945,-0.00143047801984999,-0.01080534880021183,-0.0006608108198716303,-0.00460515873585139,0.011388365378282982,-0.008596926716552836,0.0030093621538748484,-0.002771598881223161,0.002417984490933451,-0.008951489038870573,0.004515271771149094,-0.0003434794468133888,-0.008561173488053924,0.004114395637959707,0.007496547525304955,0.0018507761319416336,-0.001121180843490809,0.007336021148877197,-0.012353893657841631
82,0.008031879880430907,0.05999366231634685,-3.701790540116247e-05,0.012288952240710785,0.016722069976346583,-0.0002160052481236975,0.3033568459373994,0.07126964125244294,-0.11532042202122128,0.03846024106906316,-0.08313012439637031,-0.03112977558736639,0.020210077924949475,0.006419584048544063,-0.0023724268195679434,-0.046084390082746694,-0.009298574648909288,0.002420204504984215,0.0012480927723334428,-0.03910705547718512,0.0022649347514323145,-0.016790233011414423,0.004212107310868901,0.020762917157520194,-0.06227114644435199,0.001610296303042867,0.0004650407808860417,0.0016507145099965493,0.007615361289264689,-0.0003639054882226195,0.03130474675214668,-0.06609482253511258,0.003961187502260478,-0.0012571242928936582,-0.0040298920809595596,0.0012323922897044958,0.0037017109763362484,0.0049182926485735285,0.0008595371370606856,0.0014665172436924504,-0.00021779391428366468,-0.0035313376047719806,-0.003939983184943546,0.0011878492417532155,-0.001529425214647295,-0.00012799286769490145,-0.0006713534168671694,0.0003101118880398071,-0.0007850018641330849,-0.0007399847571666499,0.002348548457528796,-3.5158391412867305e-05,0.0015471590460136564,0.00014780016139378984,-0.0011265335357894927,-0.0009257523594826022,0.000762257747528898,-0.00041331389986808207,0.0005266712883803791,-0.0002927635844004012,-0.00024737670492938467,0.0004054484732874303,-0.0002833890096516363,5.0717724081495265e-05,-6.514671926566515e-05,-0.0004751783713538865,0.0002929447538822792,-0.0001496451953587298,-3.4048914054031016e-06,-0.00036524447076994725,-2.4276193815492568e-05,-0.0008176826564542526,-0.0009196768598942048,0.00036362807526811613,-0.0011444394837046897,3.0443259988144382e-05,0.00031284059057230535,-0.00035065449077749616,0.0005866644942307851,-0.00010223391051333093,0.0001723960786009122,0.00016565528396697603,0.0003744313039973008,-0.0001175222608304407,0.0007453517473609208,-0.0007746169896298885,-0.00038665630377691083,-9.739163655184154e-06,0.00011622465473580872,-0.0004761796382105859,0.00017343497483155557,-1.9519281215712e-05,-3.3567635781899064e-05,-0.00043717437625089657,-0.00034253395007519,0.0001299889705829182,0.0003651219559387657,0.0007197332155547574,-0.00031867261507952013,0.00038798419779193774
83,0.010963902425017833,0.0568976484959017,0.00043685608324455134,0.013958954142039653,0.010379434102876645,-0.0018871365525457793,0.15808171770278764,0.03640943610634757,-0.046127755151557474,0.0175394283081003,-0.03281615561771357,-0.010877937530241081,0.008402037361397488,0.0013804423550781277,0.002789640679497489,-0.01703285811326267,-0.009533764782102666,-0.004919935577867423,-0.00018032495405566733,0.0009265081998829007,-0.00040953135375271883,-0.0032123717760966014,-0.00932224194045157,-0.005085970959698697,-0.012799102045804632,0.009015432885194784,-0.0030991380642060172,0.0027040174792623255,-0.01991672964639492,0.0035999972154423746,-0.059731773108352725,0.14448592187276096,-0.011000857151849494,0.005332820039062118,0.01980953647293168,0.0018226235014000857,-0.003575761950274549,-0.013545196766653226,-0.00037583236944124885,-0.0013031806390734967,0.002197938920154998,0.0007860565786763023,0.00040312850982823816,-0.003981313602435517,0.0013076961569245056,0.0009081169361723244,0.001586683286930974,0.0007879314172865246,0.0015774962966457545,0.0027797195114971206,-0.00617714593395085,0.0003702059233552543,-0.0016077967023252102,-0.0018682876542803865,0.006509524305417948,0.0019306742199787252,-0.0012677863177325889,0.0014967331286547276,0.00022488890379785897,0.0031069506358222046,-0.0006550333686818113,-0.0005730290134998374,-0.00357064737095337,0.0010803733239728812,0.0027858234619244997,0.0010247756997748192,-0.00012027774745549405,0.0008355918230318422,0.000934332804201937,0.00234863066616307,0.00031536003902500744,-0.0009896090564156556,0.002584264801343674,-0.0023221688277495927,0.0028572432297116154,0.0015266704468937823,-0.0019199712773284292,0.0032497001204963728,-0.0007820082680800482,0.000657340833514277,0.0008264583916707257,0.0006618575791184941,0.0009608815103217122,-0.0004522793414164386,-0.0008349861430323631,0.0005531435804811686,0.0007187345188671954,-0.001139531162687104,0.00019727251007200104,-0.00013758992544678206,-0.0004653028194031659,0.0004945672205491492,0.00032911337874163394,-0.000453511418055067,0.00024049270735653915,-2.7081980732239215e-06,-0.0007839550430337866,-0.0013733712308274155,0.00011443092348142086,0.0003884772078736366
84,0.014473787310668883,0.067847750183661,-0.0025364391888247012,-0.027266291214991425,0.023708844823417348,-0.00580500127821135,0.04901065639998996,-0.03354657742110843,0.18724606669498048,-0.05311588134815355,-0.015648302923003357,-0.23090607624756557,0.12597933157876237,-0.12414866518785032,-0.01841491739042592,-0.019435482644846964,-0.0058518068349525006,0.0020032520878447337,0.01456665904742367,-0.012394720041156783,0.0006812858439006338,-0.0007990189976361981,0.0019432988279515211,-0.0028048862358831515,-0.00028759293245291846,0.0031682075882674882,-0.0013147335446171214,-0.0003852168179631777,0.005111511227568511,0.0004900403279945188,0.0030810935779369436,0.0032457766684979425,0.003098471099084895,-0.002235687848164048,-0.010749613305566825,-0.0017220780258664736,0.0009827331014556,0.0025978731765322802,0.0007129280525300609,0.0014118024661382421,-0.0008049361649386725,-0.0035420373886824114,0.004870278550869814,0.001331961577362521,0.0022762663470790147,-0.0012515935695512218,0.002852996945562163,0.0003737487420367124,-0.0010944569786102388,-0.0014207895776537792,-0.0014534797049719427,-0.0009395848762951944,0.0005656820217961866,4.5319088159812e-05,0.0007650740760641896,0.0010233982093957236,4.504485058629551e-05,0.0010797076510171985,-0.0016719599802305501,0.00010139209436736022,-0.00020993754215466645,-0.002052940157442991,0.0001084506315466358,0.0007372490429570726,-0.0010828304378544358,-0.0004617724523379368,0.0009473221286365828,6.265928976429365e-05,0.0005265942598995957,0.00010238447073528029,-0.0005571269542942232,0.0010560564248319644,0.0005249395396683218,0.0002255105700044315,-0.000778558962355363,0.0006687512021970509,0.0005620170708428134,0.0001354195005099949,-0.0004869454112598562,0.0003755383963492095,0.0007704524013344839,-0.0006490641360683906,0.000631374844322975,0.000494691216426866,0.00027490121569934817,0.0006867892653464686,0.00010736973557503079,0.000335926342589783,-5.097759511892441e-06,0.0011696265705011838,-0.00026518188485295715,-0.0009544907723200611,0.00042326877269782573,-0.000596581998055101,0.00045923646665320633,3.992370074184163e-05,0.0007192616903242667,-0.0001457726238349354,-0.0004617755951747419,-0.0006148569863369978
85,0.011662897562770351,0.06565820025441911,-0.0016406204311403497,-0.01793384873508505,0.0013808909333729634,0.0004128453423027748,-0.0023723899872701674,-0.0028149133822265703,0.002870061389221785,-0.0041681469999366215,-0.012081676434301594,-0.0018290587900389,-0.0005719885501448511,0.007027266971865493,0.009604573891754606,0.003121768750968089,-0.027452820233487343,0.007003597031955685,-0.0028421797204094905,-0.0011193686375258506,-5.857478394059123e-06,0.00012783212863695743,-0.0026532232049896985,-0.0006356728576108762,-0.000255470620410008,0.0003016193616976016,-9.236972286647895e-05,-0.0014178946785279659,0.016427085385522386,-0.0017977689755019285,-0.009158410507866374,-0.007016546830294483,-0.005179314880943126,-0.004656433483378125,0.013462788196087969,0.0010685246634812339,-0.006813419217526533,0.009395200616942552,-0.00022022103359867348,0.0058256573889079455,0.0032255494898119357,-0.00037798975534025965,-0.0013489962427854928,-0.00847862528834892,0.007940361710632475,0.003666071037881842,-0.003321967464626503,-0.016081732446980655,0.0007512591818238999,-0.0065686939214498145,-0.009200382025306276,0.007975910298240078,-0.008441121016729688,0.01852375024894467,0.009273750332697525,-0.0039034375386796678,-0.004846944368492411,-0.01459109308231903,0.0022558604037281175,0.01665876468998788,0.009137176084500704,0.011309519851712014,-0.0012316717739937894,-0.010577230302581907,0.003322729263810767,0.008222109447875792,-0.0034860587098159237,0.007694301804857061,-0.0012927360363680024,-0.007972199513317717,-0.005831928744481092,0.007842901372749683,0.0033627241289628583,-0.0020874420297930635,-0.01572654827759472,-0.009967770042798283,-0.00904938524650069,0.0030884404282924428,-0.015319279602971417,-0.004402222612485575,0.001985742261022708,0.001435280994828089,-0.009869407344635511,0.0014580157954572383,-0.0018751978497198408,0.005956207720044332,-0.011505833429157718,0.002822016774688186,0.0037226767924892178,0.011538412755582523,-0.006530008196909833,-0.011468472583552311,0.007948021821167075,-0.0027389078803540827,-0.0004510678551104729,-0.0017999655191793136,-0.007332462160875389,-0.0033462546579870285,0.01251696763251133,0.011453819067691844
86,0.011106901941611536,0.06463896943626975,-0.0012879417936835368,-0.01701533801844919,0.0010120161491046316,0.000939707598010096,-0.002255495299330993,-0.004718046186355137,0.0029733950227589503,-0.0041350694743030525,-0.007536646812780155,-0.00531543590422247,0.0017008525437130805,0.005750080827840427,0.010365767154760272,0.004629468072885971,-0.022278223680530108,0.005170317800018324,-0.003196263895253146,0.0013242048878445705,0.0024302194502683334,-0.0019069352011745764,-0.003033495774407384,-0.0013436249260242662,0.0010734580742479624,0.0005634810259397991,-0.0010716519895317088,-0.002446143372575185,0.0087267034510283,0.001926447627555457,-0.005775548402018376,-0.004370028161111617,-0.002585048189267192,-0.0067626870824929065,0.013121755480015236,-0.000638809749067709,-0.00266720824309051,-0.002189606241020112,-0.0013895942463512299,0.006693418904533958,0.0060062566538962026,0.008779109927949275,-0.005558365608487653,-0.001675714754878821,0.002332801303039125,-2.6540844706427445e-05,0.001372885706765009,-0.004866084651878266,-0.0022272524444322825,-1.6541180553214652e-05,0.0010310478560749705,0.002899724013780277,-0.0086618841746358,0.0026345680098898224,-0.00335305640264474,0.0022636867905607948,0.0032689028379308043,-0.01291804767605075,0.002782853207854379,0.0007142961895996305,0.007822384306550224,-0.00036836660206640955,-0.0013165418722982099,0.0007267203070441242,0.008842745863174357,0.00047526765618102876,-0.0012831163490903568,0.005019057540197978,-0.005848895380991392,-0.008471021958946277,-0.002406468967728067,-0.0014555877214399604,0.001404062646937124,0.0031253378388523922,0.003176805122401884,0.0051977327889899776,-0.004071371004863524,0.00543384518789237,0.003078219103637029,-0.0005446181054557202,-0.004693601187085804,-0.004834601217194754,0.00036465924110872384,0.0034354325817918183,0.002623110777002191,-0.0022009848702617156,0.003787795596400383,0.00031390124215349414,-0.005929456481780733,-0.0023730356990488487,0.006334169858990518,-0.001931338905723328,0.0036181285648339482,-0.0026067467520338324,0.004234081040958481,0.002346495448757171,-0.0025367251809549846,-0.004951772726174574,0.0034702060413521157,-0.0018865293776237433
87,0.012859024793150863,0.07181476357158308,-0.0019637826583162113,-0.016243515660064045,0.0011723919992734225,0.0009326003248541154,-0.002419795021386526,-0.0027304270766229243,0.0023048951965849735,-0.004691319246193698,-0.010767458517238301,0.0006575090019588338,-0.0028623535086422917,0.009197377391844768,0.008973933384846824,0.005542134295900209,-0.02812785089854683,0.007506354873635963,-0.0028530235604613315,0.003699015084076849,-0.0005183699026205779,-0.0006839920226932586,-0.0020147096509611764,-0.0014506782634008868,0.002009460998032988,0.0020008116198198733,-0.0017680085399738076,-0.0004941100301166751,0.01145970676405719,-0.002527041277594317,-0.0064316275529983855,-0.003333908142875518,-0.004839898116041179,-0.0007510176306057602,0.004467409415137631,0.0006089301203374599,-0.004249763925710104,0.007570201899204589,0.002185336472600826,0.003367373825492459,0.006148835153369769,0.00013372842332373108,0.0015240877818721997,-0.007716172873485219,0.009113511615523245,0.0021294335261892333,0.006127072123640525,-0.009550946628415224,0.000990233484909837,-0.005024951686206597,-0.0010779481868784687,0.0031843487090552542,-0.007532195147148092,0.00834096814637748,0.0017723688736681269,-0.0035886036193560357,0.0028255455785968454,-0.007751112741507931,0.0019807985289283605,0.011206699598249341,0.004954707743663683,0.008982145216433783,0.0001303397204104918,0.004382321720554188,-0.0015283290148582502,0.005328218737775812,0.0018150333810665602,-0.0017451704902019239,-0.0034043361573692222,-0.008308665684698163,0.004391901275756476,0.007469812569104882,-0.002383294513918074,0.00246907495652442,-0.0034773088821906505,0.001595414561184796,-0.0015331998407824648,0.005192894477360726,-0.008600066314753445,-0.005347083113577955,0.00033271857011352173,-0.003752118609646212,0.0015597626546762207,-0.0007415186670826152,-0.0034923061741784544,0.003641497582429671,-0.002621947364036625,0.005643044367167395,0.007255901191691492,0.002901499469364667,-0.003657759096972469,0.004207966624352587,-0.00010982492666014628,-0.002997555665650144,-0.007591939932910959,0.005605845292171864,0.004785288936802593,-0.00447343530893214,0.005916010485677763,-0.0012841504465252423
88,0.013092769839764888,0.07391202574286694,-0.0014633704529036673,-0.01655447276062074,0.0010446878483206582,0.0006981981503635224,-0.0035989670667729437,-0.004573705072596884,0.003104328867395156,-0.005307967818587793,-0.0128152164241297,-0.0024772659970903506,-0.0003054806775703967,0.00914991033785852,0.00891390548042139,0.005155208693943042,-0.02685581835063109,0.005756042077073558,-0.003341755856142036,0.002078194429175409,0.0009748731290646534,-0.0007969062996211344,-0.0019787166967051815,-0.001509409870601835,0.0022401783052377385,0.001156353246043279,-0.0010632983226797838,0.000674356418068658,0.01310452994595654,-0.0022618695340420854,-0.008246799301136639,-0.003216761687887367,-0.0040252812379379345,0.0009656155474779551,0.010037059602610494,0.0005152504747563784,-0.0036831517304414256,0.009237143083733353,-0.004209978595488661,0.00011118702147514338,0.004074485327936831,-0.005120654517576777,-0.007080127405393895,-0.010676481819211407,0.00846707756503078,0.005555254991670409,0.008682644869687964,-0.004795517010207686,0.0010897972052045166,-0.004126100880134319,-0.012255748091425104,0.0006862020009489183,-0.007435580768537164,0.011106226660051078,-0.004565582928195293,-0.0018405106994746456,-0.0007829544563916594,-0.004211878906707737,0.0028854380812977786,0.01678027802381812,-0.00042050093777721827,0.004939769009653093,-0.005508944978806888,-0.005930142218522771,0.00264303668839168,0.007542922243584724,-0.003200892923750349,0.005943712062789466,0.004740201606542578,0.00025499793694507694,0.005003964217678366,0.004828519291998634,0.0024167722751234385,0.008722350259581995,-0.005366895168512842,-0.0018870292044835038,0.004412095858716259,-0.0035983444273424395,-0.004590871891495275,-0.004619067074520197,0.0005854281902630695,0.006104995089247883,-0.0015484831797273376,0.0073609813131307565,-0.012090996548220479,-0.0038347420860651415,-0.001220398768007541,-0.001432482030515886,0.004695199975503077,-0.010584308994323192,0.002717559106086771,0.0068190882097870584,0.006028945276542742,0.007994632140297563,-0.008333569744363143,-0.00042532584773302126,0.01142310816628782,-0.0035714208926825434,0.0008167527304536002,-0.0036436381169990956
89,0.011065284052303101,0.06418285126165467,-0.0016867003499024993,-0.016465771816413174,-0.0007195390725557082,0.0004910915907034734,-0.006498283409448828,-0.001832888277962733,0.0014902107756239358,-0.0011368046507129414,-0.009674007701602318,-0.0006220597867640659,-0.00023023427934119173,0.008639095750707633,0.007121490840424246,0.006578680223250337,-0.022884407784259573,0.005869095229757959,-0.0017558761943831977,-0.0033127012266066405,-0.0009826020435746694,0.0010775201974161594,-0.0013098688673345556,-0.0011873100225576316,0.005063823112039611,0.000556697582870678,-0.000799066995382945,-0.0001335654010147622,0.008556684346387636,-0.0020395554102280193,-0.002993491678447949,-0.0015831893693564665,-8.275713558626396e-05,-0.0030622528180006808,0.0050978749221411495,-0.0066049230498145955,-0.0014193506699826759,0.012237148834305683,-7.019231172919555e-05,-0.0003557192212411719,0.005347138416221617,-0.010513356695886369,-0.003215743907590047,-0.008234250061266806,0.00451103528744789,0.00010933654904580861,0.007111052327428692,0.0015818153203651577,0.0003999540460572273,-0.003307948068213576,-0.010121911102297133,0.0030243756592407663,-0.0014060812938507061,-0.0004193998038741233,0.001077204434400594,-0.0035413367983918318,-0.0031715935968779307,-0.006772518555805609,0.0031052591647297884,0.011736210940943787,-0.0005762386007248125,0.0022378930323459,-0.012518955342361979,-0.004440921413550772,0.0030394141521845946,0.003907505156434796,-0.008341314761225743,-0.0004682112015306634,0.004137484146141009,0.0024457918021507045,0.003215440860752604,-0.0023239074480126696,0.00039288778550844173,0.005359961755491201,-0.0017727777060260496,-0.0100441991945705,-0.000985168932192421,0.0004873123116553532,-0.0030072171303016175,-0.0052119609201078665,0.0009550197332038972,0.0012734360721112924,0.0015745993349801119,-0.0023937379522970927,-0.0041866381948210485,0.0016000882410464577,-0.0003737022421866023,-0.002424567203415538,-0.010965371174461684,-0.008914813462828707,-0.0006292527482581296,-0.004270152004208167,0.0030809868756244744,-0.00033209566572497067,-0.0033585873432727905,0.002224792109258204,0.0011695890534520522,0.00040629275471890124,-0.0045921880858880125,0.0006636036350256607
90,0.01267269062348931,0.06615851326963973,-0.0016421838061871185,-0.017131529003268576,0.000319741097028867,0.0007619740493729194,-0.006880501462472766,-0.0024974923833455598,-0.0006317994529287598,-0.0016128765903954073,-0.011998124955446438,-0.002504726311153013,0.000381504831030158,0.008619155645246346,0.006810327442492896,0.0062660058358197535,-0.023087432801361458,0.006263300551688789,-0.0014430927675869528,-0.0026860081596074576,-6.817437353486596e-05,0.0008923016050654268,-0.0030057127950991113,-0.0026256991223531597,0.0021033407688679823,0.0017981115327292386,-0.0002517678136281704,-0.0010780217248157508,0.011034913691368484,-0.0028458431076743267,-0.005025081254687762,-0.0024187183086150847,-0.0010841563966612654,-0.002814028445865603,0.0033991145188087242,-0.0006005297452583295,-0.0010026944145401758,0.00887707180772729,0.002949481211155209,0.0015136012785481475,0.002142158438486379,-0.00874086214993087,-0.0011661407799788777,-0.009517515712835139,0.008106704061624358,-0.004941361473624921,0.005862630962818081,0.004354586881267586,-0.0012193653507286135,-0.0032981188873951904,-0.006860655343820843,0.0038197744593581307,-0.0019823349263586457,-0.002513689917042716,6.85604442018669e-05,0.0019879399672333214,0.003363813130395335,-0.006687524903250388,0.0026899833447141587,0.004946000335823759,-0.003954880274857687,0.0066768152898224915,-0.004262996330351574,-0.0020909360378857586,0.0024503630155804754,0.01075061670481687,-0.0006792026283129297,-0.0008812991934039631,0.004261960456549191,0.0061826579623180025,0.005610089443915031,-0.0009115336792066711,-0.0011249786754941847,0.0057501623951855,0.0012897785613430024,-0.006997866329223314,0.0006128626038446266,0.0022206043100653603,-0.0009818646939866625,-0.001581797922324889,0.00161089414186195,0.0013118755782977078,0.0017688047754704978,-0.005616938557948819,-0.0038697775493517967,0.0013835077712008724,-0.005493992206907351,0.00045544023457007695,-0.007544366447573554,-0.007098407093771091,-0.0013468936248161117,0.001973767977932065,-0.0053999349391088015,-0.001977337189439886,-0.003708688862493873,0.0028007462644451743,-0.0004577754812448303,-0.00019269630988709977,-0.0035792682674685057,-0.0026946908729513427
91,0.013287452462509786,0.0671195243937395,-0.0006926403408195781,-0.008614346296161538,0.0018619481586957152,0.0004363087104805881,0.000700354763274253,-0.0022725368231932145,-0.0005277924388442537,-0.0026605628178972152,-0.006374531310587037,0.0013361467777895921,-0.0020107821612649884,0.007164329284569581,0.011436447596643315,0.0021731134508666803,-0.02047878988808839,0.004511974294953573,-0.002168199715011552,0.006952090593255719,0.0022920376205878075,-0.002148756968153341,-0.0015673339589556178,-0.001829728637242399,-0.001469032318891494,0.0013337681569828362,0.0004047501960434808,-0.0013150735175596392,0.011848495628585143,-0.003600746214890323,-0.005898262947657563,-0.0012089437726293378,-0.0026980682459308925,-0.002951654898499603,0.0014766693136951778,0.0010660702565863185,0.00337913963194847,0.0072318549157086645,0.0035135341843225776,0.00607644057566859,-0.0018896096678368895,-0.006524646900044184,0.01043831249145285,-0.010196455228350403,0.010998002861338427,0.0006441327294092069,0.0023364527283971704,-0.006486975168929787,-0.0008390703596122001,0.000927321048244326,0.00027599260663853896,0.0023408710911659355,-0.015007743302360004,-0.003724395679101081,-0.013440042566527272,0.00998672076059297,0.007564109879327045,-0.018831265378856214,-0.002113639072591994,-0.004755241309579389,-0.0014815348055888422,-0.0064827569183350895,0.0015090155965508689,0.00935147665054817,0.0064594562112897476,0.012143691803807078,0.008874188902774029,-0.00767729875478906,0.00991698431352055,-0.0028665766080357273,0.004690332673049347,-0.005770813201695886,-0.008106170068450073,-0.004676217002296678,-0.0038446598108293523,-0.0004992226426920314,0.013603614694108196,-0.0022218408145279027,0.006501828440184848,0.001219879295223006,-0.006137230820086754,-0.0049063164343348935,0.0050887308306068425,-0.002507821616067403,0.007594543714303879,0.0012494482884917615,0.0079952775457759,0.0015414978070308924,-0.005231062334338478,0.007145685881442665,0.009930950866477224,-0.000737301681425171,-0.004342360152859306,-0.007050473024147383,2.9680797499334248e-05,-0.0016107949909115772,-0.001330846772190971,0.0057232213929251175,0.003992688735888038,-0.007770277110638894
92,0.01106617687491729,0.06955539396138853,-0.00141348543893226,-0.015479578666822497,0.0017628509388832217,0.0002343178784766062,-0.0023813777706680615,-0.002992647457819884,0.004781994008595167,-0.004228672300841814,-0.011989295212219524,0.00047801242216881563,-0.0008895839562179753,0.008301496448261801,0.007196550968288006,0.003968906606298724,-0.021942495488407692,0.0031784514055272694,-0.0035321801211702524,0.0032588060664386896,0.00042051687060647375,0.0006769177537208894,-0.0007981288815733264,0.0009316640599270608,0.0011401995859898993,-0.0002632106513266344,0.0030066456263932073,-0.0006490782489682555,0.0068446271161875655,-0.0007338113861490694,-0.006584357615595803,-0.0008737363595444645,-0.00020513713956436507,-0.003887627659391574,0.0039768612430262735,0.005199723261597031,0.0020970186153281925,0.003699487537110096,0.00320511175354143,-0.0032821042764163157,0.00116178962762847,-0.0014803245459448907,0.004088436657822885,-0.007650209203364698,0.012494231773387796,0.0020871830690978336,-0.0042538995048627785,-0.005147471846006022,0.0007490510888899686,-0.005627681579717556,-0.006294519719720345,0.001639154460019388,-0.00982007333082361,0.0030066617807745022,-0.010563555659773679,0.016353961078129836,0.0007595943840270675,-0.019225939882352758,0.0002942367590390858,-0.0016391315567814385,-0.009835502579629556,-0.0032434012491505547,0.00047999913963303457,0.007285999794630411,0.008604267934888204,0.005325073095452713,0.005922810543814175,-0.0032822137270155103,0.01348523164578873,0.0014180433939837082,-0.004020497888791922,-0.0019728824517627657,-0.006692072229188862,-0.0015148233521383068,-0.005728958628059199,-0.006241913557277192,0.006620064141929388,-0.0037126776816093984,0.010120792195920355,0.002807704337763971,-0.005350417328203386,0.004340009301028352,0.001277672271238822,-2.0733482924098625e-05,0.011474401470147685,-0.0007957789943061256,0.0021443221835513544,-0.002770683696905264,-0.003463295562678568,0.00490146967256591,0.008070557021131573,-0.0016212370384286053,-0.0052036373205642675,-0.001784778602685011,-0.004941869326719908,0.002599678321050954,-0.00613799388190628,0.002794750994386885,0.0018723234385497778,0.0003004217940881193
93,0.010594985961265325,0.06352571761026016,-0.000587273634995949,-0.009835663749637315,0.00262221272925246,0.0012063391507510137,-0.00011562485650224536,0.001435633610943603,-0.0011307161631779231,-0.003987084648137551,-0.007170005070454641,0.004291687670549548,0.0003386788129591669,0.007304884185535954,0.00907711572686219,0.0032174601987060465,-0.024876682520175792,0.004049237122421698,-0.0003849255073541345,0.0073081738183488985,-0.0003797083563714642,-3.375370237077476e-05,-0.0011180596809824141,-0.0001627130064049777,2.0449491616989082e-05,0.0004343383426026051,-0.0020494053882457552,0.0003946423508221868,0.007487056200398766,-0.003525669060010562,-0.00342340716273088,0.004535263180326766,-0.0002854514418737423,-0.0003104005602636536,-0.005765408024722484,0.0028236184116724357,0.009794757781766403,0.014046968438104178,-0.002820472466290774,0.001638717226082875,0.001381360128736622,-0.003704996999277483,0.01010234707019021,-0.00312843682878404,0.00808904733561566,-0.0012815555696050701,-0.002933932106479361,-0.00608062302712853,-0.0030960873710557915,-0.004713140131885471,-0.003128274354780263,-0.00025807348917938444,-0.010220034030837124,0.0023350599041222007,-0.011673238027428956,0.011359383744496746,0.0008746276005762052,-0.006833143114315417,-0.003175216474467745,-0.0018466421520013257,-0.008862211717657355,-0.0014247552764243203,0.004541337392107264,0.01159013191449537,-0.00020909327475781008,0.006186104137707761,0.01484521806445578,-0.006845911623623198,0.002867584289704313,-0.007192256811670585,0.0029305653825628403,0.0029654924479548773,-0.0043035156460356026,-0.003313336992968761,-0.008509661738933279,-0.002197717698544278,0.00891437111845044,-0.005748376001124294,0.005330422426999743,0.008375846041826842,-0.0017273237950055204,0.0034559056736304518,0.0022427156964467047,-0.0015599336503503748,0.010339749145384594,-0.001996341787127186,0.001803662883141605,-0.0025621957420150494,0.0033515371771948967,0.005385999994913947,0.006504129049912073,-0.007425487972350114,-0.004738070484852332,0.00032247766602336845,-2.3068759641867327e-05,-0.0024169740054823235,-0.0009896556613208875,0.004692379954600265,-0.0021209733079583255,-0.0023860574732978454
94,0.014366616243418623,0.06792003192108478,-0.0005650609459172751,-0.00677883691192109,1.9348702164756218e-05,0.0013489127596861164,-0.004043643278987601,-0.00174908523566447,-0.002683760688519125,0.00013083911898023135,-0.010001358125186413,0.0013912882937137465,-0.0013601337491771046,0.009421373109980076,0.009315812369715012,0.003311712443486981,-0.020476200587520227,0.003228109882744048,-0.0011888767817139565,0.003168160244904867,0.0020009144966085255,-0.0004683280363825691,-3.3864352166824185e-07,-0.0031042177655636657,0.0005855449201716472,0.002581683654943111,-0.0016628058648758054,-0.0011432869351370924,0.009841800243787967,-0.00260211731109052,-0.004340939394808418,0.002590964225356674,0.0017779036534447139,0.0024159033511060874,-0.0060627442710176225,-0.00282730144201558,-0.002213010680223892,0.01176069236509548,0.007086655739946132,-0.0022396798024731505,0.004132674178078945,-0.007082686653503394,0.003086308809229407,-0.001817854262549143,0.010091879907367476,0.0019807570730347693,0.003196669193440935,-0.0002308797499831122,-0.007971704700441931,-0.004402000028238271,6.350248932751682e-05,0.001628709428449347,-0.001297231575430196,-0.003607677011922247,-0.002815921039464372,-0.003369114219680867,-0.0021086777917369726,0.0036252863370220896,-0.0018896696830401991,0.0029415303731470206,-0.0043879801886284805,-0.00273720757090294,-0.0007687014602924398,-0.001454550466036353,-0.002748740925514676,0.004329830761193668,0.005592001161957691,-0.001076080481247604,0.00305551708928431,0.0011546556899991534,0.0004193003294236637,-0.002287879634642054,0.0018111224770793355,-0.001772090631371031,-0.0027705321978837585,-0.0036413849661134294,0.0030197472380879375,-0.0030383763278600227,-0.005152308104894905,-0.003793165157138757,0.0016626102438910566,-0.0012291812991561443,-0.00014677838565983157,0.00367745924541029,0.00012290306570164177,-0.005821201672987402,-0.002115812238266739,0.004195128418870165,-0.0015865640452677567,-0.0044030286570208915,-0.004016842971997271,-0.006383905379154923,0.0003485720401304822,0.00469922108297806,-0.0009975540135645285,0.006392752122111291,-0.0013181218294689011,0.0026727116837606054,-0.00352075307743281,-0.010141351875550875
95,0.015314994078867147,0.07198018380352325,-0.0010612183758139046,-0.013522711373909322,0.0003169919652653271,0.0006503831597549104,-0.006757445984695548,-0.006080260841140135,7.88982212659749e-05,-0.0037265631109051913,-0.016421709146250397,-0.005512630079687994,-0.0006788805011837181,0.01154442517315505,0.012925464997075819,0.006103427497705833,-0.02640270201681069,0.005029043326459341,-0.002622201648584261,-0.0012615819597043272,0.003924418008555717,-0.0021426346324288767,-0.005263695914187703,-0.003573196291196836,-6.887431761811584e-05,0.0027944073301101836,-0.004532088276990429,-0.0031722232818874037,0.013469992555515243,0.0017949309169264962,-0.01186655910977401,-0.0048453795619543645,-0.0033144616274231177,0.0011707718812931675,-0.0011253721925614047,0.0046045308456030935,-0.005452409604865015,-0.0034395051382061274,0.0022206408158001807,-0.0073336500233237715,0.0017087680421480954,0.007150726313814595,-0.007606210071107673,-0.0008378068556711431,0.007823935023808784,0.0033851665992248236,0.0018329444518361214,0.00044388682910105967,-0.007606588890673306,0.00042767198739741336,0.00961285993369569,0.0014963582678956657,-0.004035662074047336,-0.010201356155622204,-0.0019269296882847228,-0.004847543886038202,0.003979707303426895,0.0007270196331295914,-0.004285176763055167,-0.016091553618194462,-0.007237771169051797,0.0012489925389133757,0.0017718411908615212,0.0051528353371989855,0.0035976041658521063,0.004899799608625446,-0.0025415986636181734,-0.002489090448875428,0.007981912627869245,0.00563329752704122,0.002170762210549457,-0.011183751876536906,-0.0033675244612954313,-0.006547065383388042,0.0014699728363198699,-0.005530500782471798,-0.008931104366977739,0.0036431992860654957,0.00252740032105657,-0.007149775411366763,-0.0007248506566110651,-0.018908184455490695,0.009255235648452148,0.0025384248527588493,-0.014291927045695032,-0.002433422691202119,-0.011166759130993034,-0.003717431929255532,0.005989634948835485,-0.003874886869152798,-0.008693756732750248,-0.009293954771593917,-0.007321844797404133,-0.010922417887856644,0.009799807344211606,0.003131444753455627,0.013508968996564162,0.015551201849112647,0.001230536691586687,-0.014555933429060973
96,0.012814400147105852,0.0694004790971157,-0.001048638384940916,-0.012319764249475734,0.00017067329152392654,0.0009156681026322867,-0.0032651103533412446,-0.003129981474733095,-0.0033171425750163335,-0.0026351058070116897,-0.010699280336166055,-0.0012926621442290026,-0.0012458991497408122,0.007946223504794783,0.007752103520514911,0.0067330835175965,-0.022899350151922186,0.004025261006687032,-0.0014497032702395075,0.00111607779767046,-0.0002551913879967478,-0.0009904380638272425,-0.0016495103220562934,-0.002415824738356852,0.0002683545075495804,0.0018349618320158056,-0.0021420755704130937,-0.0003783575195538881,0.008990044167643775,-0.0011881312215956026,-0.003707346681480642,0.0007975201441152776,0.005841292369175969,0.001349980302538847,-0.005913540288137144,0.002335034167874064,0.003731579142740233,0.008125250045903016,-0.0001860387826268043,-0.001300171635029706,0.0016187384136147464,0.0029141169366286093,0.001895720300478436,0.0025599473060624245,0.007364907698542081,0.0004091341150839166,0.006818214289743026,0.0017776195964540784,-0.006201382361938143,0.000930265331867393,0.00041866692623052,0.00010918012424082114,-0.008641855383312965,-0.006696627509637137,-0.003403443379580413,-0.000745426446729216,-0.001769752374048206,0.0027842507442759298,-0.00839374018837842,-0.006173334957610698,-0.004858799722931598,-0.0006989690847104589,-0.0014255198161929813,0.007820408428953637,-0.004083136239365362,0.0007148104066698374,-0.001879383401182312,-0.00632885510410414,0.0020124106198179214,-0.0034756548557524796,0.00182765691512582,-0.0003530482058213858,-0.0008845744512603036,0.004410959344436198,0.003729988484239669,0.002176853858949389,0.0027230197205037015,-0.0017461839419990052,0.002346876473080257,-0.00531473212748565,-0.006578554993765772,-0.0007300190391645669,-4.4906892037950505e-06,0.006076840255607713,-0.0032638348589709263,-0.005983765861792436,0.0036324705303315626,1.6839085453506815e-05,0.00365705424292753,0.0015574258203903176,0.0014294164279344634,-0.003425709097258266,0.004391107128626187,0.0034499961008744758,0.00248459967616375,0.001290617261269064,-0.007301169406849655,-0.0004030808392203695,-0.009500215856851792,-0.0016810882075537028
97,0.01574843082723045,0.07026968285531814,-0.001739528573240978,-0.013935293321161868,0.00021269923587454318,0.00029110707319256727,-0.00622264730722977,-0.001448408704206485,-0.0016967818016503616,0.0018140378961490147,-0.010650200207343547,-0.0012282412657973801,-0.0013639931539935742,0.008578792531925557,0.007336234597271801,0.0035650408851643097,-0.020726303602877964,0.0026195567172769365,-0.0009928157301605782,-0.00275451181412265,0.00028229580803099976,-0.0003550816570280091,-0.0007339533280654879,-0.0021538694612013064,0.00021924745663118273,0.0004462095832448935,-0.0010770752419085286,-0.0003620580389677183,0.010036197659851778,-0.004510035472151629,-0.0023543274144407858,-0.0021910992305680293,0.005548187248885152,-0.0005071621836411561,-0.001330764219620799,-0.00034982178280428347,0.0013061897148484286,0.006053519831780582,0.0018539475017453856,-0.0033670759355436193,0.0009635882954752478,0.003281709433771528,0.0006434206507680403,-0.0020412442347813803,0.010496627987103492,0.0022168475042185754,0.002852123440956305,-0.005052750893126047,-0.006759838642435882,0.005876575475466046,-0.0013072957362644053,-0.0014704661359306898,-0.0034594870182910182,-0.005834028374561802,0.002762101119746711,0.001808748403570414,-0.00010909542277053247,0.0018838142984124327,-0.00394320341221833,-0.005478010255284751,0.0022716307032654057,-0.0021077060540582,-0.005850335834197754,0.0005260758292103438,-0.000798602820478604,0.000856373504872697,-0.001482082558783502,-0.0035423993049372537,0.0056370375301600505,0.001528046402786629,-0.0011993956345978714,-0.0007043129695428884,0.0018496691224652183,-0.0030222939060490926,0.0033648907356305844,0.0017587123638251676,0.005233129761410256,0.0019796162934365637,0.0010643240967019238,-0.007111989399969654,-0.005499825846962559,0.00504821769204356,0.0016197983388208056,0.002505379887289239,-0.0032794612784557784,-0.0007799620567008388,-0.0020896032184041227,-0.005273349041031251,0.003278403336085491,-0.0048253738442408075,-0.0040972855923731835,-0.004361766560423299,0.0032660736559079486,0.0053452032414876595,0.000410784286263027,0.0025070898677347925,-0.004206635574259323,-0.00011891880637417811,-0.005225916622462861,0.002075187392219714
98,0.01450917490222007,0.07147632466025394,-0.0016131651167746418,-0.014466008173794629,0.0018381406068615934,0.0010980476981099815,-0.004563734633953365,-0.003175128042799293,-0.0011325321223699674,-0.0030021918890988613,-0.010920786607485055,-0.002769143821648938,0.0011115447156004549,0.007063545726091306,0.0065626467551196666,0.0054983009492819,-0.023560650794263158,0.005139464706725858,-0.0033674186681763867,0.003980500796841677,0.00029854130903072976,0.000403691264761564,-0.001141476412602302,-0.0007081546036170145,-6.408730484407798e-05,-9.34420443405801e-05,-0.0003296876113169262,0.0004501548612135048,0.010550628885692437,-0.0021548463073676025,-0.006212501409353228,-0.0008530098766138722,0.0019487795500986412,0.007297785408113907,0.002373150034834425,0.004070847271430809,0.004677463358639279,0.005325459654754644,-0.0019150500286490228,-0.0038615622199619573,0.002555594377823974,0.0077984831220745425,-0.0035642559057333383,0.0025782698060680103,0.003809593436124217,0.0031385420854647345,-0.004740407956617032,-0.0014645953433041572,-0.013204031339621,0.013865150473207638,0.0017333711345116245,-0.00446235897179044,-0.006421979450986338,0.0006230091327258622,-0.003248908040141521,-0.006500050800788699,-0.00927624634412479,0.0002904837487217009,-0.007238335047069489,0.0026548781197193515,-0.00963036743379456,0.000942231694830484,-0.0015631100429261793,0.004832276901260002,-0.007232582352280378,0.0073224596263603905,0.002058793439909592,-0.006523826530418313,0.0013348714099303063,-0.0030073410685165676,0.003968906055172874,0.0027953407676379804,0.005958330715602587,0.0023622213455026294,0.0005769465440268619,0.0021704853041211603,0.00908931484406114,-0.006540356837488256,-0.00659743614514124,-0.0005155809478205097,0.008620206802012031,0.0032661053366765036,0.003846637223007983,0.004910915081335232,0.00016270615863826624,-0.0091057421760272,-0.0018452979584914473,-0.003000336233883356,0.004012169770833458,0.005468636925336317,0.006510121533306864,0.00364906203760235,0.006980602410519461,-0.0031033380291191595,0.008922569549426117,0.0046640733694856065,-0.0023102577159792694,0.0002878227587836192,0.0023482674459169976,-0.005698374014308813
99,0.013689026937460142,0.0671482064815341,-0.0009857190104975739,-0.014384367372289557,0.00014230645807171397,0.0008036996544946748,-0.0031664211876685664,-0.004152745820871733,0.0007749966858459071,-0.0033118354558671985,-0.008931146925336187,-0.0033559552122725644,-0.0017249938666999297,0.008044278375242485,0.007617573996534269,0.0063851331200437175,-0.024249481078337753,0.004383420902308929,-0.001584770159806449,-0.00032406402974288686,0.0029170185873948805,-0.002328371481595114,-0.0023717506736951424,-0.002485971105416897,-0.0005977040659001668,0.0034552347311402783,-0.004399902652642603,0.0013523747648783546,0.01209937433158395,-0.0011200289005624826,-0.006517580578352266,-0.0029360602901548744,0.0007861000276030073,0.0039190309771051845,0.003500923821765877,0.0007156774254275103,0.005068452918616908,0.00021874637390077934,-0.005540995173580101,-2.6735858644370937e-05,0.01042952631911482,0.00825325421086089,-0.006047769864881336,-0.00044188901901310576,0.005439385171865762,0.0005979334037513095,-0.0018255898914026735,-0.00017259488245144005,-0.013112919800384398,0.009307380147610816,0.0057211966039171815,-0.003394404615008109,-0.003897358011385619,-0.00273835172762025,-0.0008740291609428068,-0.0007246951525262754,-0.009280176202907855,0.00721478784627575,-0.0004501145425320229,-0.00918379762510169,-0.0077596165355676774,1.4149929942274617e-05,-0.0050152741771138125,0.005628843724363982,-0.004169427894118112,-0.0012705519542134682,0.0039704859102963255,-0.007497701702350624,0.0016317169336215627,-0.0031214653356685823,0.00045411645205162385,0.002394970875321997,0.0028654253249778884,-0.0004109211918491395,0.002180778624112835,0.0011940479887579177,-0.004592210259405118,-0.002020756380530479,-0.00046101304234773917,-0.001237171534874031,0.0008305709745595737,0.00015570184068446503,0.0034302813525326895,0.009425364788777717,-0.006952769849792152,-0.0012199134261815217,0.004434057888092138,-0.003515843826709216,0.006250396208510924,0.012279862159151039,-0.004578958009330865,0.0007107235325750916,-0.0011135907712744462,0.0012137315332579105,0.002593948836064928,0.0031101203974031127,-0.003239034467701477,-0.002059495940877839,-0.0007635223158083535,-0.001408439364292027
100,0.016167000674001723,0.06974305985065954,8.997265828425057e-05,-0.010763859062046254,0.002159412229894865,2.3413436711595744e-05,0.00013727749007275182,-0.0036614130970481,0.0003009040619677578,-0.0033887206594096905,-0.007121081810393955,-0.000994289934218778,-0.001310001523517946,0.006816606769461342,0.007963777517906431,0.00249392462738577,-0.018144238944974113,0.0027339157316406673,-0.0015939522393876627,0.002767160375378914,0.0013207243199769884,-0.0012475497396558794,-0.0011310635209871537,-0.0008896140573787552,-0.0027350804739150075,-0.000404505269025527,1.972004272058014e-05,0.0005143963948259834,0.00576901779196604,-0.0032644687450323244,-0.006225510482643275,0.0011803676009024937,-0.0012163878052767758,0.006158914130700916,-0.002592059791558633,0.0031638952074457866,0.0012061134801153296,0.0030643736243299705,-0.00046242301308864036,-0.004207357804026825,8.615814682507534e-05,0.005988762446297642,-0.0002511597263321874,-0.0031047010658943595,0.0015464659556992744,-0.0006847413172636251,0.0023675192397564185,0.001971261355546418,-0.008036597272275596,0.004637077586101035,0.006991805934360243,-0.0016160717553179824,-0.003266686209392593,-0.007454839934917753,0.00031696037425986315,-0.002556776354740706,-0.002968106108413039,0.0034097123696028983,-0.004948884410775862,-0.010381203976805451,-0.003187792170943051,-0.004141391935258306,0.0007338028280928069,-0.0058343939701924604,-0.006691880211302106,0.00011311208385695558,0.0016325636082725483,-0.0007905758260355414,0.0034555115409193927,-0.0023672313212422936,-0.004018837991233652,0.0006783985681494797,-0.0012579381125825888,0.002997249107618669,0.0016131090900519342,-0.00038990242463870145,0.002289530502818649,0.0016767993672717587,-0.004087358455677235,-0.005615025334629003,-0.0053867605986134175,0.002852594345049123,-0.0010360505668893618,0.00428274915144101,-0.0036197527028651376,0.0020745337877714634,0.0016966268030627993,0.0019095905315829743,0.0017966126938446891,-0.003924576199841584,0.001718123381415349,0.0038775129207915407,0.007015091712991848,0.0002931639724330787,0.0012507689179624118,8.426330735035704e-05,0.001994377715284698,-0.004558750606911751,-0.0008509483547555227,-0.005174683191265326
101,0.013524363104079147,0.06641886486495259,-0.0015559832410882801,-0.016367363846129593,-0.00027553473468297274,0.0011721681529949706,-0.006728227818838119,-0.002134459148587879,-0.0029258749124785144,-0.0020371572216814184,-0.013272402847103385,-0.0016621336497299227,-0.0021982483431832785,0.010320124569707512,0.0077686969211064735,0.004487733951193638,-0.027176740795891687,0.0035815117739122233,-0.000989260825327526,-0.0013594770474707704,0.001235036286160312,-3.111994139910239e-05,-0.002332004276352628,-0.0024738346493181225,0.00205450418231924,0.000936483522764957,-0.003494061826517691,0.0005850973669134534,0.006367970364179966,-0.0019735453530541408,-0.0005933607470202328,0.0009649803474533175,0.005060232593820923,0.0013512957284033506,-0.009696146641342482,-0.0018909930369211962,0.004389272894282108,0.008633301405230444,-0.00158486080080442,-0.0033932932904694344,0.00192154577166692,0.003916979483517199,-9.161993424683284e-06,0.0056212334732353335,0.010099151750301374,0.00413641481818739,0.00319293248570172,-0.0018896776990742603,-0.010480762752690706,0.005157034879782392,0.005074647799384754,-0.005306544177799323,-0.005098212704510028,-0.004498087339512654,0.00047598073157449606,-0.001907332673717995,-0.008600642188399572,0.00794729218511117,-8.924864960175887e-05,-0.0052830817503913465,-0.006098602959973288,0.0005570439422818341,-0.006638051731446968,-0.001339715869247624,-0.0030241147928849192,-0.0018596027511680272,-0.001493713498778172,-0.005564003297553533,0.0041522345966748695,-0.003813757577346929,-0.006685672321907146,-0.0010411129031092246,-0.0012001067876834283,-0.00046598495207417315,0.006214642266958127,-0.0025579523086497586,3.6571232199159104e-05,0.0033381641593635057,0.003457060007299085,-0.0054595244761475046,-0.00486144386727801,0.004549867348106879,0.00015076177231999766,0.003635391468595921,0.0009477090872122762,-0.0005593542971616412,0.002327203527897778,-0.001880838335861496,-0.005055183744035578,-0.000963095454020643,-0.001616093429865234,-0.0007125478997623335,-0.0002868658679730027,0.00806271487476985,-0.0013291454016534127,0.007933654171099425,-0.0031413780672461334,-0.008167396559504424,-0.007613254482611333,0.007182786593633961
102,0.01371924894804371,0.06786967473185565,-0.0012785491141275045,-0.015469852291678778,0.001604980193816326,-5.9897894056031275e-05,-0.0060592375743710345,-0.005440635331375898,0.001879193977953583,-0.0018899689398287028,-0.012410857974670732,-0.005977712679018108,0.00015917610062472242,0.00836925877985713,0.008215863887594486,0.0030848153353867707,-0.025571823724927712,0.004186926793825814,-0.0023565985053761273,-0.0024551508683549987,0.002546060676202102,-0.0010172869542441011,-0.004769917072609135,-0.0046566034484116945,0.0004367801836772059,0.0037494416164584933,-0.0034986271217675433,0.0014536894824149177,0.006772759504949835,-0.0031437048146740624,-0.006251515546915819,-0.0034245683216249873,0.000521760501237751,0.004881206391300234,0.00040935648170890577,0.006241895020334935,-0.008113086291803458,-0.001314942663263734,0.0004862677936567291,-0.002375260723459477,-0.004296559410454701,0.010451440966219793,-0.01687568149526675,0.0013560824414977763,0.007214827889595935,0.0010943686223638227,0.002750553713583993,0.003378925081090459,-0.006842461542819403,0.004987486426146007,0.005426377934740663,-0.00197939151646088,-0.004958286257530199,-0.0036355454783376616,-0.0016213029704692675,-0.00221653201138124,-0.008033942211691148,0.00023542338145032194,-0.004014152607812065,-0.0002367308559508635,-0.0018062760879247852,-0.004151734750526594,-0.0016584427213840072,-0.005402794227114154,-0.001868008355986685,-0.0007094587881671766,-0.003539128470521676,0.003937143252250564,0.002171319559869331,0.000945901366831472,-0.005381909448814301,-0.007032174295530976,0.0022588197218450243,-0.005634189396579224,0.00805277374777537,0.0041627344757138455,-0.0037859772604589064,0.003164669305952097,0.0003752156571265363,-0.009723745937231347,0.003377378790976667,-0.0018535030519124978,-0.007201530630436877,0.001675757594467899,-0.0048437692288129134,-0.0004261212780912931,-0.0021018092568841546,0.005393145964634355,0.00251341813106563,0.0022517325693765093,0.0009813766522116492,0.004180359280208639,-0.00043801705716931655,0.004829126259332252,-0.004529057876983768,0.005960738929785599,0.005257892606032309,-0.0005279045668645582,-0.003033065163590714,0.0038408128134630685
103,0.013725785656553517,0.07199132572682788,-0.0016063890625875714,-0.014578567500001522,-0.0017515121303824956,0.0003577464348473555,-0.006734922080380286,-0.0017793513787955132,-0.00012061234261298921,0.00026696906396191415,-0.012721581879827892,-0.004029801588906086,0.002095100818512322,0.008307111676167725,0.01390285052774458,0.007299622108882118,-0.028274613135490366,0.0068615608303413565,-0.0024574231221610125,-0.0029837090991591945,0.004705286083530717,-0.0038906230584981284,-0.0056751568140785864,-0.005075279683917172,-0.00027695774750345755,0.004909739767109234,-0.006815302967597191,-0.0022170717996809067,0.012045542685475925,-0.0006419634790280656,-0.010010283174921548,-0.00483063524469638,-0.001012029764773862,0.001389720808759658,0.0026551143013872004,0.006331133719713559,-0.008883056177675252,-0.001722337213039858,0.0024781942064416892,-0.000595989158571658,-0.0015114410646173146,0.012220577779809214,-0.012912383912478235,0.0017295332257527185,0.005052522687488839,-0.0037829185988858685,0.009643706549012117,0.004577805256027491,-0.003908288031487705,0.008569748666128729,0.007934291348280378,0.002407115340328133,-0.002583133239925484,-0.006003889664886842,-0.0011662152114584785,0.001406665120491425,-0.005831886486214347,0.00219510142358258,-0.010353609921178349,-0.003448779275448108,0.0015254292227023366,-0.013528256281136125,0.001572012804964525,-0.008926878587938369,-0.001477361103294482,0.0035680268885074666,-0.004962403979378927,0.00906348372410971,0.004124415989474079,-0.002894359431214401,-0.007745403522913493,-0.0007086521484044052,0.008749397265005116,-0.004010973707480811,0.007304547506488379,0.009205523169933356,0.004542371449918589,0.0036265783895541,-0.002397721816236501,-0.0038161540913574255,-0.003946372422206873,-0.0022152570147973877,-0.0035992709389666986,-0.001947929534000616,-0.014315411496464182,0.006676595769188791,-0.006810076112306738,0.0019584281919092245,-0.004057829486167568,0.004062304920989032,0.0024724412371608055,-0.001115011772786449,0.006701938538579294,0.00044713731520385343,-0.0038210076560059045,0.0019158187638258996,0.0020965956195554032,0.0028341508044527172,-0.0029856204319960843,0.008416713059130127
104,0.013933358746642326,0.06903873456592821,-0.0012317515497910752,-0.015049380469712489,-0.00095794983207553,0.0005849698033389536,-0.008602722983503713,-0.003313865590758127,-0.0030742718204320174,-0.0012192361363322034,-0.009765888319272116,-0.003369767467469157,0.0006806567122714187,0.004885375592668721,0.007397110031991422,0.004687391327840081,-0.02182692287616419,0.004482888330155156,-0.001460824627381673,-0.0034190926359377793,0.0025971748608608655,-0.0010185015748499326,-0.004767591016895263,-0.005235411476318747,0.0010159155768928974,0.004992143014868471,-0.004969571299511391,-0.0004620680495914924,0.010768433903337926,-0.001900953755117822,-0.005399532044609433,-0.003528052775735437,-0.0004713603092045344,0.00591175917325543,-0.0026073179980120723,0.007967075816605034,-0.0037406901203966814,-0.006367242235918225,-0.0044282375087549486,0.0014368458319097667,-0.0032694787888692557,0.003744841023774944,-0.013192644398091032,0.0026017251627230794,0.0014726283230705804,-0.004253905752045476,-0.0007437570838887378,-0.0015842301305145127,-0.00801740374536366,0.002734112014909687,0.001615353210322455,-0.0007422662363130111,-0.0006489925036005266,0.003188030940025345,-0.0033392622530276045,1.9070345358438288e-06,-0.0027633994307861946,-2.4910354426494986e-05,-0.002176769717220376,-0.005078768446589486,-0.006188746866302138,0.00284028478219489,-0.00016633015595466622,-0.007931975043375323,-0.0020005541688234694,0.0017135486700841055,-0.0006618346254152091,0.006683732322289644,0.00407912026859841,0.0034251964790704237,-0.006263044275567633,-0.00021863230146432571,0.0031025703829431327,0.0004765739234803013,0.00435638749035169,0.005431912264171605,0.0011815032905705374,0.0007989153041226282,0.000646454771558784,3.539750414910117e-05,-0.0011201007238222668,0.004266280776102043,-0.00142073085404737,-0.01058043316020996,-0.005141794939669639,4.327004584091092e-05,-0.0042074229036154764,0.0035232717343706165,-0.0016529587866267468,0.005249298711147641,-0.004052580182122647,0.006651047429295179,0.003893739653715111,-0.002790504575732212,-0.0011951101221491299,0.003426929888943629,0.00017879723278821263,-0.002134713294851051,0.001065582161602471,0.0036094439397375477
105,0.012626597660075137,0.06692792368377735,-0.0014172782415501634,-0.014757804138698235,-0.000948604132168806,0.0009411924178012471,-0.007315499611096866,-0.0029606212096645926,-0.0032108548361857335,-0.0020158712588630896,-0.00960454203332587,-0.003170998428307587,-0.0004587677529669238,0.005945093099670667,0.005931671692947843,0.004646984087257667,-0.020951491982738584,0.0033410813224382906,-0.0013146822155667918,-0.0037188833955096737,0.0021934772267964598,-0.00046481230157010124,-0.00486091060875306,-0.0030333483284263048,0.00046721929065229563,0.0038397108695812014,-0.003937444207561583,-0.0013539904434166487,0.0075431700220611655,-0.00022182048365341022,-0.0043714666502139045,-0.0023455410988731436,0.0026972279645597437,0.0028246470292537726,-8.983876446960042e-05,0.002815638777683009,-0.0025460238720534534,0.0009040868385167171,0.0010360232221309222,0.0010292220601333948,-0.000640173649637273,0.0062870926072958406,-0.01278047288856353,0.0059043659152094,0.002349737926503039,-0.0065053548647271975,0.0003544628421098155,0.0011519602288773555,-0.004551571480369411,0.0022962470458365624,-0.0019891940912416823,-0.005145584572460358,0.0010633929767593455,0.0005874154020138632,0.0036672293368407638,0.001773016107505541,-0.006471889705920954,-0.0007110482461919561,-0.00338461478432745,-0.0039683437445216475,-0.0013398689502837112,0.0003258527692520439,0.0006394841798983348,-0.00671794510222158,-2.9001240648176197e-05,-0.0027902971226480586,-0.0011804373556722001,0.002933647822423168,0.001728231064499554,0.0013709574746461385,-0.008084212005978012,0.005025145683029661,0.00019593878408839848,-0.0013078714021986,0.003832254454073641,0.007009348346634368,0.001814457433634348,-0.00027164096869320396,0.0010755917770884878,0.006121216015670492,-0.0002139318529655062,0.0008643273492583175,-0.003789673957920986,-0.007109211929739917,0.00339164878059016,-0.003465163488348005,0.0010166578689204987,0.0005596011263434416,-0.0026509542129470056,-0.0009257050136991597,0.0020757265389059632,0.0010418371817029833,-0.001484440253551265,0.0018764973339949005,0.0009552187598915718,-0.0018015378616189986,-0.0032559520532561355,-0.0012393577609938894,-0.0023515288866366737,0.001987053897915013
106,0.015233855309586899,0.07099139254498475,-0.0014410683927205822,-0.016974148598352303,0.0003877151096874281,0.0007057087462749396,-0.005641042898695073,-0.002547413704696056,0.0019207379931209646,-0.0017598374823555901,-0.01070191915676073,-0.0038871659085813904,0.0010592900745379397,0.007974582491630607,0.009929827429425634,0.005943863441307933,-0.02542955158196427,0.0054333061925123625,-0.0017193354202771514,-0.002715177769079008,0.003367876898856635,-0.0005389986109365419,-0.0035330007329289043,-0.003770307136863085,0.0010182783049987587,0.0019245341958837733,-0.001818846841954051,-0.0009192500193441083,0.006946609221329529,-0.0018594279331817594,-0.006328711322481447,-0.0020828019466434893,0.0011653391780366365,0.0036480259671650347,0.004634461851364731,0.005753043721005196,0.0009397904523653378,0.00224489850825241,0.0020940473871598085,-0.0046274782432780565,0.0015730871063258298,0.004686102342565254,-0.008411778411907695,0.0006734609810616285,-0.0008008925104180413,0.0005284108461464555,0.001454420608385443,0.004359565131945749,-0.009847642839301908,0.005196529685037759,0.0016838179336407782,0.00028911004021451474,0.0008345803703894573,-0.0064499417226241635,0.0047754530720649025,-0.0006901474082805528,-0.00406927007395156,0.003601239939388366,-0.005503477003765035,-0.003729551546317927,0.0019500709674714469,-0.003875326822317844,-0.004857411934606406,-0.008363741830752027,-0.002145795051912657,-4.018664614420546e-05,-0.0014566494240157493,0.0027814424592857625,0.0023650899319772995,0.001332935036998612,-0.004448005758664185,-0.003594178971000013,0.0010724928829031087,0.0010581482815884733,-0.0005845772222964068,0.0032571988153983055,0.004424334470248778,0.0013143451865467734,0.0024516192788033337,-0.0015548276097790087,-0.0025068416860918362,0.00014242650550600047,-7.471059223827209e-05,0.004423301619856265,0.002665232188075821,0.0020066778001872625,0.00042885444501312915,-0.0001439481897256263,0.0017862533938931603,0.001416801451074535,0.0010537881459387352,0.0009581688390176713,0.0038850029664587566,0.00091813536286501,0.001886639438115493,-0.005400296077814144,0.0006194430440146938,0.003913116621405521,-0.0016512644564203058,0.0034704441769644267
107,0.013948333844627127,0.07330510695772155,-0.001633739415538866,-0.015918786518900937,0.0017758196727913056,0.0008963076989363994,-0.004533252237938681,-0.0017862685147535166,0.0013348940429187342,-0.0038213084654539708,-0.010476422983732768,-0.00041753390526395846,-0.000772892105103132,0.007618950841041979,0.007299024039138834,0.004877825006859591,-0.026344613782465186,0.0056822001765536746,-0.001431481254602772,0.0005795800509726143,0.000844925181937853,6.749577953388959e-05,-0.0015791278522765027,-0.002454712108037577,0.0012186222594878463,0.0020334034246780775,-0.0013256414701518146,-0.00045363177336357123,0.0045210209316858185,-0.0019846964849818726,-0.004365856593221897,-0.0008745223842459113,0.001831427229288263,0.006503947590130624,-0.002102684367642196,0.0033030145711980324,0.003020882647156501,0.0005997676165444803,-0.002666917807561087,-0.003618316404668683,-0.003298390053824462,0.00910354552129409,-0.013817114980588104,0.007292276745619991,0.00251774601214449,0.000419260800957594,0.0019210678525597908,0.004727138040952315,-0.014654212318853171,0.003445565850285143,0.002186651094628696,-0.006535507080134652,-0.00271247447516254,-0.003070454534782077,-0.0022473502274600603,-0.001528497942739872,-0.006307814660286614,0.005416423036962056,0.0008421787748367201,-0.006646722065371776,-0.0028151283799623347,0.0021059665732446418,-0.0050161574719733626,-0.009009778073592776,-7.986108336904198e-05,0.00015354569706198644,0.008341720148877105,-0.0030402456843903244,0.008516314392637536,0.008317961084562163,-0.003067935999055241,-0.006152384980776164,0.00020835122820439604,-0.0009255710340874655,0.002898872103633684,-1.6575543653225793e-06,0.0004052568788149308,-0.0062003932906063855,-0.0014398602827183063,0.006639477901295449,0.00968694191386962,-0.00042245238936000157,0.0004051926173110501,-0.010151209266448344,0.012640031341881906,-0.0015740856592051044,-0.004389614086317648,0.002556960616778264,-0.007483000628852976,0.002728024533196732,-0.005766495067811405,0.0008097205795901037,-0.0020468456361591326,-0.004612952721354472,-0.002720028151561468,-0.0037276597069872885,0.0014761715868359976,0.003855684991534819,0.0004836323488419412,0.0006416126513685729
108,0.01144924614114126,0.06831044399318935,-0.00102773081084712,-0.013345553197008017,1.0114132783153291e-05,0.0011466090126310198,-0.004271946993239734,-0.0019329941250924986,-0.0021612712321977864,-0.003691624588325533,-0.010612179210410477,-3.550406777077708e-05,-0.0007110754829310868,0.007197679193339658,0.007060620273303948,0.00699748109131336,-0.02082823657052765,0.004557237666487963,-0.0010507494750944112,0.0028006079605936984,-0.00017480109406296213,-0.0002025518839140159,-0.0007309111502254538,-0.0020641372318578573,0.0025800744044155006,0.0018711348768868264,-0.0009572779112905479,-0.001722939251208959,0.008488809981655234,-0.0034284462232476724,-0.00435438300558263,-0.000922394676945254,0.005770774620291953,0.001640874941543424,-0.0024448826830796647,0.0073531059686818764,0.006485424582306204,0.00545347795635572,0.00048471468950699487,-0.004681015993173325,0.003907878221816428,-0.0005706028260973083,0.0018411789076461038,0.0037304442712623965,-0.0006309700462481037,-0.0012085509147772846,-0.0030324877488538305,0.0048022056767364,-0.008089456610995705,0.0002635772514896124,-0.0011306406831072518,-0.0019683707836860996,-0.0024966008592935385,-0.007108240164167029,0.001785396630967059,-0.0016999966623390285,-0.009206861408070054,-0.0010709869937225534,-0.0038338352561294612,-0.0019091556878586646,-0.004137810775960567,0.0007604745465179985,-0.004444180828331032,-0.00762063897797314,-0.00400078926509093,-5.7319229081860636e-05,0.0004117230745065548,-0.005821666231063281,0.005157159274854801,0.006384455750040674,-0.0035501853815757102,0.003602539137991394,0.0033417827552204467,-0.0004502357316790681,-0.003651520484087113,-0.004158915542167956,0.005349414092780996,-0.0019512731182272877,-0.0033218498161367654,0.0020824770839366533,0.00578961614251723,0.0019600774105604938,-0.0018877077599571308,0.003927480749346186,0.005212085042038326,0.0035476668740427046,-0.0034464142187992782,-0.002504153163603005,-0.0009615121365590152,-0.00035532300453376036,-0.00261269060254136,0.0014472822292979155,-0.0038771103972725456,0.0010309803144231292,0.0016342632483765727,0.0005368940147092126,-0.003188306310948756,0.0020949092019664156,0.0006417592397292813,-0.0003759450566389901
109,0.01400551452196701,0.066757082099434,-0.0015468640023753653,-0.013235992633764517,-0.00031370064666105894,0.0005243077078796698,-0.0008048834770918071,0.0005032739269862111,0.0006606925742931816,-0.0002953744446663131,-0.004731079373788415,0.002009855312541933,-0.001429620394068255,0.007033592711339731,0.00812288858062018,-0.0008884168699739544,-0.019374316666708767,0.004149096840899794,-0.001032433527430763,8.493615009172648e-05,0.0008309346927762544,-0.0012643473275618462,-0.0012411733964972453,-0.0021990531572157706,-0.0005822566983154116,0.0026295417792502112,-0.0015870804626988105,-0.0001277593594099859,0.004050947363932395,-0.0018980574777772987,-0.0028155270496818623,0.0026760775019168855,0.0009668709416941413,0.006598005247152557,-0.003483332250803561,0.00306865045163982,0.002965351264393148,0.007814383063344232,-0.00037033785267621467,-0.0015326968927579572,-0.002723206471412093,0.006035538854996437,-0.00044828752658077525,0.0005593562721925128,-0.0018264077955731787,0.0037815362368625663,0.002696788725938178,0.00047939646930475737,-0.0019332537332561687,0.0028128570846161186,-0.00042452433575196645,-0.0015581403868596216,-0.00429856894878928,-0.003192609845458008,0.006261958125568978,0.002789203006685553,-0.003948562463907222,0.00665370989714908,-0.0006983268195853273,0.00018429740096424508,-0.0010378836493398534,-0.0020620314049768604,-0.0032307998662442043,-0.004201886960918889,0.003517253947697726,-0.004277016038719277,-0.0015227805208227353,0.0007645343853153493,0.0035497067482254097,-0.0028778278842719555,-0.0028626003648593258,-0.0029208297359219447,0.0037664937321427324,-0.0007567569358636449,0.001792050714024995,0.0026496577101072314,0.0024115999251386887,-0.0009312604000604775,0.0006883416345204349,0.005106095451217205,0.0018582022056650882,-0.0025323918589447935,-0.002419280785654733,-0.0009599348111510878,0.0044494883511623,0.0006206960824773461,-0.00149115242533179,-0.000538831668619543,0.0012101458693197721,0.001458562966646533,0.0006646674547468636,-0.005283314104267096,0.0013487746076821742,0.0007160131643683843,-0.001230136336970586,-0.002139036884117441,-0.0008407477796126791,0.0006567527487260485,0.002016279992470997,-0.001967134427429402
110,0.012579351311913288,0.06544084796592796,-0.0013737219704808385,-0.017008488447407127,-0.00042202876728458403,0.000342271271353706,-0.004886130404713097,-0.004223981324970027,0.0026129056768330362,-0.003686340761385124,-0.0098772587984581,-0.005813379618785134,0.000833304715369018,0.006565412556380726,0.007265678575717106,0.006779765773401656,-0.022927428301699148,0.003979055313101424,-0.0023701579401638495,-0.0024266403527497447,0.0020447994604770206,0.00040668861843703123,-0.0028139452864848415,-0.0024353595775102144,0.0008758422380326169,0.0026368518410776376,-0.0036406775868699018,0.0003655178291261204,0.005812710206407108,-0.0007242177737951344,-0.005409282111970883,-0.0029023497141737594,-0.003237184238380638,0.007478894436567445,0.005422875896538952,0.0027219665120162555,0.002071060212101863,0.0023607321162274634,-0.008566206579401167,-0.005050002882032962,0.010759102935502139,0.009406514131762056,-0.01679279793752196,0.0023143345488180643,-0.003580712099241081,-0.000776215960512,-0.0025762862418561116,0.009990630771063085,-0.012996591175007179,0.00657561340213983,0.0023340990869108414,-0.004638077553290944,0.00144766074598603,-0.004285446085399936,0.0022036047615309117,-0.0007478790137620644,-0.007370906951544355,0.005530203082545404,-0.002751806147276712,-0.00202857197774765,0.00039196580042966524,0.002581590292469673,-0.003470524849586456,-0.010979205035470186,0.002361209216165399,-0.0032075482406142,-0.0044529461147075665,-0.001992276011678415,0.003590025529056128,0.00010379566989216857,-0.004974365828721048,-0.0005951417711159457,0.006736029404969589,0.0031213285430566596,0.0013287655810499785,-0.003339586632907923,-0.005039475872069824,-0.004383644142497183,0.0024081941760027087,0.005990199389921374,-0.0025702512674759433,4.4497628333535434e-07,0.001969732080473295,-0.0029359560622695302,0.008262352513771795,0.0011699301949831785,0.0027459849700489963,-0.0024621250691909445,-0.003326971109955189,0.004572484223995022,0.002306376722699422,0.006600957683540481,-0.004243818297641285,0.003256720746076163,-0.0013772529483530064,-0.008066948640767894,0.0010140419788091254,0.0046220531366865745,0.003366297836722371,-0.001249243025084431
111,0.016465647515246613,0.07055080586103765,-0.0017096538046415732,-0.016574715329081436,0.001803056429559251,0.0010478539513058998,-0.00545354141805013,-0.005062837142758624,0.003937960383786527,-0.0034477788626426156,-0.014839513845942148,-0.00473728016311247,0.000989226756297236,0.0064169572233124415,0.00825851095067883,0.003794093446600203,-0.024299560739001372,0.0034261614970888202,-0.004714280917731258,-0.002761795651258408,0.0025993743994239863,0.0024114215528539774,-0.003557278641063902,-0.0037618142313670245,0.0026561668021557504,0.00168849190029916,-0.0004245677314777781,0.0014447619503370139,0.0036838702435414102,-0.0029887144956871107,-0.0054762769752602376,-0.005020971987816959,-0.006691009585243768,0.004932457028849988,0.003438738734581141,0.010348859874378426,0.0010558966116354066,-0.0037166814022166674,0.006065188573857873,-0.008808354826401054,0.0022630513476257553,0.0060017597139141645,-0.01769792001115259,0.0039012510200497692,-0.003871288630545543,-0.0032709981091915675,-0.009632539063560893,0.006001051934530415,-0.012562776987693296,0.0028522454172655912,-0.006098198931907192,-0.00791556448714324,-0.0015376093989292296,-0.003123485983981231,0.0023975078531183708,0.009483557750661432,-0.002661941596501197,-0.0012667320181736807,0.004913118534152932,-0.005239794010008335,-0.005844501990618864,-0.0028350794720073706,-0.0004125463256077934,-0.005536299872795648,0.005441417606832788,-0.004293710160192858,-0.004911157414878803,0.008661292626341554,-0.00033595077743334546,0.0007096910488535362,-0.0009983169131121605,0.004324341928910857,-0.003575121206859266,0.0040884123707370075,0.006868802893223188,-0.012813744673544736,-0.011143825186580114,-0.005626684297674101,0.00506733769653572,0.005325689981601194,-0.00568506144165776,0.002602879588028331,-0.0034957576568670537,-0.014552382597758599,0.0029132650052243222,0.0032912013025887263,0.004698960661777124,0.003214502829657574,-0.0027737540876462624,0.0075285199052456744,0.0042558413058952135,-0.00245512945578277,-0.0036739140458006817,0.004735942210024644,-0.007923540502561301,-0.005462258982891055,0.004548374503644633,-0.013768731568884125,0.011970016696888436,0.0012504369503389592
112,0.015117291313259682,0.06651205760752726,-0.0013160105135291821,-0.01581332765966644,0.0015196075543783079,0.0006683934794241228,-0.004927256983718901,-0.0023196855015747797,-5.986778810682221e-05,-0.0011931919718171258,-0.00864648527442434,-0.0015213742418571517,-0.0013590460749809475,0.004596696293233552,0.008502981724403015,0.0022637589850942295,-0.02558913601626981,0.005703597271449358,-0.0013059370790114767,0.001086332228432234,0.0007818136901369605,-0.00012375596561006575,-0.002506465812266603,-0.0024140501356668224,0.0007510087103060439,0.0014528976943111312,-0.002267397216428439,0.0011047251191821674,0.007025017107993086,-0.0037363958246191082,-0.004821726985176443,-0.0023964680779293922,-0.0032004999718915146,0.004135862525309984,-0.0010762383192228105,0.00886117777169164,0.005870070131333954,0.004430808146062015,-0.003198501793973233,-0.004246762928449433,-0.00402783437832082,0.003439359324723518,-0.0036848570649770707,-0.004372783205576908,0.00011043366972179277,0.0009437669003018889,-0.0013968179625345521,0.0015123436502471736,-0.006971990529962783,-0.00033763244455519423,-0.0018540665861107527,-0.006257424448257617,-0.0009819478572367186,-0.004996902636911468,0.005512437548832003,0.001605434815265062,-0.00449055805831623,0.006535470220786032,0.00018823665370566552,-0.0023834269798052765,-0.0012595307609970631,0.001651957490587414,-0.007151119606807492,-0.011522001835549793,-0.0015154679736539445,-0.004234040361000245,0.00025389360144215274,0.0007273137943511049,-0.0006467951612487952,-0.0010865699755997773,-0.00028815954959514854,0.0028865188643968933,0.0031614823232783943,0.0009372845800815259,-0.002374785508578183,0.001264439210708388,0.0004964274382086982,-0.00019978176808940567,0.002565336051979217,0.0033237810947065456,-0.00652320203887354,0.003921619035599654,0.0015186745341003594,-0.0018104351494207442,0.0034895244502252593,0.003056367707546249,0.002969238282051274,0.0007840784903595276,0.003853676566895261,0.0015623936825574232,-0.0004852718718996009,0.001523745888109753,-8.503399359343292e-05,0.002192262952245774,0.0008143881949378247,-0.0021300892332636137,-0.0003293166079579237,-0.0006132371261525128,0.0050792768823889455,0.0004306676118991776
113,0.012805200773831836,0.0702936119636809,-0.002208635124149626,-0.01662244311387879,0.0023727756532015104,0.0012097143604699317,0.0009229013770937387,-5.322236217125074e-05,0.002631427533106238,-0.0009915993149614741,-0.010607877363517775,0.0007208817891369788,9.817029186410088e-05,0.006480579706264257,0.007354066194285225,0.002031816098355269,-0.021487899667320558,0.005811213555111371,-0.0030159969381033155,0.007553737851848103,-0.0011952375269391146,0.0015868060431512754,-0.000446950026960434,0.0007947982344527343,-0.00022647447298224509,-0.0015865359290884572,0.0013654193644140472,0.0012767756560995583,0.0028955017483122134,-0.0032393430588842863,-0.0025997260635028793,0.0013299264247856168,-0.003073483063378684,-0.0011411508416249506,0.007500275449930387,-0.001137499024197407,0.012004525922493407,0.006409142846820631,0.000378588259918429,-0.0038393252281029074,0.004501500292577801,-0.0018979999202776553,-0.005349276943669611,0.002620573132430585,-0.0027357128751602593,0.004192216320530637,-0.005818824827035273,0.007488922651795222,-0.0033096958009869227,-0.003974531842454214,-0.0030307828725615535,-0.004597785775901305,0.003078933378022217,7.380538299813795e-05,-0.006382041630401423,0.0017732257372703448,-0.0036011916887048593,0.002672774149411479,-0.0056337266136808175,-7.704381008979573e-05,0.001016032968919149,0.0022368127922301863,0.006293742099003284,-0.006055050189669046,-0.005797132082985015,-0.00047401944839407724,0.003975718808999658,0.002985301356911408,0.00497345282788417,-0.004445205840377608,0.0029301723511467306,0.007331396476138459,0.005934992558071458,-0.004943120334235781,-0.005956945088373991,0.0015218308115718035,0.004731412481796568,-0.00014405124338407425,-0.005393364378534206,0.002199214956940235,0.0004589602178890697,0.0018348420265303553,0.0007158706495035525,0.0036025200145856496,0.0007136837770609439,-0.0004711697956796206,-0.0035402995384566857,0.003043401872574787,0.00017518460940801003,-0.003800279982609474,0.004561026325143568,-0.00047773071196006485,-0.006864830033351177,-0.0008076672305165426,-0.0012490362063418943,0.00011535284565143386,0.009336069258470166,-0.0010127086212421128,0.0005866694361304085,-0.00850841085788739
114,0.012807035229333416,0.06970592530828051,-0.002379295809086401,-0.019255730260186035,-0.0005334576401838879,0.00032958220530975496,-0.00562180447307349,0.003073683244164407,-0.0033147722765728186,0.00339895109321125,-0.012998251834285454,-0.0006432966836908546,0.0026099869450624223,0.004776763713291389,0.007882491240497698,0.002170859893420647,-0.032174824191261144,0.0037253603920827487,-0.0021484807594353713,0.006505414532005003,-0.004668868676730154,0.0023038522571145084,0.0014370110928912463,0.002542160160814212,9.644761137016911e-05,-0.0029480524100831025,-0.00016914128787028649,0.0028310046610034436,0.004257277262308419,-0.0023021927696351766,0.00023339926032518642,0.006397125924365222,0.008752357261946049,0.015385455222232922,-0.026639765402222952,0.021029839613088984,0.04059249380888441,0.007379985155370923,-0.030160685025275722,-0.013558200227104154,-0.027851973412969105,0.02313127752859277,0.024980052614247517,0.003592076135272341,0.007039332231339803,0.053215596347504335,-0.02640722235948812,-0.02442546283150033,-0.019835537824553284,0.012168232789247946,-0.006466745646646127,0.0005699454612490838,0.01494412195893293,-0.00019876109349860677,0.003204581808259504,0.016500048661825438,0.008979403847323781,0.007776369941210491,0.025544618591324484,0.0021164869283240486,0.02055368645202712,-0.0033197947459279458,0.012127607715908349,0.00412593620385791,0.0106828537111393,-0.0031798702815954948,-0.007615182838372984,0.011011462936991281,-0.011292255813060722,0.0053816327414972194,0.0019535127113390104,-0.0016142685654072174,0.003059041014771959,-0.002575927757922975,-0.00859421562776492,0.001203556456828126,-0.0013006596574486027,-0.007266000109828007,-0.008355242413792447,-0.0024406849222566264,0.005710031421129549,-0.01049476186212076,-0.007706358154487201,0.0009780384580203724,-0.004505037692876458,0.0022350156364715425,0.0020959396967267364,-0.0005392045890530873,-0.0011367726428314778,-0.007906863610003938,-0.002371209994343906,0.0031877069274750956,-0.0058689674650313625,0.0014567948276311515,-0.0006238758794277894,0.0010053658942409014,0.0023285938805005517,0.0031319292359832237,-0.001381467944824979,0.0057378590273065855
115,0.015464562691601423,0.06824423875593938,-0.0012902428544791342,-0.013782111619461067,0.0016417181845905728,0.0013661869511031929,-0.004650259294643604,-0.0021964379598108895,-0.002438080458025408,-0.0006223924797965007,-0.004905274562963545,-0.0007963177371045401,-0.001964096289191679,0.0014461611079531096,0.009365187421865576,0.0023570930552796895,-0.027626309345029687,0.0026143002191494963,-0.002199371028821134,0.005966928299727499,0.0023991754310110644,-0.0007087994427116837,0.002440537259883795,-0.0015116881663340877,-0.0013582726337542717,-0.00012349843298389254,0.0003875904895606963,0.0025627471480744557,-0.0038053238614316628,-0.0014371695964193278,0.0012579951094452324,0.001119989460603035,0.0014330082531976366,0.015655001752335272,-0.013991075512102784,0.00935962594493465,0.00696599708728913,-0.006522461161127223,-0.01033298491251767,-0.003193884911414467,-0.018308751308045403,-0.00630266598191792,0.0079345375129072,-0.00448524480509807,-0.005308173974326538,0.004407723617179868,0.0013185213978818642,-0.0014913928443256212,0.0023979910289040804,-0.0002609936508303943,0.0010473032081899309,-0.003243089557907375,0.0002724539561818033,0.005192746014719343,0.003430591344747587,-0.004651234105383843,0.005152460593764208,0.006150891635063793,-0.011233898741560762,-0.0033172088614253034,-0.0027010473230144453,-0.0005907671430643885,-0.0016417233514988405,-0.012773922242103587,0.007294891094864105,0.004825335670425133,-0.006558507385645386,0.004744359460577033,-0.000944578032711356,-0.008721576271546442,0.004518198371868723,0.006199340324281073,-0.008111578671094015,0.011369543514054328,0.002772707416021112,-0.004992605383177831,0.013525138851801543,0.012284145848486047,-0.005828252229919745,0.003327918366932065,0.0008677315066260421,0.014248827639393506,0.003395307974140317,-0.0004381231016069838,0.004942838513260763,-0.004342321640564358,-0.0008502002107746572,0.0008649229075664694,-0.00720790686545396,-0.009034000696322,0.00658301817041703,-0.0012538199013976306,0.006082337414927119,-0.0066600696665574865,-0.0030106336735667054,-0.0024682716797919746,-0.0034343994915270668,0.005913714840276826,-0.003635125755558424,0.0003675749467530165
116,0.01521629341860603,0.07153634903435618,-0.0015392038646878106,-0.017718043493264633,-0.00013853420737774247,0.0011020914605567196,-0.007046465125328553,-0.0015703570383817879,-0.0015937608113110562,-0.0010705430564478971,-0.009082359642625753,-0.0009955997678357184,4.2001068310102176e-05,0.005160359951360966,0.008587832293409082,0.00460573522592414,-0.027512311891110763,0.005767809318218977,-0.0023775839875078073,0.0011390613824304786,0.002086140749616584,0.00040392115217707916,1.990177745594061e-05,-0.002589901331943754,0.0015846690120099143,0.0013911279289255995,-0.0013785968075144869,0.0003972293236162393,0.0005151809468934549,-0.002473045099906094,-0.0016115084187498618,-0.0011712652038183967,-0.0005739115639693141,0.01289047686123087,-0.007272983552710359,0.018391790818451288,0.007735052776498876,-0.004602675263716508,-0.011829717557242174,0.0005846025663265653,-0.013373070601894329,-0.009472434270298823,0.007824601936583355,-0.007505349164504266,-0.010506535695253312,0.001952844263605297,-0.00017596786909731597,0.0057241493261926,0.005305947563570834,0.0017195163793049283,-0.000866560449863647,0.0001418709637541932,0.0041855246131056985,-0.0015225426758960871,0.004916874474084894,-0.00666921982835013,-0.0012257586464928737,0.005958818361335272,-0.007642022615003389,0.0005143602951789577,0.00047894514280735214,0.00027688587168435023,-0.0053134008436702355,-0.007841189641618916,-0.00199747359320341,0.0017007912297137245,-0.0031495728845804564,0.004912959830208423,-0.0008591814848094542,-0.007287525997579713,0.010275532810484085,0.005093498047920058,-0.007017397464616323,0.007559935709554239,-0.0015618531812142953,-0.002998832536393708,0.004198321553629371,0.007949103657120368,0.005796838977423222,-0.0010739864697643276,-0.003465157190019167,0.012545423840473226,0.006177292071586643,0.003619780086828704,0.0020791005008530027,0.00489305059256768,0.0008893756922981808,0.00320678883211555,0.002943094368316577,0.0010677936513187483,0.0007291440735532592,0.005205552069596172,0.003826974578072007,-0.003376473339060257,-0.0015001614296765548,-0.0037151963844978303,-0.0015651212146017865,0.0037494436194313216,-0.0032013939986987898,-0.0030003689535610693
117,0.014210982678260677,0.07000806131498706,-0.0010476206430885056,-0.012446131533448373,0.00016104804662853722,0.0007993073645466955,-0.007182459344349051,-0.0018090187895217625,-0.004269808333866101,-0.002371648906592209,-0.011345826618499259,-0.002006536554423332,0.0017290907956531122,0.004920290137223359,0.008743114276300883,0.005481685815291389,-0.027523587311943598,0.004947401229593223,-0.0020840554358104403,0.0013206883334513687,0.0011714383557216534,0.00031507985032552734,-0.0029533392002644688,-0.0041999653845875675,0.0002680748099704021,0.004156061399550789,-0.001480386507140597,-0.0009268224420941762,0.0068040213753266495,-0.0025859906989786135,-0.0018901136635438912,4.1583054437536345e-05,0.00046194645069466407,0.013008579656956466,-0.005084752892025154,0.01968564282605191,0.0013657125798045686,-0.011038121552959128,-0.001832687645331952,0.004915661546263055,-0.009114602408883253,-0.00943208992661493,0.009190323212560426,0.00018798548748915597,-0.01117711933723013,-1.4014361862531278e-06,8.063138958611782e-05,0.0005989289513945037,0.005928951360122582,0.0031379680996936445,0.0029691771956342396,0.0006497327285079596,0.006523914135318341,0.0008391795036498701,-0.00171979882538287,-0.008808333119740526,-0.002539851683410052,-0.0021967904317164145,-0.004715109050148781,0.01014015214732093,-0.0010897794095263468,0.005214184973585373,0.0027110897556281584,-0.0007839911245478418,-0.005294047416455325,0.0029729958574789645,-0.0021299762309755312,-0.00027595611079688116,-0.0002564809494264059,-0.0019344012919379433,0.006385870816078636,0.0019367946630042426,-0.003713542380401471,0.0013445141204230905,0.0012997115356069438,-0.005524867178802502,0.001347603330418491,-3.1522853510310253e-06,0.003387776664172184,0.0015094984903720155,0.004925856884521222,0.007845966136275683,0.0034596596115546345,-0.0010058433787343516,0.0024566926494672897,-0.0015972277499948645,0.0019455142920728247,0.0027108374521667535,0.007169965134730108,0.004823257733074032,0.004056640220127463,0.00429165823026909,-0.0016601648296820934,-0.003385701657873354,-0.0037882091691612127,-0.004830068975664237,-0.0009154662393658993,-0.0001863693686036021,0.0003555093417998473,0.005564661416102423
118,0.01378333488121806,0.06620587523874241,-0.0004076324182668347,-0.009308089294549208,-0.0025199842085581975,0.0014734309838885496,-0.007822914128725858,-0.003787263044964885,-0.004543359846598278,5.944941095630706e-05,-0.00865325895023768,-0.005000838498099701,0.001595240710397177,0.00696509131768864,0.01228169422582242,0.005245292389023364,-0.02816518426034679,0.005150564283098017,-0.0012266626767706355,-0.0032710391558038276,0.005089986835206352,-0.0033944604156320463,-0.003873920820713896,-0.004648920935873164,0.0010380581475572606,0.004298320308118965,-0.004346618702706987,-0.00018879432642639928,0.006614604677166038,-5.4151852353692994e-05,-0.0031967929786449714,-7.826296619348353e-05,0.001637231399299945,0.007505794732308761,-0.006103134752352636,0.012808373228449585,-0.008414962881769473,-0.012357395632094304,-0.0002820016492826903,0.0009648855957940282,-0.008125393894603598,-0.004031559729076471,-0.0022575415951360937,0.0012758541474018274,-0.006259571639148136,-0.002611909617624695,0.013213911428592833,0.00618444115678079,0.0102717685049947,0.004024870870617665,0.0048472564766375795,0.0001654196142901652,0.0059253014629652165,-0.00568470381671837,-0.004564335475497066,-0.004394579822162431,-0.0037016311028071247,0.001341449506485167,-0.0010753391461924037,0.0055590136485317125,0.008386754933691249,-0.0073079110403634585,0.003967561357877071,0.0017989341242117568,-0.0019755186396545324,-0.0028817965772213318,-0.011521675348476215,-0.005132111188821614,-0.004121492873772167,-0.006478279201606721,0.004899659769544473,0.005599332988313685,0.0008793676368377679,0.00033259857600102284,0.006722598285138778,0.000833927016300998,0.005737809635396961,-0.0012451269721223041,0.00038466400596811267,0.0044020251652384925,-0.004187614050312004,-0.003424102773798332,0.009414351413527278,0.0026384943409653978,0.001375275625659695,0.0023865080604551416,0.004496973638962585,-0.004626781334485674,0.0046975281006146515,-0.0022967528755875625,0.0012197029246824563,0.0024093643913688572,-0.00024075092214083995,-0.0025147065486711053,-0.0013642041721133923,-0.010813905060678584,-0.001034721204383652,0.002344174584300905,-0.0045636195260712244,-0.0017932106642109902
119,0.0147550609326672,0.06766645892658778,-0.0012354596881194056,-0.015068185819041487,0.00048338487719838284,0.0016646452093386152,-0.004946709246355008,-0.002079888305149249,-0.0017310888579604542,-0.0008026716718317377,-0.006700621339787124,6.156934580003325e-05,0.00013218409587978426,0.0027161724079648513,0.006645015456892932,0.003549228367320229,-0.023548231250219244,0.004886377415944091,-0.0029717194455957125,0.0022230859134410607,0.0008179877376098981,0.0014506279995173035,-0.0014903149177003699,-0.0037475202269288913,0.00183646780937587,0.0017090318495139318,-0.001066615343590165,0.001757233768733651,0.00047250471551724707,-0.0009232644466293185,0.0011397922938969696,-0.0004873227275838213,0.0005440897330152768,0.010555750243178057,-0.003918349647021334,0.011274255566753268,0.004771255936652893,-0.00662078981462736,-0.00016104781140862545,0.00014235505874972046,-0.0076220814941998375,-0.006658318696768663,0.003072044362939196,-0.00035543007891431806,-0.007486376315858667,-0.0031713152887003636,0.002506148426648499,0.007003511955388236,0.004771337401679776,-0.0009967850806426536,-0.005282476468930446,-0.005374828865955464,0.007428228835928533,0.00422562448555235,-0.0028883336091892736,0.00195804893871598,0.0006753872033478015,-0.0007023818259728938,-0.0006733592848450389,0.0024384121582668814,-0.0004662022200528513,-0.001467111652664503,0.006327140027145462,0.006319282948006554,-0.0028744801175287064,-0.0010155536732036228,-0.004580992594198613,-0.005069362259580908,-0.001778185318423797,-0.006540507276879247,0.006809101064056087,0.008380403688092468,-0.005239790980523426,0.00526029054319026,0.007875193669786017,0.0004234210121802075,0.0031439383878835133,-0.005018674423701823,0.0028005900089700217,0.01119503679581067,-0.0006230634782914274,0.0057245987062073825,0.014119453033867519,0.00028039272758146515,0.00926833752260455,-0.005553668629210549,-0.0003558434968698232,-0.007872297945457093,-0.00017906552268117285,0.000207405896021387,0.003604867669928117,-0.0013468478675834096,-0.0011120192835000979,0.0016277679705299297,-0.001068882926623633,-0.0018342358188610023,-0.0006806447532314862,0.002695101752898647,-0.002486363068487027,2.4819526765571566e-05
120,0.014506970156021468,0.06805197759160332,-0.0007218643845468727,-0.015620297815298482,0.0009413355199639651,2.3879257130319108e-05,-0.00568958672945776,-0.0017261955881958198,-0.00365657304988906,-0.0008499922133859714,-0.009012324895680494,-0.0009640582835384859,0.0004893821494352272,0.003754264635038169,0.007789323640363546,0.003817404536167009,-0.025649471055118958,0.0057660549907852,-0.002721321425254696,0.001878499302165908,0.0013240184894083382,0.0004027550067942565,-0.001275501912099518,-0.001273905331276162,-4.743349604599818e-06,0.0009840094094032631,-0.00194912623075558,0.0015858734508586365,0.0025456753586564234,-0.0010995564779509542,-0.0010882369562071283,-0.0031047221493568688,-0.0014400791084842974,0.004878856843955071,-0.0036640166147698374,0.006298187569415722,-0.0007728640174261644,-0.005547206794175145,-0.00041584851570214876,0.0016194133366615846,-0.010556969549054825,-0.0003793076220569275,-0.0017503632057713865,-0.0013190864420788196,-0.004535878679091722,7.306610099917615e-05,-0.0020622460069304994,0.008970251574533001,0.008012634693479218,-0.00484390218578761,-0.0025113711949180818,-0.004691840225102756,0.0070533310992793976,0.003484685618644714,0.0008814310131223437,0.0003186950576499071,-0.010732002066364271,0.0032400595295396686,-0.006089858678707825,0.0042819077873923386,0.008607770631961545,-0.0017255833983487573,0.0010961646082217182,-0.003236469286983626,-0.0026308427916166563,-0.004286030876544653,-0.003567011653675208,0.00041579719333172046,-0.0026906929995782537,-0.0018352298631544373,0.001463647357238119,0.003955459183592058,0.00074201024760392,-0.00320278858086082,0.0003349960271364384,0.0029569852779548693,-1.6148607204455938e-07,0.0017604539629951816,0.00035947656672948155,0.001321315671485307,-0.002504098618405955,0.004329106106321471,0.0017233401537820451,0.0044374404282381714,0.0010194498478819,-0.0008671078719737303,-0.004388943168135796,-0.0017625533919233066,0.0007066248425622865,0.007403010964936478,-0.004762277652664215,-0.003742840127797127,-0.0046890534289290315,-0.0008440197919606676,0.002931058346455805,0.0032134980777932293,0.0006347877231076045,0.001944797005531659,0.0003410540770539477,0.0012509722384567703
121,0.015432274656701557,0.07073745537690238,-0.0012962822469772832,-0.009747437821298107,-0.0008235947939118752,0.0006756396735674551,-0.008023730560988348,-0.003047514047731116,-0.003669827628325295,-0.0009855781955932937,-0.010685919084366394,-0.000835206868348316,-0.0006379900819826823,0.006834981525565347,0.010800187541725993,0.004392761383729425,-0.02333428231466082,0.005239027680213063,-0.00306122152544141,-0.0018345927910073717,0.003935438944776873,-0.0017156726444162464,-0.002427008904707249,-0.00433507360341974,-0.00035601413564371223,0.004475902931793274,-0.00014067639055923424,0.0011255741677647618,0.006559944351108043,-0.0011831504166225678,-0.003867586903599136,-0.004095586136295178,-0.001557095790952754,0.006384912806943107,-0.008748271876367307,0.012506694914977204,-0.010578394318194281,-0.009754576293591647,0.011238829103457658,-0.0029991931262837944,-0.012604358809944876,-0.014240514224746962,0.0019094001251038079,-0.004236072768379125,-0.004489221529332808,-0.007770389495738907,0.006286285109282723,0.009574341401891206,0.013322519286530226,-0.005372825489553743,-2.1143997567773796e-05,-0.001533705251279661,0.00995876421601153,-0.003360846711371572,0.00252555282489786,0.002356119026543524,-0.006494914270388551,0.00035959451963717853,-0.00424323345523637,0.008852925769362566,0.004107794702288955,-0.018314030916876358,-0.002603394564679607,0.008124761964038978,-0.0003314318217059056,-0.0005844829770993947,-0.012902029146805796,-0.0028091838639673215,-0.002967487666398287,0.0026028927577900506,0.009299263073263864,-0.004679829529684084,0.00362188546133844,-0.006825668666913879,-0.006634001064899995,0.0006907468908062369,0.00028944670273640347,-0.0012858859820027667,-0.008031370019315,-7.913748584115048e-05,0.00018662168207546435,-0.0014272581481391653,-0.007693208027987455,0.004281810765915786,-0.009824895251520057,0.0028803421417181933,-0.009621414803125384,-0.008442104230930834,-0.0011516531338173085,-0.0022483255197620496,-0.002582868560732666,-0.01026819363665048,-0.004234129218739926,-0.0005843818183935899,-0.00916184135090543,-0.0005136052669587166,0.0038018348105719473,-0.00269648030462912,0.00593224355973116,-2.3550355196609843e-05
122,0.011326699811722452,0.06377229307661632,-0.0015052510840932265,-0.013971169305582178,-0.001596841507097161,0.002111212490168951,-0.004654561957298642,-0.002758986375992285,-0.0028816893764774063,-0.0015334821354959691,-0.0035461046250460297,-0.0005856078621734734,-0.0012290520208269623,0.00036196603516440727,0.0069239138991349,0.0023698848697480605,-0.020088220246313807,0.0022584977873720716,-0.002790522511471554,-0.0005058993232690039,0.001797375380082312,0.0006264966275234666,-0.0010452823870403974,-0.0017904327197785731,0.0018831606660802541,0.0035644877775331497,-0.0019581415914549996,0.002281079996983768,-0.0019899400424446055,0.0010736483690658135,0.0010463740203324025,-0.0019240352828646776,0.0003411412819137445,0.009932805575697578,-0.0025882542017180037,0.008128151724521731,0.0014902735719550073,-0.00934652882837572,-0.007543347629693802,0.005362049866820912,-0.0014622477407026458,-0.006021431356909319,-0.004536932568185623,0.0020147980804476147,-0.01049510060638982,-0.0023100323362222038,-0.001130279774596631,0.007543287032926363,0.010845236521157386,-0.001716257894940979,-0.0006682800626133434,-0.004404483023659647,0.006410295019804318,0.0005164703405369782,-0.002839288717246769,0.00024556007984303943,-0.0066282915542395645,0.0016743724414161048,-0.004517545363437798,0.009859001093327975,0.0029271728188327156,-0.003606849174972716,0.0003665252174615131,0.003440022159851208,-0.0008108469192594114,0.00031211769937214694,-0.002625575764875057,0.0004023717889408501,-0.0022670400512156633,-0.003574497207535331,0.0025577760110146136,0.0026741743704347606,0.003630082234926591,0.0029029108581525107,0.0033811023579265447,-0.0007131112581632459,-0.0060919415352102485,-0.0024726001915584277,-0.0013431952978694589,0.006730748487267952,0.005896352510446559,-0.0021659661479445248,0.00766755277879701,-0.0026589220405053783,0.000245116151807668,-0.0011062947290139669,0.0034285749772983774,-0.004047254438370657,-0.0038658151684662417,0.011051939774766963,0.0038675817962744484,-0.0013675747658382397,-0.0012794159591841628,0.004794832993290751,-0.006022677216392094,-0.00360921092661247,-0.0020996125724042154,0.000569913528492544,-0.0010952880034884843,-0.0005293447034607843
123,0.013109014553207215,0.06744711081138327,-0.001153645111642748,-0.010489331855891454,-0.0005553205899113618,0.0023833350041493136,-0.005713857223561069,-0.003150616807480886,-0.006394265159588232,-0.0012045955096842945,-0.006211204894823976,-0.0030480558830947766,0.0013161533575223024,0.0009245859325335315,0.00585500253437935,0.004574096830317575,-0.018812904742060082,0.004100434671896753,-0.0019428687822878737,-0.0016769977427354367,0.0020948026965922316,-0.0004878695910296486,-0.0025902753146899386,-0.003413690396808354,0.0024927656471491594,0.0033376064525147088,-6.806696795222174e-06,-0.0002379301801877258,0.0026042922450909725,-0.0006895651210135496,-0.0010479799414115187,-0.0008494851939453511,0.0008600808837257842,0.0036863860094593225,0.0010995495659452438,0.004448037358728084,0.0023822513587019286,-0.012202675791359207,0.0005783964803944913,-4.512213992320371e-05,-0.007080773146913008,-0.009154315729612388,0.003563276866176093,0.005532842008058816,-0.00837914386014516,-0.005370223070549187,-0.00040041410975880234,0.005383523993190696,0.008566462256919887,-0.003954835576268918,-0.0004986776980994447,-0.010404459107328075,0.011541713795088952,0.0032941045813880024,-0.008824759899933407,0.007137790733460352,-0.007144768407276012,-0.004137593895571979,-0.00543833282960193,0.006710094543949552,-0.0007250500660800548,0.001550276297965145,0.0004839986447556038,0.005191507476142296,0.0035294156689747347,0.0034399472896422837,-0.007644307940848254,0.0031873679600089785,0.001100168325414971,-0.004276830436516781,0.0019146586080480616,0.0020807864618866815,-0.005307952119667271,0.0038283704395658145,-0.0020100322421829193,-0.0035863095970759496,-0.0030391353034752754,-0.0002249072349790053,0.0006760163943766169,0.003174808437661568,-0.00010952826625575959,-0.0018666230208979793,-0.00643044273139917,0.0030248101078211116,0.002153745639083498,0.001975367752836454,0.004414946649916982,-0.0066348445925401706,-0.008039190022137934,0.004766439366347632,0.006567758446734482,0.0006326921005573436,-0.008370994609224488,0.00428853620863468,-0.0027093315984613874,0.0014348294146984439,-0.007725517065947566,-0.005879736964853213,0.0017813916250595395,9.826566565420677e-05
124,0.014112867831048164,0.07071751818089794,-0.0013152049873953254,-0.009356598975873154,0.0005171352780983153,0.0005776813550672099,-0.004263489055130497,-0.00035752831319475206,-0.003292619972947545,0.0006352845808424278,-0.010447852169779843,0.0015151472114654455,-4.430339201603938e-05,0.007159916860227839,0.012750649383247417,0.005641244826566205,-0.02726942288196096,0.005114221880895464,-0.003160829088293374,0.005627584963336821,0.004735621282947231,-0.0027015489519535384,-0.0029197717643958316,-0.0031187538485480935,-0.0016342249055915294,0.0029890011638414294,-0.00313192620846224,-0.0015670127280304627,0.007308791376878546,-0.0011051196383915947,-0.005322557093493469,0.0008415442452532715,0.0014773843217405537,0.005516055700825558,-0.01154970232614924,0.008119314677995442,-0.003816605611003797,-0.005144751754340573,0.009958597124786625,-0.001654975079650612,-0.006209602662682327,-0.007504337677901889,0.005953435932343155,0.0014318800429154147,-0.002609165903626082,-0.003907595138608701,0.008411860532279892,0.004277076713226456,0.008712947991030099,-0.004183291636122051,0.0006353804919628133,0.0025653274854005505,0.00577824481322124,-0.005757488392641204,-0.0048530528828844245,0.0033925044876039873,-0.003286991854474186,-0.0010311882260111297,0.001404909417215959,0.00042653444997382513,0.004191344612288879,-0.007969577373395908,0.003728822226586366,0.005477526950712649,-0.0017901650986364688,-0.0038409672958585384,-0.0011729274839702504,-0.005535753103929667,0.0035110807061261374,0.0012125695179338908,0.000258191436189993,-0.005113123642279961,-0.0012200542237884278,-0.0022013658154154806,-0.001331068512436259,0.0006031652032116721,0.0035119194504113454,-0.003163786410030232,-0.0024660354322181346,-0.0002590755178222161,0.0047254513447513346,-0.008074166055332762,-0.0020344760487347605,0.0037490868043741116,0.0013269914622890742,0.00016744442344258006,-0.0015627905449350462,-0.009069549783566722,0.007224862768596124,-0.00398278456536152,-0.003269243789501629,-0.004175836004450991,0.0025283093180128195,0.003861536161613682,-0.0009966293662255175,-0.0073033887852718,-0.007002928251542184,-0.004496028778223562,0.0021678183169737205,0.0012029523287851035
125,0.014542289464596016,0.06880499737847506,-0.0014526666580484229,-0.013314974142001786,0.0007525318455990948,8.70450612045124e-06,-0.009679431056994653,-0.0043493014062034,-0.0027667670333317465,-0.0007746336698041587,-0.013964125234150259,-0.0035805001839473312,-0.002050157005883005,0.007808617530464829,0.010332797441520393,0.006546828910645003,-0.029542609456332563,0.0049638752170516045,-0.0018272976470408348,-0.0035152020085709008,0.002459641283488705,0.0007005672610503188,-0.004761423738463676,-0.0060994583363928314,0.0012532585604618876,0.006985353915164436,-0.0022547203623615075,-0.00014006356350773966,0.010491907594421455,-0.005002787307502483,-0.005391230673116804,-0.004152645608122683,-0.001777667552685129,0.007195585303871826,-0.008991249646873289,0.014080973338017744,-0.006922646692020307,-0.015523682607554014,0.01072828715152068,-0.00535466746161591,-0.00885023356277921,-0.015780141481418524,-0.0023894487521469447,-0.0013427745455020625,0.0036442910931320945,-0.012025379867361493,0.0004778042398514284,0.005754665987760395,0.0071031242978388896,-0.011256252138616625,-0.0040996213692181165,0.0007204881040336178,0.014595204287337795,0.0018774867655564072,-0.0031247590752661366,1.5872692734814847e-05,-0.006639528453193154,0.002579219471215699,0.005337844677021846,0.0016442523797464126,-0.005936960285281263,0.0027199505540660947,0.003252199050528415,0.010912360463199529,0.005755999727118707,-0.0008204592085950502,-0.0037470307824843505,0.000628863699001491,0.0017818805781524378,0.005778389605462905,0.003051596349789988,-0.0037386500658626843,-0.0020448004366758563,-0.007426611552500232,-0.0034853548577058187,0.002116750449744757,-0.007528428888721759,-0.004728944277849308,-0.002024081167048239,-0.00267568154239642,0.005529919062096047,-0.008387617216879823,-0.008324155388259051,-0.003833540712463761,-0.0012459158293622937,0.004029128453332229,-0.004236014809453526,-0.0010347457921931473,0.003221801566146072,-0.005185984379959191,-0.00510378568880484,-0.0005672589711247694,-0.004489731517849334,0.00024372244379240442,-0.003887833789159799,-0.0018519987681904014,-0.0037770666425131004,-0.007003223335628472,0.0004996746032688462,-0.0030435866734466457
126,0.012136665542456047,0.06400903748074122,-0.0012604185162967926,-0.015426221637862515,0.00014509054968851187,0.0013462937677952154,-0.005084016259200047,-0.003276693563562685,-0.005313846153756273,-0.0018367017258563263,-0.007838225268144594,-0.0026692633503789193,0.00022550759984674956,0.0035032541094600946,0.007710180341204326,0.005992564876392597,-0.023220645211845845,0.004072402622298606,-0.0025966632144473296,-0.000344367969777972,0.0017477116722002032,-0.0010301334198690982,-0.003020530891545233,-0.0023270065269738933,0.00029692992541215953,0.003059633374129111,-0.003089955048237642,0.0016413582853091158,0.004417147752020081,0.000861898593687113,-0.001533781204669903,-0.003270545159688917,0.0035554999861921927,0.00587261945160956,-0.0035048856178730922,0.012834859495623092,-0.001982322037070316,-0.008078134449119942,-6.75079467557918e-05,0.004411720255801429,-0.010659099895688636,0.002971167331039791,-0.0015018098332122848,0.005705105536482456,-0.005686908227541511,-0.0029736255431861585,0.000826457505123875,0.0027523953040753937,0.0017333322499863259,-0.0053114782542466555,9.283779729830121e-05,-0.0027531835601760962,0.006093657509961183,-0.0023518898281987277,-0.003179252215085612,-0.0004267490672187405,-0.008097294242470127,-0.0003227661943838266,-0.0009244267318289023,-0.003478524970129038,0.00020389822807844528,0.005382073820202788,-0.0002851112937132063,0.009756596934584404,-0.001215645437925329,-0.005659401094434016,0.000770110825349517,-0.006775917707906787,-0.007849340414143162,0.00045855639172469727,-0.0009639089872563673,-0.005429759466248727,0.00475883113161379,-0.0018441689913603837,0.0008650054706822766,0.010707071732574446,-0.0028914816821577413,-0.00514872884289611,-0.00022154474322760745,0.0007708335744781439,0.00024013947748588715,-0.006138376353243834,-0.005666134616883638,0.003028874975569319,-0.001978755171444738,-0.0017940645729116887,0.004776450912196573,0.004795401896177682,0.006144195104073688,0.0027352927844621735,0.008961144268452735,-0.0037115853646365296,-0.006386360711592399,-0.0005183081598663297,0.008749717198497547,0.005233211391783044,-0.004784663604995935,-0.007571440771207768,0.006368455190984271,-0.0014031540784463442
127,0.012277787554360374,0.06665110687230026,-0.0009894055516804303,-0.01076597130074029,-0.0002215565875323656,0.0006109055528854631,-0.005095403513060755,-0.0027730097387006114,-0.004490711409165486,-0.0005460454422943704,-0.00845666327530537,-0.0017389362728114583,0.0008376833850223382,0.00543042035954409,0.011786854611935993,0.004976272850198761,-0.024521177436542314,0.005841458810251632,-0.0028859395200424008,0.002719638334002322,0.0027235896159339074,-0.0012622089861759034,-0.0014626367488551671,-0.002058085106956086,8.268169622082949e-05,0.002160074982243053,-0.0006464193694117619,-0.0012564107801512725,0.006116964140585176,0.0005350262373531045,-0.0038456082622483883,-0.0009224199595807615,-0.0006332816662854063,0.005473498015438273,-0.007665378203108474,0.012139857911112193,-0.008171411648460991,-0.010762711109223808,0.00853575628464537,0.004752159619035493,-0.0065161645274677315,-0.0023841270075631686,0.0018071685324832789,-0.00048618614648193086,-0.002792925196133915,-0.004072851067865499,0.003529995887486597,0.002545570096225599,0.006809850448402669,-0.008592015717491472,0.004490342142871297,0.004291469858620061,0.003867921607706533,-8.142868773500063e-05,-0.002956771185985796,0.0010343436127469268,-0.0012895893703239421,-0.002414747984625937,8.738374291358079e-05,-0.003971331958400912,0.006559344280278744,-0.003906155341794136,0.003162041275060713,0.008502219467080213,-0.00509027588335742,-0.003987718374263707,-0.001366244141955034,0.0003599407511490417,-0.005751592445650613,0.0007086964429607705,-0.0002990105933951278,-0.0022630927137769386,0.0018928776819308653,0.0009921490611294102,-0.001325339571939952,0.004968695040446366,0.0009213070701731662,-0.0022005754891691823,-0.0030958499444533947,-0.0020097668075972873,0.002314585147572931,-0.006756928445180652,-0.0034848064469865225,0.003604481514713921,-0.00048665754395016896,-0.0034100872207949258,0.00023478453894171695,-8.563149841334404e-05,0.0025797246310682274,0.002565748240109677,0.006873636099375839,-0.0065071773138532275,0.00041151483643818025,-0.002530991676458081,0.006787274565385788,0.0014322157863115533,-0.0016226257205891616,-0.003665948444035626,0.0019675332819216367,0.006952521208956711
128,0.013691761677775142,0.07004778744617712,-0.0013563542830794424,-0.01542887760578136,-0.0008241820305670477,0.0014842758505789657,-0.007214684833850121,-0.0033332544685647763,-0.004154470798615756,-0.0015480996479751382,-0.0077393084491994635,0.0007888181062169656,-0.0033310580262821774,0.005149481163744756,0.007677588006857738,0.004407752327683948,-0.03104955721961082,0.005166830300852492,-0.0023338075654735974,-0.0011330623170276463,0.001234584489852932,0.00013692723912702256,0.00043520887984759617,-0.0024643233283530423,0.0019943022911478704,0.001645604609320425,-0.00038085339102606906,0.00018712398787128977,0.0007852723325092331,6.388658866111499e-05,0.0008811167418356632,-0.0004911436392921783,0.00554332009980973,0.004229664329177515,-0.0090472890014434,0.007419235639221528,0.0034034282610070576,-0.009527086018660175,-0.004368082750156286,-0.0014564276857706175,-0.015943952279382008,-0.013702541908529606,0.0038103006005321747,-0.004263755459227383,0.0007615305604443684,-0.005475687760683246,0.006627012668752014,0.004670971653889606,0.008915837841753631,-0.012807127314004818,-0.0021053645114013234,0.0022074613511022583,0.009940547566588156,0.002300158560935516,0.0015873121152969597,-0.002203829417663344,0.007158776400179597,0.0057065232732049186,0.004211643347868589,0.003851366629562079,-0.0027436665118987136,-0.002394656131232061,-0.00465754588450464,0.0016159740862813643,0.004532045575794249,-0.002316093896334127,0.005673013956639518,0.002673997949459502,-0.00035505973347125445,0.001346250217559551,-0.009316278044251197,-0.009295003447052516,-0.003372475942285281,0.0027608318459502435,-0.005128753977580298,-0.00504892204557957,-0.00954364188862804,0.006205795398709855,0.009603222056996841,-0.000720591967771835,0.002120340915386562,-0.003352984510696303,0.001674826284321301,-0.008151711040020613,0.0042229886963970325,-0.006370496891640437,-0.0024471647394031823,0.005087736173561084,-0.0008385379829374127,-0.003933111492595067,-0.004369832599182103,0.007028368854693602,0.005520035616537554,-0.000520160672888009,0.010796336288526966,0.005114198268564979,0.001692868453886601,-0.0009954301958199835,-0.004419867654621439,-0.005801682115744763
129,0.013713736980153534,0.06558848092799767,-0.0017075843602003264,-0.014116133218078048,-0.0012005528198342325,0.0006392202973896377,-0.004878248530069632,0.0003869349354000838,-0.004116344821812496,0.0026124693058539646,-0.00331281568094486,0.0002841449396120171,-0.0012062689866790806,0.0019281731835945914,0.005647118720373721,0.004628469552423684,-0.025226829890803125,0.0017032218947819874,-0.002171478839127963,0.0044627757396157085,0.0015467258149633293,-0.0007756335304853742,0.001804388645304455,-0.0016395968320695635,0.001058277231003264,0.0009565320290545201,-0.0010511910396530239,0.0009303005642290732,-0.00738991467514919,-0.00023063281563481534,0.006711006358554011,0.0048278988049894654,0.005623401788593872,0.004043927023836605,-0.009286818259136565,-0.0027917374966816154,-0.002477026366084732,-0.0034753940178071665,-0.0058339978989980605,0.001374428105926995,-0.009251373008124722,-0.005715855811449229,-0.0011202129007453969,-0.002604923105446763,-0.0028401373669420756,0.0023192040113828687,0.007784759142575117,0.004142421267104959,0.010663673536320922,-0.006935368009181446,-0.0037327753586158816,4.4356698972316015e-05,0.008176521470215315,0.002761391058353237,-0.0031698508186569353,0.002302181806616853,0.00240663525311872,0.005582176119156675,0.004420316796927865,-0.004248293702112906,0.008193431890608496,0.002683094923250176,-0.005649500723856138,-0.006874850307822577,-0.0035859269898086553,0.0013761314627801242,0.0020461541843188073,-0.0015332411732855381,-0.004350760379112939,-0.000538929443591943,-0.0052028024739239655,0.00048065322435854443,-0.0027865198363313287,0.0027745676062208295,-0.00046301243506888246,0.0036416362187957907,-0.007217991350681639,-0.0006778866381088887,0.004997612530501441,-0.0007515871117121146,0.005275381887365615,-0.0017182558201706212,0.006530009044898407,-0.005038770475113236,0.009406074378280125,-0.004727938768848025,0.0009090225960039807,-0.0012920263766356846,-0.009501805591604564,0.004199010428106258,0.0002615380429671513,-0.001068974091965163,-0.0003318241591903752,-0.0008676294048347653,0.006416570035530096,0.007032101138265672,0.009606790847009843,-0.0024398275966108535,-0.0013251388215244596,-0.006012908909486321
130,0.01192558357917342,0.06674773732112975,-0.001759785676011938,-0.01185949121252161,-0.003076077435354475,0.00215491524995281,-0.006032707666223283,0.0004068704143964561,-0.004693994798103095,0.004170862897932388,-0.0045908627170063296,0.001306237192209049,0.0008781683423739355,0.0010691569882409996,0.0058114384997931725,0.0032729543602174165,-0.023453199926944276,0.0023745219566672494,-0.0029951370222652115,0.0012968548060155764,0.0027939047591329625,-0.00034501794551404627,0.0015579794093354066,-0.0014789380920721931,0.0013154425858985651,0.0017338638020946132,-0.0022891857128735653,9.66722947379424e-05,-0.004858226543382443,0.0009633585317164732,0.00557717660875049,0.0014443558971994393,0.004975311558224544,0.0011986124433089411,-0.011180870280566682,-0.002605978605824287,-0.00784631666414445,-0.0035363888275902634,-0.005159748694547926,0.0008403006815803745,-0.007721825868967478,-0.005699558738851098,-0.0005856298714540765,-0.003007791730556551,-0.0025573040898912804,0.0054226203007474395,0.0071356602662854055,0.0017842729703604183,0.006462727436132479,-0.002627594325973173,-0.004819575478629523,0.0063368556808731,0.001508002430665537,-0.0020576691863609096,-0.0012775806107338803,0.0027086017494294874,0.003672960657915509,0.002120856745760386,0.0058346623115369195,-0.001624220605694421,0.00909850372608425,0.0011481541878145993,-0.005757090538705045,-0.004235628333074735,-0.0071585846154156975,0.0007301373668766197,0.0021410852066346083,0.0007154052749654439,-0.0025847346041919985,0.008224815975597165,-0.005777595857002189,-0.0012747044469154161,0.001548953210774414,0.002938591279180271,-0.0016139339491923936,0.00841054464271806,-0.005348452794434902,0.00214305022441812,0.006343615636884592,-0.003009894440716524,0.0007989841611201997,-0.001072185802318778,0.0029786688885435502,-0.00357857627256712,0.004119957198944426,0.0005121647528548834,0.004205227483669482,-0.0004365518317018452,-0.007358653801098072,0.005300031353614884,-0.0019621062983392456,-0.0010822080360256626,-0.0021230387618080666,-0.002162860538287953,-0.0004418181167511035,0.0030359938768152635,0.005018558253440611,-0.002706094004991565,4.375956679512426e-05,-0.001936689702390405
131,0.014114672528729869,0.06814023511971057,-0.001169591980895257,-0.007930704875690163,5.041218441499099e-05,-0.00031659461422705573,-0.003523661707356918,-0.000263180173964145,-0.0016858500278703992,0.0035522248374054177,-0.006878857479812978,-0.001330287619401688,-0.0008172182719406024,0.0029938477100346747,0.007461741188948734,0.0025792064563190126,-0.021162088041201274,0.0017371503244567083,-0.0003132540968899889,0.004445076789085846,0.0032076557501072352,-0.0005379636217133386,0.0034104810927410465,-0.001296306589165897,0.0012333158005478437,0.0012740730169870055,-0.0032514880634981727,0.0014004446073316804,-0.006241771148144122,0.0024303566116836506,0.006039419353834849,0.005627094124785107,0.004544508670121576,0.008065541190796346,-0.012149248281585834,-0.008183888317199055,-0.009340231475382271,0.00030882003333732077,-0.006583073456885415,0.0008379222669128572,-0.0035333149581364886,-0.010046984324911669,-0.002222424605792545,0.0017110877782293842,-0.006605988213297123,0.005216155957742731,0.008108902644038202,-0.0014149311891407611,0.004030957003465678,-0.004025020456266167,-0.002176363464113481,0.007384472502475111,0.0038891152189660947,-0.0018358887056816133,-0.0036256690742061414,0.0005021456555482833,-0.0018486580182751565,-0.0023154848428015885,0.006685197349848896,-0.002144695504477959,0.004807920696947924,0.0016214558347012852,-0.006037295298405901,-0.007427149397324984,-0.004004135092073927,-0.00041918710030764284,0.009125078866839994,-0.005495744568899989,0.0012417681124654494,0.0033550243151618787,-0.0024004695979128595,0.0009115897516827904,-0.004973602187488605,0.0015177800277132109,-0.0038217433932124824,0.004168127460446021,-0.003957011642336775,-0.002664299463417736,0.002471549754976472,-0.0028852403883177077,-0.00012657474184595035,0.0010275822706072688,-0.0037387451998890076,-0.004057229351012545,0.0028669952613875403,-0.003221948582038729,0.006284667725475526,0.0002452738946767367,-0.005997971858303285,0.001648311832803741,0.0031525945873568354,-0.004020773130290951,0.0015050036307060976,-0.004924765901577503,-0.0019513974448165314,0.0015057031884142414,0.009300070389313048,-0.0014029630901363527,0.0050588574425917115,-0.005014075721504443
132,0.012988288671483918,0.07038557076587311,-0.0019457359541945284,-0.01466052227545645,-0.0008149621832648095,0.0014760033987161944,-0.005486990376709668,-0.0009466860587907036,-0.004060714534425605,0.0006554783381170141,-0.004165131105836316,5.787675780565578e-05,-0.0014042124777684873,-0.0007370124558623859,0.0020256139940558536,0.0032651202394833323,-0.02114044388092532,0.0009465119611729651,-0.0022125915701089838,0.0035695535981744185,-0.00045029219539099904,0.00038931128438079467,0.004493123120997145,0.0006052232502137746,0.001763641430590435,-0.0002546940332010273,-0.0005458292581388717,0.0014887076072134726,-0.01178215399180041,0.0010887515425352507,0.01151790231871924,0.0018410335873733034,0.003625525438139935,0.0027322383480415527,-0.008630785139323,-0.009038251663982614,-0.007402366413877798,0.0005974110879187974,-0.0035910364380116076,0.004613768332546894,-0.002951528830013286,-0.006252688402994944,-0.001004096416750485,5.1692370251092344e-05,-0.0074543530566611085,0.0009195951824491338,0.005132973593974757,-0.0029667654079512597,0.002601150499803128,8.005524435699741e-05,-0.0019241445178166704,0.004044360618363588,-0.0005114043994682711,-0.0024320143527455837,-0.002061592820143584,0.00010553352090930614,-0.0007045772015934709,0.0008438335895375206,0.003616826265557922,0.006082821201778337,0.011038528048663334,0.002876050620812424,-0.009995556804914523,-0.006840237652955166,0.0004608674420819485,-0.003961637961825494,0.0069836705183706225,-0.004268129779744548,0.0028272223507313167,0.003279027814237976,-0.005426170125468334,0.0024408711811501767,-0.0012774348785891238,-0.0021766158406637064,-0.0012978438944619955,0.0074487491772333965,-0.003998645031526857,0.0013083668269283498,0.0027663346932501357,-0.002025779978241866,-1.7830699658028972e-05,0.0036482108846106987,-0.0043637815234460735,-0.000427198389201691,-0.0007225992503706622,-0.001852354897136862,0.0029407832891553635,0.0006060721055129207,-0.002388888872368511,0.006043954215157161,0.0035894644135505104,0.0038761775883829597,-0.004423543666882637,-0.006174757759809399,0.004433595795758795,-0.003384129130045057,0.0059507328056447786,-0.0008448790217189176,0.004794144431405665,-0.0006109938178651042
133,0.014424083720893275,0.06889623912221153,-0.0005284291711102116,-0.008410482185751241,-0.0013550333747660971,0.0007982328621317355,-0.0002617214908041392,-0.0029561724229267214,0.0009538479905682479,-0.00024964465010117725,-0.00023456589395905246,-0.0016918626519516287,-0.0015438281767556907,-0.002009033712207708,0.0027334827406390177,0.002491606418716696,-0.017463246597571768,-0.0005240219028482382,-0.0025522623270015352,0.005870250177161774,0.001966995502482851,0.00023023323057807575,0.010034584371828154,0.0015256412563968878,0.0013576823644957782,-0.002310719613961091,8.238076126532181e-05,0.0015732770761266697,-0.017384092919084923,0.005026490357738957,0.011810848818478404,0.0023178382448305213,0.0011724843110586724,0.0023513232304308938,-0.010666668889479137,-0.011895119960839154,-0.007570972568133538,-0.007519435923037973,-0.0007808530679451457,0.0020030726553857195,0.00279584123549841,-0.0013647874022614764,-0.004468397747288647,-0.0010489060011669537,-0.003467376645652305,0.0011731803555556208,0.009099923414805379,-0.0011444837434929783,-0.003833081189813672,0.003488022239906964,0.0029732998266668443,0.020304859629118748,-0.002075671977257248,-0.011593624288699264,-0.00239796711864497,-0.0031018993194404355,0.001005265189867038,0.0010110125738191104,0.005185288837873001,-0.004699982563617372,0.011816876394334501,0.0019040794899652257,-0.006604190737635794,-0.00856629110266475,0.0017604126762150653,-0.0029004703497654545,0.0057573524348077726,-0.006002372989392453,-0.0022319126139719175,0.012180467714359107,-0.008661325013926564,0.009707420430081212,0.0035581243087421353,-0.007487358907992694,-0.003742140336713816,0.0024097297799152064,0.0008877313596615217,0.0010643164833845534,-0.000991206435894427,0.0025265312610097002,-0.007346553150269404,0.009904697037532191,-0.004349366715229295,0.003448214151454574,-0.0032908733292014896,-0.006717845530115989,-0.004056346711326796,-0.007074583941867009,0.0015570713760731842,0.0025053808188321585,0.0009410280999477194,-0.001400503662490997,-0.013176715329329833,-0.001170210139130839,0.00017164670163310967,-0.010193097753981011,0.0013763690843700382,0.005760994475792964,0.0029606516945762966,0.0015502143562487664
134,0.013997138654507416,0.06901947060760304,-0.0008779349764092358,-0.005442577454585744,-0.0008835221236637771,0.00038138731674555997,-0.0038607457069885095,-0.0032243339103660788,-0.005653761749744887,0.0018050723954829348,-0.002316161483883697,-0.00233048519906352,-0.0020553516149458485,0.0019279112863529564,0.0008187834909792096,0.001715948364113366,-0.019504717875418798,-0.001743299064897469,-0.0014078585612796893,0.005249607552688081,0.0015658683791190421,-0.0019186064275990718,0.010169552625254845,0.00040197129425522256,-8.37467585252082e-05,-0.0005088095117383385,-0.001153625541581536,0.0044135762087636025,-0.01579732860177186,0.003818647631516116,0.013016613422451752,0.005454296681949986,0.000994009835289511,0.007402362641167287,-0.015233598120409928,-0.01864796629404474,-0.00994698100192022,-0.01032938224030071,-0.006562239696946638,0.0014403598186937532,0.00444528198118314,-0.008632599107147762,-0.005611769202706198,-0.00022819053400135954,-0.006986815637354326,0.00468870423811225,0.011230195888727671,-0.0007472591774624954,-0.0005834552510681473,0.004363806734739974,0.0014556295930685363,0.01418468934333399,-0.0010951096824624732,-0.0055745106456384355,-0.004237863624669946,-0.0005844793525816487,0.0010122076751290913,0.004324946984331279,0.008925015081041288,-0.005205931128945993,0.009700714284750207,0.0030982691692388216,-0.004253203005222468,-0.004807255477164155,0.002588195577193419,0.0001441327583685187,0.012910046447416923,-0.0063291663229461835,-0.0032734996655872403,0.009577757435668126,-0.0104962654218384,0.02155669124733193,0.001040877504895868,0.0007020319130600926,-0.00633265657847929,0.0017135427131819642,-0.0014231336340204675,-0.007384844538847383,-0.005226535746795969,-0.0022654967235946006,-0.0010194352243135024,0.005265932951926446,-0.012785442641065025,0.0008752539321422265,-0.007922988457524267,-0.015597114968641412,0.00040570600122916644,0.004029080045036362,-0.0015547200347734932,0.004731234397977876,0.013617118019196982,0.006733842553317664,0.0013590084923437743,0.0076843043771463474,0.006561280843171995,-0.008953353243324854,0.01346579193614969,0.008135816056801547,-0.001509619305016945,-0.005308138539614316
135,0.014432475040760647,0.0713591613118445,-0.0020868176830509274,-0.00653368076553173,-0.0011883804609365998,0.0006889056439154735,-0.004008707464781378,0.00024157389318560076,-0.0049596278269044,0.003385295240207219,0.00099201368670709,0.0009594845262628716,-0.0016677320519257802,-0.004734373690160638,0.00144735609615326,0.0006645981697157661,-0.018327838942405937,-0.0001786572104857151,-0.0028193599851658426,0.0071199371287038885,0.0008055304658957245,-0.0012182223586439302,0.01272484100794022,0.0065731802089586755,0.001516296695713611,-0.0034068352714564055,0.002494437544932298,0.0012287795579861932,-0.019626033090726167,0.006510973433032747,0.016779312997596166,0.004426713619382397,-0.005449657183512514,0.0039465287476886214,-0.02075126566406577,-0.016763078609996495,-0.014182706269302367,-0.013636032224590623,-0.004375912846258763,0.007663767711383661,0.004381207667464664,-0.007369163822800024,-0.0008578261710812131,0.0016519778427782088,-0.0026425943473571277,0.009597849712981592,0.0014312298032715237,-0.007229084644845904,0.00352362484981113,0.006320520347055723,-0.0024932496963742446,0.0016854904010891315,-0.009798488682068006,-0.002011769621098696,0.002085302790275441,0.0031278114809310926,-0.003424964589345512,-0.009835691352146366,-6.99203586296714e-05,-0.010634593824837748,0.0019556010616042794,0.0046286386027071386,-0.005428274316683601,-0.0005190275634523564,-0.0022539028546171326,-0.0027641942562468924,0.011092571681648752,-0.002243973837537016,0.0035537736201310005,-0.0007664697174643715,0.0019595263925473528,0.003276780704294881,-0.002932755798548157,0.0027606703096024585,-0.004725380742569072,-0.007307144878075521,0.001515580893752365,-0.001285988874531016,-0.0023471584484270067,0.003094057215051528,0.00500799771997499,0.0072556629994306706,-0.0009298340582196616,-0.0006379778976616175,-0.0069795089550817825,0.00017400751013411516,-0.006382742747602005,-0.008374381421902468,-0.0009997627832701078,-0.002773951981421767,0.003948109913294349,-0.004765666453897889,0.00785630345251527,0.002945833073700145,0.0006854453179567054,-0.006419963161079579,-0.002905131650804498,-0.0017687284587660711,-0.00779334928708397,0.009212304092727054
136,0.013191752593322205,0.06241681393461637,-0.0006080409603378743,-0.00969134915054979,-0.0012594931941783327,0.0009969497323289358,-0.005028006558128993,-0.0011666260022246938,-0.006296830991636367,0.0005150234368307534,-0.0023737633963948957,-0.00013693426360419862,-0.0008917525838679526,-0.00022675413689633977,0.0050922756490047886,0.0039226434250225544,-0.020844885914862703,0.002097762047182556,-0.0017885934197181472,0.0040823084648782945,0.0014573080334158582,-0.0006383231765842131,0.0029435957828080578,0.002557292868289043,0.0010792453437098095,-0.003583813082937119,0.0003541666977663248,0.00017034084053225174,-0.014055265714128915,0.005034241314217931,0.009024846519326848,0.002689191027406858,-0.004491533964733803,-0.0019614753620903467,-0.01197131708938004,-0.017049803271080206,-0.005028744991200006,-0.007972747193775198,-0.001745834529339522,0.005772239819477161,0.00037038729848672553,-0.00036163664902437605,0.0014424079179235884,0.004365943617601111,-0.007467532420357327,0.002572494029537713,0.004503486606710158,-0.002050678170611586,0.003448255660376258,0.006510952160314203,0.0002587448969257477,-0.0024683330829420496,-0.005325335602698865,-0.0010002270141397326,0.003184401411909567,-0.0061716807665495345,-0.002382768568272235,-0.003794335580691243,-8.552140702583794e-05,-0.010277943775675332,0.0005600928987062787,-0.0022938948297772056,-0.0041124673358120725,-0.003201282771521778,0.0018011039429127705,-0.003946762506821285,0.0008581090218990199,0.0040108535462908615,0.0044598303882757455,-0.005154178173851174,0.0030565594952875904,-0.0022812825250835777,-0.0035618415583552666,-0.0014300228163599145,-0.0018832797857723468,-0.0044544405784052,0.001202842117209589,-0.0009757349060552784,-0.004802701612360726,0.00030801858330427344,-0.00211811067246061,-0.004019715745327499,-0.0036040872728332366,0.008500554149336917,-0.0034181883678456823,0.0011359738628940713,-0.0005754709343871959,-0.009266775585900605,-0.008014195929370381,-0.000177315311403376,-0.00797370308679132,-0.001429358267290609,-0.001127123800655171,-0.0042762548534620035,-0.0035461970635859603,-0.002406866968284434,-0.004675843318055143,-0.002937411106713759,-0.00803668135281583,0.0024186361174422864
137,0.012810996418393525,0.06322719588782798,-0.0017388218419584036,-0.010904626499725404,1.9376257916619143e-06,0.0015498847987647157,-0.0026967915493600236,-0.0010728439613868419,-0.00557345254408353,0.0011977021547503804,0.00031625947392645,-0.004080321622701782,0.001954466857355727,-0.006017600746846524,0.0026676970334173623,0.0011696851982634445,-0.0174790931931891,0.00010293521434631492,-0.0033446270962876347,0.008695642890305381,0.0011817533896152316,-0.00047464181360096306,0.009686021179180212,0.007316501503698481,0.0013701802893925459,-0.005450927014663778,0.0027196699829530923,0.0031158247840533822,-0.02396523083828727,0.0066361079630872155,0.016735483901560044,0.0040219717810734655,-0.007664977822941035,0.011083386302936045,-0.014014373432124765,-0.004577973820692125,-0.0072966701253157394,-0.02007817881153349,-0.0121895458879735,0.01230777686889273,-0.0008307504193959999,0.0012388449292582827,0.0024153202306005186,0.007999839676883893,-0.013013034963489217,0.008165347925867329,-0.000562962940468692,-0.009672827445618487,-0.0008134700284673858,0.00839397885463243,0.0045829466196300765,-0.005470715995844271,-0.009392425919358363,0.0090685176353829,0.004549070924999485,-0.006220866539384025,-0.0068379889494886055,-0.024572250049306212,-0.005722932968419591,-0.013162864383735729,-0.0017347710977043504,0.009538952301167582,-0.0017446957344916078,0.0015767962688296529,-0.006813659603878368,0.005264036644387164,0.0020895062777448914,0.004116360118153057,0.0008776171647482642,-0.00301906706804432,0.007633220265151239,-0.011768954454838441,-0.003262166997476218,0.0011225851818582864,0.0006969670915713893,-0.008618077313545495,0.00967042088592636,-0.004214760662362196,-0.006918494968207039,0.004957822008075695,0.006938483912548442,0.00012275502604552408,0.0030594991740815055,-0.0013236466172561164,-0.0030584274032280237,-0.006967659144864796,-0.001249874029896101,0.0011309724700039924,-0.003911721701490573,-0.0030710502041572485,0.0010260976893305767,-0.009393229980088237,0.007814486258151208,-0.0009489697292915225,0.000832178950639229,0.005227680375484955,0.0011601843861757072,-0.0018691150123523715,-0.0005680541257812184,0.004438522712448228
138,0.010950559068529644,0.06454121969538497,-0.00139956928735811,-0.013221010519044223,-0.0013608591975292276,0.0018577999657801287,-0.0054399718098190565,-0.0020321162055555813,-0.007846534612870725,-4.770609792585923e-05,-0.0041719913589771855,-0.002018150137703855,0.001099862005705301,-0.002577379104307851,0.004431504568135519,0.002418962557027438,-0.018116846526785305,0.002943171286108012,-0.0026633301137241683,0.005439527807208477,0.0009977268959301888,-0.0009073987778019704,0.0021849444082695057,0.0016404494270002821,0.0017628729221584537,-0.0008622400051591956,-0.0038388619310854117,0.0030253399902085963,-0.01135995040081586,0.004586434697574143,0.010798389520408149,0.00224033627345762,-0.0026475579167297373,0.0016922051668380308,-0.007300166127384942,-0.00571771591239104,-0.0046430061581925995,-0.005924088149780236,-0.01079708404340672,0.010767986101011049,-0.0010818200704017487,0.002248671160194598,-0.0023232231530713513,0.01171982941293703,-0.01322001463268045,0.0032664772529066854,-0.0013674189700241266,-0.0017564761936139782,0.002900819674269278,0.0059612509893029915,0.002672405804905427,-0.012650743297054937,-0.00438273758494842,0.0018929221856966987,-0.00029771482599643155,0.005784465676987365,-0.007023923944996553,-0.014744088060267562,0.0007218944559388365,-0.0019473623370781427,0.00029158418151961385,0.0026906567951749715,-0.0036871054896173722,0.0017737537894816824,-0.006540510528079686,-0.0012736353794572887,0.008349808138327294,-0.0020127871984685656,2.6576071790656815e-05,-0.0023814778568394873,-0.000983106132545921,-0.00283226653876574,0.0022317792832202473,-0.006366626797647483,0.00041854475444056316,0.0016866020592830463,0.0031727180060261225,-0.006439502568222937,0.0010290100012885826,-0.0035349264155793364,0.001592747633932453,-0.009112946487410878,-0.0023034934069489977,0.0031060462525061305,-0.0019811699803707655,0.008815611731383535,0.009440272401554105,0.0072357265022669785,0.002649924336650755,-0.000212266538177811,-0.002131242923692115,0.000382067339445977,-0.0020302167541240714,0.002806444917771097,0.0009151662372185217,0.006581755287278401,-0.0021635699681895057,-0.002871124148644616,0.002160766009314244,0.002953059387847898
139,0.012742360420793733,0.06574239355896912,-0.0009605769259817149,-0.009023295548558897,-0.0005825382802064506,0.0007600258253356706,-0.0012187150535897296,-0.0018292424644531385,-0.004289111215738307,0.0009988380261626484,0.00018267169448570614,-0.001159138019386199,-0.0014126537213786784,-0.0029491711625573612,0.005612733847403005,0.0023332673420681837,-0.021207224156743264,0.0008667477604000235,-0.0018949437539105534,0.005127875497491141,0.001829316264534932,-0.0013948717401253774,0.0062429482592214055,0.0011980056640081727,0.0012481819548276307,-0.00290560609002781,-0.0020784440215183414,0.0027847962502493603,-0.015511313338256639,0.004650679477315993,0.009379736736452893,0.003356169422322499,-0.006355706301223756,-0.0013207164797402597,-0.01130161597100393,-0.016139165943397666,-0.010742848803132445,-0.010599341645916145,-0.013650890543880644,0.004817251599041195,0.0009511925730986796,0.0017036041798612418,-0.0027911889415836136,0.008020331018463693,-0.01796885705306999,-0.002845470009627956,0.005313561514745683,0.000909102135316767,0.0008814190332977907,0.0019007352993284925,0.010442162348948526,-0.012585666179559696,-0.0022424506810784827,0.0018572146019558596,-0.0021052742502897298,0.0012011609495551938,0.0018641403913306762,-0.006738487171379022,0.0025889540199775054,-0.010464904839049652,-0.006303183954722637,0.004223078333754084,0.001961525589913357,-0.0015456210647702953,0.005374838838328178,-0.004900862927255325,0.007024500149667267,0.006281291679569377,-0.00473542182143189,-0.002815617483813957,-0.003327337999457205,-0.0029350458477463023,0.007030488498219115,-0.008931912784108235,-0.008289314084751039,-0.0024816540504629795,0.0009146897261229388,-0.002962242474858578,-0.005880514038626225,-0.0032860513769586396,-0.003192902256537693,-0.0015536559390865907,0.0055370862541150815,0.005474751434740321,-0.0013945281054866148,0.010147810822738003,0.00013832898056377065,-0.007551522523657708,0.005143529027700437,-0.011319073813458721,-0.01700698083388387,0.006615125626503864,0.00017377589139897648,0.004270775369388777,-0.0018909912509540274,0.0022073282500311812,-0.0004269725518125106,0.0010964178623282506,0.0062760956178934575,-0.0015829836052386158
140,0.012012128386274955,0.06367376339350132,-0.001445257742121979,-0.013906821848467713,0.00016253373310441615,0.0011674160983042678,-0.004246885727422578,-0.0005832702715628523,-0.005609867952992023,0.0006609772440702621,-0.0022199713841367865,-0.0005973406405036875,-0.00015473954781447522,-0.0036852662720529305,0.0038615583230597896,0.0032234566157955664,-0.020612921478141016,0.0026133688455434994,-0.0017127463833179197,0.0029926419989626915,-0.0002572241679717851,0.001847061541276356,0.004219826021089741,0.005023714020881157,0.0021853482538654787,-0.006037284104181894,0.0028066916668153447,0.0013778879650388435,-0.007918649829258393,0.003403908449948652,0.00821309894004125,0.0021361943497527043,-0.0064362718279308215,-0.0025555840806466166,-0.0003889878921246282,-0.005014461365699862,0.001364656849215632,-0.006708224488925221,-0.012144877604900557,0.005961167329857122,0.0003536091987153054,-0.006102575828427927,0.005183997583843,0.004410031536965864,-0.01769834874855003,-0.0056958018770722225,-0.0051840222233993875,0.0035690409041581436,0.008530945086882203,0.0028804008439254187,-0.0017395487576849535,-0.015419378551124616,-0.000859152223302283,0.0025456339793459605,0.0022170572915231855,0.004663801165498093,-0.0029456194830862095,-0.007571780309947634,0.0011337547291938531,-0.005665975007765787,-0.011522525793788341,0.002020124489145342,-0.00018007168790702056,-0.001712923558152729,-7.939221926769314e-05,2.183476774644727e-05,0.002169221716364739,0.004661489595130259,0.0015025195969617519,0.0016799669960430735,0.004806978528919984,-0.0047648711785480205,0.002544236660981791,-0.004300621122872333,-0.006533508859297073,-0.004860897571021527,0.00026181841615826495,0.002397061684592146,0.0012912315880166626,-0.004387825489386556,-0.0018738420859020785,-0.002784515054561481,0.009145165023150952,0.00028154499737195635,-0.00620431471667678,0.009022756189604339,0.0004298798257589833,0.0031408896339637543,0.005612900595657773,-0.0025127538244245915,-0.005102899903537494,0.009251350210349263,-0.0036457269811991486,0.004344607350173393,-0.00198819331050602,-0.0008097142581877376,0.00155228589355797,0.0022624677870521914,0.004575012944518303,-0.003375528254517636
141,0.011574565087605581,0.06278405813140192,-0.0014226869266820523,-0.013238132296858192,-0.00021054051450363902,0.0011462510012068344,-0.006055771645469382,-0.001353890890951725,-0.006709153068343004,0.0006810810725075507,-0.0037499682711127917,-0.002725456696565045,0.0010915515465953012,-0.0026107964868161983,0.0032635372046299085,0.003743325651008386,-0.02023939247283213,0.0031541053565943525,-0.002039815100551692,0.005154009252390974,0.00034059782247914804,0.001283139029213456,0.0030987920779837782,0.002645710386432359,0.003130290052627385,-0.004001911140743705,0.00011842866813852961,0.003081940597737039,-0.013274665809062981,0.0043173551591658005,0.009937932311133919,0.0023007348819340913,-0.005981411051190278,-0.004886616305256463,-0.00013735534490134376,-0.014800465041531893,2.0876312293907278e-05,-0.004256568436526473,-0.010568376345273672,0.0040036557027084635,0.002879570171757568,-0.0017245802021112599,-0.0037577098221803023,0.009404896609147442,-0.010313146290550829,-0.002050733079351189,-0.0057582278776215955,0.0017311157303692333,-0.0013862864090261658,0.005456826943901761,-0.0017053050351735835,-0.014632562694912102,-0.0007891995598306059,0.007701681865246154,-0.0025228779957352423,0.0051467862547081725,0.0024939531487226294,-0.008206153063954957,-0.0030808430617433728,5.5473420691264826e-05,-0.004405005018114159,0.007394413159680165,0.0009785540945563566,0.0014083857562042542,0.001619658269330953,0.003299691556069312,0.0049421947216768,0.003680431988801388,-0.0004882017515350672,-0.0018235174445640561,0.007792678138875203,-0.0003496928284793303,0.0014373188388244248,-0.004362728225269392,-0.0041747803809239785,0.00046044991217142605,-0.003029179078387206,-0.0008363296247589652,0.00595152913737487,-0.005325470773479515,-0.00041825996594177273,-0.009862574173212013,0.008888778394475865,0.0013198029192643317,-0.004756000709976668,0.0028882861409875037,-0.0015695574372698651,0.0032563792495346024,0.009854627206315584,-0.0065037376600713265,-0.0029214474856364006,0.005715303814761181,-0.004194947066881691,0.0012576261451969547,-0.002495828238913714,0.009494960455483405,0.0005415234648055643,-0.0050648710586571185,-0.0039015511241714974,0.0030326817870878534
142,0.01631960953312762,0.06644841577512586,-0.0007863208393640214,-0.00976630293455012,0.0006631853412304877,0.0016583263292656294,-0.004142310049492452,-0.000653159831009981,-0.006635336471265697,0.0009483632278551235,-0.0037119272179997258,0.00011113928210273945,-0.0020331984264156063,-0.0006597472769024835,0.006267273820711468,0.00277358732306018,-0.01865702492928327,0.00022616821406658443,-0.00010569895471682143,0.004596166128286203,0.0023206912257597,9.476794133246679e-05,0.0058865858404080675,0.0017551968588996052,-0.0007143011254860646,-0.004832767374678284,0.0009340111864643406,0.00284268731080559,-0.016767713578651984,0.004769556528739545,0.009411467497176002,0.0034236032717697416,-0.00149477146584786,0.0008347001895380195,-0.011657416517619196,-0.017672395621564196,-0.0024431833174803183,-0.007352507177993837,-0.004748294383285625,-0.005739476137047503,0.004319176736725461,-0.0006962915175748131,-0.0013839846920766093,0.003831832250738388,-0.00581952315558083,0.0009217411477398347,0.005724414955799907,0.0029656311074824125,-0.004240797560037101,0.0013369818061283395,0.006557672645458577,-0.004731369478365747,-0.005827593362396553,-0.0008663860642984031,0.008518567725444562,-5.846913719284984e-05,0.008107634374598226,0.0018380538430009434,-0.00038074634855473076,-0.010660591993497722,-0.006669835369304431,-0.006054192862492654,0.0013322214616737738,0.002056896162056045,-0.002714038790982966,-0.003999410495645994,0.0009405352647501048,0.003026172811147193,-0.0036972868711891878,0.0023694015447510066,0.0005727848572024821,0.007388223079900002,0.0005749884273775432,0.0041036995745086,-0.0071213401811977975,-0.0013596678152183294,0.004194810140288994,0.006681841123087468,0.004185982888366039,-0.0032000032599653495,-0.005376307009708578,-0.0005150427134292793,0.007743041850853263,0.005640488585341365,0.0031322694409555707,0.003326944040021243,-0.009544103034966722,-0.0034739302161855535,0.012469681296798662,-0.0009288748988372297,-0.007880820508233759,0.0014373285420073206,-0.0035728906141037635,-0.004175565856610514,-0.00211454371089976,-0.002945424804640527,0.002945091039245396,-0.007220201723222506,-0.0012293209948628112,-0.00032484925114561564
143,0.011354744940412527,0.06457701608464307,-0.001623901564186263,-0.014808432939517658,0.0025166350107462053,0.0014407900709473532,0.0006218863874806245,4.005035221305238e-05,0.001030490402072841,-0.0020856069357761144,0.00300662582707326,0.002596835315192054,-0.002726607764215921,-0.001901073559428787,0.0054533546460174215,-0.0032666237261896832,-0.021449764685187476,0.0012443153890248297,-0.0008970533586466697,0.006429092757829777,-0.0025640191405289017,0.002516304868405028,0.004680247706476301,0.005292537117702994,0.003098832145423726,-0.007169519891353856,0.0040280456122333145,0.0015950377018042463,-0.015364747286754417,0.0035757842018155433,0.009494261871591528,0.0028160397001963434,-0.0009931374223920697,-0.008632232594790725,0.002005809608285636,-0.013337030343139239,0.005767440852071552,0.0011161332621646848,0.000964858243352805,-0.0012006747836688068,0.0010391620776314767,0.0032061320641381674,0.001470675667777755,0.008200383325587736,-0.00360793351426388,-0.006052675732280484,-0.004962207567966677,0.0035815635565993238,-0.0018157095923340798,-0.004986681030370335,0.0042824056302615855,-0.010725494673132776,-0.0012342305170884524,0.0045340027501081185,0.0037346184778420054,0.0110674136306192,-0.00054606367535319,-0.0005071085112162108,-0.003299670542206497,0.002642825269002566,-0.0036105980289352487,0.0025614031813028042,7.478046026178619e-05,-0.0026222578126902903,0.002890796606826271,0.0038804336050862176,0.0006447475164339581,0.002495929423650283,-0.0006946066422343393,-0.0020297422353056037,0.0007033805733699792,0.0006525338321179308,0.0025794850998952564,0.0023295033970649535,-0.006596767225778075,-6.600719841932514e-05,-0.0006672708271519076,-0.0022161159729635086,-0.0018763299592994287,-0.0032884389507288458,-0.0017998431520155798,-0.0015973809567934657,0.002117487237889953,0.0018195969375980688,0.004846697020653776,0.0012700708987584313,-0.003980923710502437,-0.003641906281111807,0.002969996054639819,-0.003517758985990892,0.001513533882489011,0.00408297173386291,-0.0028934077994832415,0.0028734882790272124,-0.0007439933904754908,0.001511289031042716,-0.0027538093052329573,0.0027571726825482354,-0.002774040426855393,-0.0053919200552329394
144,0.011692763074056737,0.06607043735346706,-0.00104831776015833,-0.018333930835403505,0.00340916405446919,0.0019632985939361386,-0.0032833440101832706,-0.002503311415504238,-0.0010096793691022914,-0.0033309936089760185,-0.00343908744741952,-0.00299028711247178,0.0016478144866598939,0.0008358861726045004,0.004667327212598819,5.665850061824371e-05,-0.01755152422591448,0.004086635621349506,-0.0003164318681999215,0.0015832868439889477,-0.002560249228917788,0.0028104603949591165,0.0026195099181232856,0.005226642541558492,0.002546959839473978,-0.0071424865282111805,0.004330352286562331,0.001454890850528692,-0.009904222699873663,0.003403958324205443,0.0067392225141151485,-0.00123743251175627,-0.004779589128283365,-0.009542313906342784,0.013821981125565711,-0.015708136520505914,0.0013303754753128249,-0.0008317234225627603,0.005071025449764145,-0.0037477678982706627,0.0065120092607903616,0.0073927253956817054,-0.005583307645295455,0.009237682322854974,-0.0041733807679135435,-0.004643955880978817,-0.014893677930797756,0.002470584355864562,0.0005396118544718846,-0.007903351425765783,0.0019303476619721906,-0.003387501277293073,0.012088261784116157,0.005778171506781313,0.0019506612012198188,0.016625058527526642,-0.007704827659664525,0.0048705731757776975,-0.005757136216651065,0.002495685155646849,0.006705384607034184,0.007741994811025645,0.007395768903229894,-0.008752374929816375,0.0041500967813814585,0.002241391377163599,-0.0017590964680501444,0.005996368634602579,0.0010622978889107172,-0.00461987738502843,2.1377232550687486e-05,0.001860770477187207,0.010097481899779952,-0.004613122413306553,-0.004322357829700587,0.0038403392301809094,-0.006713084788806388,0.003519675916181592,0.00863459910074309,0.0013579658882806823,-0.0045840855400109985,0.001038580926211958,-0.001308298935784703,0.004248654851098263,-0.0010606187709003027,-0.010041560596040285,-0.009437371137379883,-0.0018790999982465778,-0.00022563536652701787,0.00100411166915786,0.00240542312984299,-0.0007371390823681143,-0.007338953645357922,0.005410745874065092,-0.00014208367763031532,-0.00023978635316477918,-0.006147347262073872,0.0017522599362642666,-0.00492715611695005,-0.004150157038864205
145,0.014215894047496604,0.06773506080337012,-0.001442171277519325,-0.01170682564387235,0.003320800298334038,0.0018655986375374224,-0.00125644779914298,-0.0015547920975875287,-0.002843551815201522,-0.0022936025280073783,-0.00339065924258832,-0.0031262618952557697,0.0007438628639164402,-0.00011777209677407962,0.004396483388206728,0.004418785363297909,-0.017165919634202664,0.003528070212067672,-0.0009328393423933131,0.005491183927382286,0.0002681958260936505,0.0002802162011264395,0.00622387840960505,0.0057111282196556125,0.0007457285538881792,-0.007410817130221478,0.004679491822976044,0.0015605874592820046,-0.014272462963051397,0.0028993871602120136,0.007849310859103365,0.001499731050168586,-0.004074105637964825,-0.004422416766467935,0.00013580556154775252,-0.015566864284197412,0.003538258409409076,-0.0062627636953792015,0.005483415050390279,-0.002957093717444403,0.00682828424579809,0.004279062122959962,0.0027408910888248737,0.004623690056952407,-0.0022669958830499174,-0.0020220622181203445,-0.003455007774284794,-0.0016279359939625467,-0.0007465954022216331,-0.001078442295101039,0.0062606868386885835,0.0003974662055815103,0.00042165057689459495,0.003521103533518311,0.002146077369827929,0.0037634231875540926,-0.0015087776125094362,-0.001898135034895111,-0.00735942563828009,-0.0008838136818549451,-0.0012563411370616966,0.0005256822018289773,0.0029329495134233037,-0.001046571409919849,0.0034837699775630278,0.0024819221297800362,-0.009762079175216015,0.0045724539351815925,-0.0036319517655497126,-0.0010510694063518167,-0.0026980143806906707,0.001275664352496845,0.0017072853145091587,0.004212119259447869,-0.0072767984534019125,0.0007491642018188349,0.004630841822705502,0.009224203609884721,0.00174237818189462,0.0001737098620426455,-0.0035105230463448674,0.0019129699679981504,0.0013190691559351467,0.005574263900883301,-4.550129882135124e-05,-0.0003494339940422946,-0.004516799056692325,-0.0045839681260636395,0.0033480572034795836,0.000561397957861077,-0.0027579628067273794,0.001962234428663507,-0.004944906534726776,0.0013418782446360388,-0.0023909587798461914,0.0017331472326177976,-0.0034265966955907526,0.0019843189994675496,0.004181394137921405,0.0005041789197932319
146,0.010430238009090176,0.06299042906785302,-0.0022311599763933155,-0.019607848788452387,0.0028473916572480775,0.0021927787227610115,-0.0020405419889567367,-0.00035723165731421517,-0.0025929566887856253,-0.0026303323767837825,-0.0009003757686895852,7.460967614266337e-06,0.00012556451151168077,-0.0021509600832989068,0.0028523713648909454,0.002293809711353902,-0.017045866933965533,0.0040563008881470495,-0.002035144229199378,0.00970411840401603,-0.00506359199655344,0.00444040869712786,0.00609957298499552,0.008298194478938847,0.0028540418666662425,-0.00866454845864142,0.006868227054494095,0.0005303106241767679,-0.014512009644467508,0.0018603814790128317,0.009711222583357706,0.001776775335824319,0.0008267448357561043,-0.012180161375587159,0.005702302912601474,-0.008397211894150257,0.010064951097209255,0.004015716964500649,0.00984862594495253,-0.0050419968812414045,0.005046218378706444,0.009557405475677174,0.006122041692436401,0.002755534775149717,0.00024657012623819464,-0.003072643483756962,-0.0017576717060971238,-0.0018443551048614472,0.0009857592878822082,-0.00967875320548705,0.004724524850684184,-0.0008878297862034661,0.003945833973140615,0.003477830858682239,0.001258712620304364,0.005802419904475145,-0.008193001159372087,0.0015479523452865457,-0.005673832138958659,0.006433771049325367,0.0067809286323766375,0.006019791682210607,0.0017458727469998796,0.001581662180798218,-0.006447152674823605,-0.0011459846102619788,-0.0032325571724887126,0.0020743240163630166,-0.006598651678820241,-0.007866900909659332,-0.0025421359611804387,-0.007048460869000016,0.004766634432076624,0.006971322680850257,-0.0010710964204562108,0.0023317131436432904,0.0004073522845346514,0.0027342934324712043,0.0016373827094458948,-0.004927012167797777,-0.0001409944050432431,0.002119629145180502,0.0027564839443584782,0.00425019262085042,0.008782339920815221,-0.0048737139679348755,-0.003289554721190319,-0.005756545864183941,0.0026016829876343303,0.0009666561116242031,-0.0035563011645696092,-0.005587135012798106,-0.002914420063930995,0.0007540631890595299,0.008202323751944117,-0.005074430567759624,0.0030171833923246924,0.0010658517942055072,0.0024198943943234026,0.007369145391821539
147,0.012443615340434642,0.06976518131651342,-0.001240639772954659,-0.016045982526912108,0.00418175431152393,0.002095300565544779,-0.001467998989462023,-0.002381505840880022,-0.0030223885558356835,-0.002273836328386409,-0.007486869891716115,-0.0018810890410953021,0.0018606263929236652,0.0004917342921506349,0.005851739108645917,0.004170487405397384,-0.020251109945987895,0.002414231721863926,-0.002596983150192343,0.00941516012408572,-0.003073555711446203,0.0035774016393137877,0.0033342315957317257,0.006039799228691595,0.0022816807258421584,-0.008514881958598794,0.006869188013962474,-1.9690634047867e-05,-0.013646727198008236,0.0015944564684915114,0.007231693048562166,0.004462196080130556,-0.00295399841449228,-0.01471956070165238,0.0073001501492283676,-0.010863842092347914,0.009097850226152577,-0.0010473151137558698,0.011065349129907085,-0.007184372233988929,0.009398657027698277,0.009199686408923354,0.0031712796520437974,0.009259457728772142,-0.0017637606555542897,-0.001689577424128478,-0.0037751361270757992,-0.0031755059069967853,0.0003756588149331832,-0.010005570326765008,0.0065253394530091725,0.0001022231768508144,0.010472020396524945,0.0033446964734555576,-0.0051426720472726555,0.003089367370216546,-0.001164412870124154,0.00047474813865671305,-0.004742978003909393,0.005369895481884682,0.004090304638709295,-0.0010568164870864134,-0.0001785485823705185,0.007026168331255013,-0.006082472820956739,0.0038248784819330532,-0.0030517007804365883,0.002955992426191227,0.0005418526623569117,-0.006565426117197824,0.0027012888603190886,-0.008339653411097214,-0.00429929786429627,0.0005804161557688721,-0.0029908020162305636,0.0012813192963316558,-0.0047938270238225885,-0.00030790197830822443,0.00577776949389769,-0.009759409099449065,0.007077082463554275,5.8279993688259113e-05,0.0004818350238026257,0.0018906923210766844,0.0091479247040856,0.0037870333367890125,-0.007249029872055784,0.0010944329181449904,-0.004050515157196532,-4.198218527895013e-05,-0.006941600021246906,0.0026595191711660123,-0.0001040022915901782,0.003351182777497227,0.0032068675930927402,-0.0007514495110056037,0.0037692710140318896,0.0015671023384293235,0.002641972351056722,-0.006590154089525314
148,0.014327384758279207,0.06786927627248007,-0.00191977732608747,-0.013646551557392854,0.0013796618622796324,3.656149799867932e-05,-0.0011323566389179556,0.001172292350293161,-0.0013694130299989008,0.002142678792250019,0.0015909527870676477,0.0011757561417569482,-0.0005629250673779302,-0.002818794294189959,0.00457308261090406,0.0022474988814495268,-0.019693293706201112,0.002351267678612694,-0.003252778804764014,0.00827122575130748,-0.0005176019918055174,0.003951717241504388,0.006092190231299255,0.005486201535921978,0.0011305414284402092,-0.0064127381129633265,0.0064602525287718055,0.0011253509400019177,-0.015465105077296105,0.001570815912785673,0.008665283423136782,0.0011122728864651308,-0.0033980572194908707,-0.005898509133964195,0.0002633787183287928,-0.0049004522388549155,0.008674310797195854,-0.001472265085827151,0.007891711833535823,0.001738729365313189,-0.0021027929022863143,0.001009880089499842,0.005219809208235354,0.003255963225538117,-0.0008057326708045681,-0.005253436726550065,-0.002736493814120926,0.002346164018933155,0.0035287254693913647,0.0023593066594592062,0.0012812264825425958,0.0026944368517149487,-0.0034395444524647732,-0.0023167673361897444,0.0030797863815160567,-0.007811663744780395,0.005145245822072162,-0.00011539862593602413,-0.0032620964800736687,0.002275914814150979,-0.0023152822329269704,-0.007071320190998969,0.0018508084737333284,0.004715281316923188,-0.0022691818870344467,0.002558227080497731,-0.0020200555527621696,0.00415644325773017,-0.0014298582488017327,-0.0036663506554985813,-0.0010051725192262977,-0.002867294525447521,-0.0014611896773565876,0.0012722259993035788,0.0027642159749022067,0.004457124880368328,-0.0007084070658130609,0.005278597791723105,0.0025987329089598703,-0.0008445428520899893,-0.0002112023183658307,-0.00212008365680818,0.0017552051847360551,-0.0030117589893172334,0.0017030352787521905,0.0009331439334190292,-0.00113480983971733,0.003306978131335144,-0.004811130244731303,0.003310051440975354,-0.0028728886005541035,-0.0036618890924136538,0.004702811305899816,-0.0018578080173703615,-0.006744554547796902,0.0006028827480043196,0.0015330935072725253,0.0016860848252444804,0.0026122407417787544,-0.0017719326591386511
149,0.012301054551358262,0.06395517959926712,-0.0017609150499516817,-0.016051783509319892,0.0013330182189942963,0.0010096479094677748,-0.00046170582005948535,-0.00013261296115994666,-0.004403375369833592,0.0011200002821738118,0.0007594782240045728,-0.0011352083804256634,-0.00045775445001635767,-0.005236059825509852,0.0004874330584801737,0.003170658522111962,-0.015868618957919686,-0.00017242738017095486,-0.0026557641135984745,0.007397580729347983,-0.002081459175772025,0.002272321127371905,0.008638951224721084,0.007602653400668133,0.002265801941089259,-0.007417698929630342,0.0039755250889469225,0.0012389396318385054,-0.024920496758866185,0.005248767960419028,0.016201887555723677,0.0011995910896439434,0.0014960035114925574,0.00027005929532911496,-0.00578180864737547,-0.0003352240396873099,0.012271729426100763,-0.0039715154360778476,-0.0041827750020336785,0.016112737035329106,0.0016654168847984462,0.014045985869888856,0.000973998727445943,0.004531079736994618,0.009058273482698368,-0.0007820171624689067,-0.004710741334932917,-0.008257870747013401,0.0001743416741121888,0.010621875237916108,0.003542715655835885,0.003120628465826115,-0.005496013978709391,-0.0003562701749277132,0.0031155084902729935,-0.019138375074046202,0.003016353628961273,-0.010012894670608292,0.0004121607194015741,0.003988292330205666,-0.0025105798909125384,-0.006091508428464629,-0.0005389324447094229,0.003352652936889627,-0.007070564357835474,0.008514401717141943,-0.013182832692695436,0.006417076258840399,-0.0020444556213540677,-0.00039195654059169657,-0.0011560488708624757,-0.00018567026705537684,0.004279307336246067,0.0039049945242595275,0.0057261128109828445,0.0037295538745602264,0.0011438482623531746,0.011896719220180967,0.008099869208707231,-0.004198917830498466,-0.007243187456629216,-0.00017381740487095254,0.0016552069770632736,-0.002533420783464423,-0.0017298254563044857,0.002839335010110252,0.004891285298647253,0.011080130061676472,-0.010767969344851096,0.004903581043140253,0.004482461022880542,-0.0003520872077515059,0.0054152734672653505,-0.009195756504938599,-0.010806251893386024,0.003863587006056888,0.001136182371255142,-0.001156183866038172,0.007043176486027342,-0.010359526302629964
150,0.013126931326167102,0.06899291393559283,-0.0014046470804272022,-0.018831422853289457,0.0007613782871166841,0.0009671741255786933,-0.003007569917709701,0.0006390638649052948,-0.0019099670354401008,0.0011186308224974257,-4.972844275282678e-05,0.0015145477813768636,-0.00027072606291055605,-0.0024926303792989594,0.0044422832997342955,0.0026833892492014277,-0.020754705891944728,0.0018802228091123654,-0.00168366699567151,0.00440252417933472,-0.0012122324281314278,0.003218973460132468,0.003949093228946959,0.003433641627153992,0.0019804618444451694,-0.003979269330534637,0.0018254166232138057,0.001080490779027422,-0.0134177229743558,0.0021528685934845276,0.011226887865891851,0.0030079775662849874,0.003621706155925998,0.0016854692791615157,-0.004080158306842992,-0.0014947757224356084,0.0067434833380672216,0.0005954053403497409,-0.007163108445370327,0.01203914240291807,-0.0002764337688886205,0.004976987195181271,-0.0034366567339465283,0.004273383681764288,-0.00023440445473310242,-0.006170786538246818,-0.006738726586749654,-0.0010877607598100056,0.0013434002298582139,0.004111426166503195,-0.0036932399249596484,-0.004839359433825602,-0.00099383910091581,-0.005670255320040312,0.0027485873671616434,-0.0026791079221506506,0.003121659973903794,-0.003410735937848668,0.001817983249398476,0.008799280927444392,-0.0008323306208821119,-0.0028469358629059274,-0.0038659237057806846,-0.004751951596463917,0.006313392481177987,0.0005751605865211069,-0.006075509434407529,-9.240274237252568e-05,0.001345354814466928,-0.006333342382681736,0.00237638612531903,-0.005159583280775993,0.005987639113310542,0.0025833865311087477,0.009008626905101177,0.004071569585370036,-0.0067596346213830115,0.0062082535052621155,0.008368764095282881,-0.001993901170364008,-0.006939270262189525,-0.0050370948015769045,0.0028212690903834173,-0.001507648823708312,-0.0012748059372162902,0.004653126086241451,0.009969477826522022,0.006408021244245772,-0.009022273361724372,-0.006768838700488559,0.003915585793637657,-0.0014893423088369198,0.00818583508364447,-0.0008756648280554871,-0.00858503658269148,0.0021191906642972643,0.00022661544238700992,-0.004411156996095824,-0.0038213963858338964,-0.011828358775047423
151,0.013062743415909723,0.06807616358433045,-0.0010669190477943517,-0.014044925050390551,0.0005981121036805655,0.0005779791190113257,-0.002770904402756475,-0.002188442562976536,-0.0031295291418324367,0.000513917767749216,-0.004718877520371585,-0.001407282347846662,-0.0010958576702191376,-0.000193106044992578,0.0052385706806618625,0.0027395772482213194,-0.017734891204534007,0.000838669190305184,-0.0023620523219634597,0.0032324640460384066,-0.00021846602176151957,0.000883170323713629,0.004773891612084754,0.0031777977510954814,0.0027942587053440813,-0.004851497010323489,0.004769068834698922,0.0015293652102137847,-0.015624857386847527,0.002692659946988905,0.00949560195584795,0.0014087719385747293,0.001464884940399678,-0.0002902136083116213,-0.005350788232087357,-0.007492020663769157,0.005587451781418396,-0.0067271394246382855,0.0034148024637302003,-0.005829365074623433,0.0022883533811526003,0.0009018970961454596,-0.002679698483420026,0.007150020465689503,-0.0018668914478499213,-0.002356801755304921,-0.0021851121257295413,0.0006663653088991864,-0.003680719052033159,0.000636680937876749,-0.003974115924967431,0.008568214570399555,-0.005695227275552299,-0.0026350104939587555,0.003324648610472595,0.0001396429171219789,0.010976874455534523,-0.002711197328663602,0.004110376934329205,0.0008131062964658587,-0.005325001414377026,-0.007189551425756109,0.0037184306108963526,0.0017876525599575348,0.008032552556431427,0.0019333058976774803,-0.006695885400394381,0.003891462208968629,0.005099669283070227,0.004546725037123976,-0.0011433409963870717,0.005362117871925691,0.0046180525380892234,-0.0006954149072901527,0.004371889348394235,0.001900737969365916,0.0066059917857746505,0.006942205251210304,0.00029469886590035297,-0.0025469938345769366,-0.005371480277775001,0.007933352400722885,0.000986665160426964,-6.963920600957403e-05,0.001611799104387748,-0.002899105293836889,-0.00043166382855789145,0.004301522535691992,0.0007731860751855333,-5.568313194196339e-05,-0.0010528234868640949,-0.0036367910568449167,0.0014132824122018736,-0.0001737935068633942,-0.004746142814040687,-0.0013240535855022764,-0.005103234714279306,-0.00040411767806936434,-0.001773739856217011,-0.0014017155746914522
152,0.01159226218947024,0.06534517310333161,-0.001829302852161794,-0.018336317958883876,0.0014207755129296438,0.0013706693411485405,-0.005753519909077419,-0.0015705486600607742,-0.00327093810523505,-0.0010488826824609154,-0.0033758879842189066,-0.0018210865389547291,0.00038720670607288296,-0.0017334158919360123,0.004092401185677642,0.002055819807742226,-0.01855824513677384,0.004095567752352984,-0.0012344562389442419,0.001109571154005707,-0.00373392578348956,0.003175353326119507,0.005652888464581983,0.005237763537029509,0.0028085560147796318,-0.006944564097630055,0.006134929760578244,0.0010463317450121591,-0.013563502910318844,0.0026674720616824575,0.00999940612637264,0.0004597174656239422,-0.0034558532472663737,-0.004946910760542239,0.003344586772119634,-0.011291152717050409,0.010706221845519172,-0.00416840596540382,0.0062963829161801314,-0.0020673317474463426,0.009014917557420473,0.003437766473614813,-0.00010666644764572286,0.003402885654579403,-0.0026349546425991775,-0.00449370529996455,-0.01277359735268685,0.005584645302710407,-0.0015418356327367754,0.0031790655660381005,0.0017579708827393484,0.003292061920695746,0.0018428377329729646,-0.0008266364478850431,0.0028235044639700955,-0.0009509836591945793,0.006453352844841222,0.00138528227007654,0.0015309498677455963,0.006711138172778374,-0.00983506811723768,-0.0028750980819824312,-0.0006075325801647241,0.0032894995328559334,0.0036539106075249793,0.005577708884908587,-0.0017033405604092576,-0.00015184899764785056,0.001577008760863268,0.0015326480207360671,0.003817050828403466,0.005355990247590744,0.00511722460327135,-0.0030959270226247147,0.006489659644569361,-0.003241985267126517,-0.0027511212686242123,0.003941162620355449,-0.0018298972341068698,0.0034148529102189505,-0.0012753349190680304,-0.006734316814520033,-0.00158948425733367,-0.002407165524640601,-0.0032846464500012273,-0.000712094131421404,-0.0024613828202394114,0.0007396086653105118,0.00531646034071408,0.0060830661979652395,0.0029250341312197546,-0.0005985410992704104,0.003462775933548791,0.0011852373732498635,-0.006020100175520522,-0.0024872060673382583,0.00016366626585673038,0.0018435119213960956,0.0011198099645682016,0.0017214488407946238
153,0.012870405594106517,0.06378063679955567,-0.0020894344339156476,-0.013236102599883745,0.00043714597902974514,0.0013455879530958935,-0.0003216434132813764,0.002205017178230904,-0.003651901926408775,0.0025392742104777774,-0.004987142297555773,0.001589744687638585,0.00024053929958314113,0.001376124878166276,0.0041001613827251655,0.002051080262946381,-0.015526582380636133,0.0028162243915153423,-0.0021536357932711247,0.008312768741277825,-0.0028344777426510246,0.0032823605368971372,0.00431869285597339,0.004352180675313325,0.0003738693680320448,-0.005493386563660821,0.0038450833942690133,0.001082322326193872,-0.007337090837416533,-0.00048538182084441946,0.006226183357921021,0.003761599163322387,0.0009879507176936183,-0.006377305741070678,-0.0009058176838480026,-0.009341388665110417,0.011303090919365637,0.00658867751351004,0.006168787035276237,-0.004085545359743117,0.004420424053774981,0.002472833408912301,0.006390704674326582,0.001812460981143844,-0.00010851530487896363,-0.0005825304300062278,-0.004969952915836621,0.0025434812894278604,-0.0008839001125875629,0.0005064424223093406,0.0009459206184376278,0.004883090394535751,-0.002440795574896798,-0.0008799218290862117,0.0005570782621669516,-0.0021016333623746965,0.0016524601392339962,-0.0011980607081453708,-0.0022165258164513904,0.0038867272024600947,-0.0003545528282121875,-0.004827154772884138,-0.0002785416781688294,0.004365292113823703,-0.007990419820939447,-0.0013532903532554382,0.001733244135071175,-0.000782915529113447,-0.0015773651061992153,-0.0027416715611468254,-0.0017620280995724726,0.0019127301954297853,0.002323193795074889,-0.004255857796394476,0.0018361321739235879,0.0017742967251966886,-0.003560100000225254,-0.000583865887073861,5.0259827390038875e-05,-0.00207755356419626,-0.0033354186894472347,-0.007661378706226428,-0.0018826824208508168,0.001064514922299704,0.004362832538177922,0.002934533165309521,0.006324213589949147,0.005053488296503739,0.0007564773101344306,0.003519895059949478,-0.000736672604000519,-0.002750514451558716,0.0006716673758291114,-0.00028541707295690966,0.0007958253880358593,0.0015795064499465822,-0.003947950462502037,-0.0028015843320590562,0.0016268633375114252,-0.00034043186446015416
154,0.012821941337653069,0.06229913234749962,-0.0007749289626439535,-0.014578112315826236,0.0012030058641002692,0.0011797965772929,-0.00323751067928123,-0.0010280527115473861,-0.0038417616210841164,4.752813060949583e-05,-0.002022815454022634,-2.3424618097236806e-05,0.0013225186641469533,-0.001489759750741659,0.005278591970265927,0.0027280695683496105,-0.01933140161652454,0.003510122233552472,-0.002563685594147006,0.00653767033491161,-0.00313071023217556,0.0032396255220609542,0.003894489177253334,0.004689863529257546,0.0039151140216466835,-0.008236574102350404,0.006174024065198807,-0.00023030197734735764,-0.01526095172887701,0.002313490529348423,0.008751703121554332,0.0016748808886705685,-0.0019300154504314942,-0.009555090358522304,0.0008673539607353256,-0.007051006791063436,0.011058799187362635,-0.0027588839350392636,0.007915931133809456,-0.005079121660110454,0.0019277840584474054,-0.002010820303315682,0.005064005481244126,0.0008210251346366667,-0.000778918965293152,-0.0014586695767426882,-0.0019956403762506287,0.0032004421506731553,-0.0007820199958706168,0.0031180074576036805,-0.0004370850975846864,0.0063871296545255545,-0.004284066572159973,-0.004500022497537336,0.0013928153918789262,-0.005835305922844227,0.009797393225534233,0.0003317440658447623,0.0016562192239940792,0.006887468294394113,0.001207016179185213,-0.0036773605650397053,0.004014465604557029,0.0017074881687918525,0.0018473841742821023,3.367035510916394e-05,-0.004766306328698542,0.0031324325396978126,-0.0019997991602315975,-0.0007665577828050806,-0.00042478973493713834,-0.00133111962126832,-0.001788140827825011,-0.0001295669145077037,0.004054146875767421,0.0008459400570187444,0.0011421058495878094,-0.0013271856438646574,0.00022606654921740273,0.0014438524673872524,-0.0018632209483562382,0.000437640329804542,-0.0006898564587383341,-0.0067459628857394534,0.0028051342422746087,0.0022197666340715047,-0.0010595218884794735,0.0026232382815685944,-0.002537071510658912,0.0034807425515172115,-0.0007223844353452522,-0.0019100728711931878,0.006026538951918041,-0.0019976834420779906,0.0012800544639970004,0.0010782167321864023,9.811332314523906e-05,0.0016789261651220019,-0.0028106633294150566,0.001044169676125271
155,0.014321470150987817,0.06903052085243089,-0.0015934626054569252,-0.013330697715426297,-0.0015512369592894954,0.0014006838189691406,-0.009347268396523197,-0.0011741681527224102,-0.0061766746043438354,-0.00012034049063113125,-0.007436301652626673,-0.0010287928694987162,0.00016764339450689016,0.000816970033393355,0.0043547919905395,0.003161358883832317,-0.01850849640229318,0.0026700700075706165,-0.001558425324117153,-0.0003681216904827503,-0.003188949969209892,0.004169314501167729,0.004564820223883945,0.002499143966732558,0.002926934494182985,-0.004455323698180063,0.005906812584167222,0.0004893872583256621,-0.0121855669637673,-0.0004838872313465055,0.009835151187230254,0.0021614047567006735,0.003020162415013768,-0.0037185146063257873,-0.003663874706993528,-0.007100325037711924,0.0013871293003296155,-0.0013590326892054401,0.010926972253382218,-0.006589929182974814,0.005109011726510101,-0.004730819341992832,0.001759918434887247,0.0013989405203400447,0.0006761668773602354,-0.011952585253089934,-0.0033626569962807154,0.000700420706160134,-0.0035207746625274526,0.006440533363898036,-0.003963909688897967,0.010879768105724127,-0.0018005836778684854,-0.00701886118771366,0.004660737224719295,-0.003995281780936724,0.0043250616763944125,-0.0002775536407179001,0.003842295514939462,0.012860880094312164,-0.0011576078021036998,-0.004878765576764843,-0.003920388655514938,0.0020020985872682097,0.0007721000646314048,-0.0052534436651651,-0.006512880786739319,-0.002823996183368883,0.003517622178934453,0.009526352302173626,0.00019339447685614124,0.004830483322492076,0.002880026274760129,-0.00578934574611706,0.0016842711749832783,0.0003961163350141357,0.0028199569533816794,0.00048154204157096255,-0.003844508781143295,-0.002056558183403143,-0.005377601360296799,-8.516908608248304e-05,-0.006738311526597178,-0.005549005061351051,-0.0008618462531138054,-0.0015810729282815638,-0.0021796711710997912,0.006668699970447847,-0.003278084238833446,0.004183598194432592,-0.0016131650854862832,-0.0007112458959653679,0.0026077491744217257,-0.0006548307858296903,0.00392713253002568,-0.0021045251215691904,-0.002410149293889117,0.008019355453729494,-0.0027509103675793173,0.005487670777401887
156,0.012828501606303291,0.0668453161973521,-0.0013158738835493248,-0.011793333788966255,-0.0002792986774596425,0.000552514269846533,-0.0039780850827078025,-0.0016805288063438375,-0.004628336383079331,-0.0016421332372666946,-0.004379173685356574,-0.00023168018286419262,-0.0008852012858508655,-0.001976310390912365,0.006510754556448183,0.0015965381223608985,-0.021765360001205002,0.003687523877723845,-0.002727463453529088,0.004316442559651542,-0.003552125934633284,0.003141747444281278,0.002224174452936099,0.001773029790518822,0.0018702304225931853,-0.003123325731573835,0.004468243662313318,2.5316719192592666e-05,-0.011754733333620171,-0.0008988610065063821,0.010176724936990731,8.090222595326915e-05,-0.000626171337017548,-0.0028145971373248935,-0.00069243527632393,-0.0025555077471453537,0.00019193938365386044,-0.010034206259910068,0.00960617646347354,-0.002610831646573668,-7.78046198752315e-05,-0.007343613699275576,0.008788206595991726,0.0007875695840208222,-0.006812781177946245,-0.010700147147044831,-0.011019212426616829,-0.0012872858307399757,-0.0008832399462690972,0.00040414684914959507,-0.0023181404578528158,0.011553357279583357,-0.0059728585256649085,-0.005179480813398692,-0.0010949427475159272,-0.0024524450783507917,0.00615334391032803,-0.002056858013178426,0.003582856600492067,0.008338282705582407,-0.006036619002959728,0.00026869625619580287,0.0013358263912074653,0.003397437871248785,0.008741991241385338,-0.00354816647509743,-0.005122955842293258,-0.005409031665961852,0.00037044430950571527,0.007341853275294518,-0.0011945645957761651,0.005182358039630845,0.001746475722182211,-0.006018551916885738,0.0012317828294715959,-0.006948282034574969,-0.0030396138525893668,0.0007593135025010784,-0.005373466909564913,-0.002403030994231203,-0.0013797986417603744,-0.0007237661758695493,-0.0035308385877701695,-6.588026206522657e-05,-0.006075636463043219,0.010206242981296798,0.004064605927568358,0.0048794647009735275,-0.0005955656768023717,0.007269626337231169,0.0014742355795366036,0.006014509982731113,0.0014027409646368346,0.0013659737531684932,0.006267825281081707,0.001947759794929139,0.001847036613705672,0.006978054962847114,0.001160501509874967,0.009214882170997087
157,0.012254544446175316,0.06651746526687259,-0.0014558857215675072,-0.01188348664329724,0.0008899336534923056,0.0005111750586230654,-0.0014878933403613757,-0.0009430505933769881,-0.0004617710694628461,-0.001525783834541302,-0.005878349246000301,0.0017305551302570148,-0.001543544227348309,0.002934671087216448,0.007001778615323693,0.0012028120229669356,-0.021009433350318702,0.0012713902696034043,-0.0027824282623100456,0.007259504495745999,-0.0028210354187547565,0.0018115364659521342,0.004467124402496654,0.0025741830857640077,0.0011695094480416843,-0.004264013647650609,0.003922114918495476,0.0006404413568316136,-0.010166199874472965,-5.861327275181989e-05,0.006656341236440062,0.0017733479991782189,0.0027246556813696416,-0.003815958261904569,-0.004936537390468733,-0.00297086717002747,0.004294487027005992,-0.0017144992525349918,0.009240624647163779,-0.005851035745233798,0.0010462932411633501,-0.004845807329707519,0.006566235014372494,-0.0011639126348608423,0.0033411254526142867,-0.00567312277209603,-0.0017259379899378481,-0.0006090979162607569,-0.0014710016676986648,-0.0027325967972105956,0.0012132769052911846,0.006475630698785114,-0.004695901423935304,-0.007277956553613002,-0.002938507060151675,0.003683243186567912,0.005706710579667941,0.00330965480210541,0.002851999060242232,0.007174503320328907,-0.002766399792919557,-0.007278920411597673,0.006779727798808305,0.008813701983981726,0.004738138937010614,-0.006451250212086198,0.0036471493526837543,-0.006222202253133996,0.004566537038177524,0.007406693949487916,-0.006292990922190896,0.002911943525626267,-0.00013053925013988357,-0.006588596380579007,0.002888105331360878,-0.0004142279933119291,0.0008603496014028933,-0.004823037234819602,-0.0008143556751096266,0.0024982827452006795,0.0017856896792715143,0.0005771166305669807,-0.002393089469757843,0.001488810311081009,0.004575295253299513,0.00485244112975965,0.00116760223802989,0.0019785884440582592,0.0022599584336907507,-0.0016560086424184312,-0.0022384424381441887,0.0018152875083331306,0.0014323262711144888,0.0007651448517391306,0.007127177950736864,-0.002153351949570434,-0.0041425128893825556,-0.0016983789758266857,-0.000796671760603186,0.004959943738917881
158,0.012890181286463829,0.06951143417022686,-0.0015936045173333142,-0.01360250928348676,0.0007760439878129431,0.000982643681871122,-0.00375264982530602,-0.0014698706431920784,-0.004380505499967802,0.0001643554009845332,-0.004864908195996922,0.0002448295833604276,-0.0019327306566375249,-0.0006656706842203639,0.005158844141769006,0.0021173966938655034,-0.021554237651231795,0.000591096619235602,-0.0019571425744191765,0.002507611961921903,-0.0032934005739086694,0.0024262964878077674,0.003436587089551174,0.0019288140391057083,0.002500515511765969,-0.003429683969034817,0.0038646186929545087,0.00013039485823997674,-0.008918973400423675,-0.00158580842239211,0.006689699233598727,0.0022483140556161774,0.003925882781963053,0.000316432123390118,-0.0044673570526231905,-0.0035790625347454238,0.0030430261468486625,-0.0028956933815705585,0.00915125114778536,-0.005877908724161993,0.0012749291629930088,-0.005222994229729243,-0.0018940109213962729,0.00039807550606033585,0.00616928345640528,-0.006839842291637089,-0.0035326963240105884,0.002599523014922545,-0.0030727901777002835,-0.00634767011766149,-0.001762197444602295,0.0037608371920017894,0.0005022264712304957,-0.002167038732877638,-0.0011387272699667774,0.0016298013745319482,0.006641637796570633,0.008093862870059036,0.0031966205761433356,0.005854341662975792,-0.0072616275574132316,-0.0025580164208045897,0.0033325173274785973,0.003242827231647623,0.004286618945576351,-0.0002161014506464002,-0.002413138005839856,-0.0017540038297185244,0.004145067147870485,0.003098598194867626,0.0013042222643755749,0.0007998244047500857,-0.00361248117379343,-0.0016422909517306624,0.005053787911446774,-0.005491933361507661,-0.00676513963953067,-0.0012296248070508442,-0.002380894454648702,0.0005567585110722354,0.0030354313825200954,-0.0022439563936694704,0.0005511160857573796,0.0010701147577789436,-0.0035645185168163953,0.0006037436412603381,-4.215849626258345e-05,0.004539160538410739,-0.0009193261816541023,-0.003170779728446412,-0.0006084650677400185,-0.0004036300783251932,0.0035755759937276138,0.001661920464670118,0.0016357327349759531,0.0023998201131279913,0.0007681110825451465,-0.003123395253807076,-0.002422722678040226,0.001442192572093097
159,0.012360133446196445,0.06542625604115242,-0.0013106392192923934,-0.011427259853784226,0.0017455517187086249,0.00016789281043015096,-0.003021374840963103,0.0008632491583682839,-0.003873006070674971,0.0003165797051537328,-0.00439263373128627,0.0014629172298260805,0.0007133779366086657,0.0006351978265092842,0.0062630175558383095,0.002674090226775806,-0.01950504093907516,0.0027627157572338843,-0.002355589597167441,0.007789297441290772,-0.002803387878725757,0.0030805288963639504,0.0027915253825949197,0.0050153834245305045,-0.0002791914045970278,-0.004334289092385293,0.005470758114141893,0.00045458152081127477,-0.005368568346567673,-0.0002272956255556331,0.004063330732202991,0.0017262829184288369,9.571630126401057e-05,-0.0023897398427828497,-0.003761868266231285,-0.0018322659156534736,0.011350633460366799,0.00023297268497215895,0.007534325051144664,-0.008336717824982994,0.00013085683392682475,0.001625211672056204,0.007520818856997435,0.005232830805167236,0.0011615089509613553,-0.005445911731166318,-0.008612058848204845,0.001706506741364956,-0.0012797871525532356,-0.0009282501812711353,-0.0013577825739417577,0.0032839996565951057,-0.0003417064549284169,-0.0017021538436870086,-0.0015882709587830262,0.002163535953220614,0.0034337050813209456,0.002291700301948442,-0.0037242944264845477,-6.049625435075295e-05,-0.0038122206753179134,-0.005152696494537481,0.005775026586017191,0.006102123513263389,-0.0022713382073913046,0.00032879723574170456,-0.00507344571507013,-0.004802977670872576,0.004011386133969091,-1.3920591764109539e-05,0.0041633480534728215,-0.003391855232986469,-0.0021411098086254804,-0.002458604079437742,0.0025224541814587364,0.0003539992279374548,-0.003910372842964081,-0.003731427289829006,-0.002569538842451147,0.0006380460305045457,0.003852524743739907,0.00028144020808174887,-4.3206838298511865e-06,0.0036125548813448834,-0.0019622100972488603,-0.0022079859443838207,0.0025118400402248955,0.0027464530225257116,-0.0019170150092850749,0.00145255705244153,-0.0022217306594235807,-0.003957524263763204,0.0021062449671721585,-0.0011751554255918333,0.005815436246035121,0.0036825725889096917,-0.0009040998344315036,-0.004074227168077052,-0.0002333539466531998,0.0026205203154515675
160,0.011403134276990917,0.06496054336918447,-0.0016142531257510352,-0.012902332099474119,0.001869434193593385,0.0008680814246859577,-0.0009952975500501127,-0.0014862017937086495,-0.002179533277328978,-0.001383350139600127,-0.007138445773792048,-0.0028166464263570095,6.225150382167927e-05,0.0025806486252476705,0.005030475455933116,0.0031136591836163287,-0.019050246580904606,0.0031740938325224583,-0.0016749422944330565,0.005426982517142881,-0.001790586858753928,0.0031078952574631682,0.004443575053042904,0.004156049668034912,0.002928543692837788,-0.005146483484263019,0.003329551647075753,-0.001770143440794497,-0.011637842866668462,0.0004457380178917018,0.006942836215871116,0.0021976349836992206,0.002728811042433407,-0.009683633174621663,0.0032393360799570703,-0.007297982748584221,0.004349844145589291,0.0014211746948424905,0.010333234453018572,-0.008470821897209595,0.007766600425413213,0.0005813060896268486,-0.00019975472384321417,0.0007444744351656645,0.0034205112536537883,-0.003205251345444382,0.002276115257519485,0.00040761080420273813,-0.004340925183003229,-0.0038467149895599745,0.004465733813903939,0.008192049083603386,0.00029363245691539473,-0.0033547677734188873,-0.004891668515269693,-0.0011741235549711238,0.0022085437616823416,0.0013089650785722046,0.0012356146989618334,0.005828595839536492,-0.0002927741312745784,-0.0006722798680686001,0.0028819663135020504,0.0025059180184815624,0.00011010969387788803,-0.0010967317377753403,-0.0035080340646789178,-0.005848764625184834,0.000621363456994378,1.3180038848395391e-05,0.00317604256502218,0.0009606986439911319,-0.001866962192149579,0.0006360144056863228,0.003138086512413524,-0.002575161222661555,0.003348166429252334,-0.0035776357849853367,-0.004651212611837618,0.004918707366012918,0.0014983884624405657,-0.0027212955030934795,-0.004889231515731605,0.0012391964128948434,-9.761388171293141e-05,0.0044140152360138876,0.00364056812637733,6.383196276905958e-05,0.005776687695012056,-0.002651818192033742,-0.0006708086506297186,0.0004717797122915492,-0.005154196797128745,-1.8529330115461847e-05,0.0035508782562307687,-0.0023005209478629664,-0.00435145688569212,-0.0014518273087551885,0.0032262957965951853,0.007127281500362083
161,0.012588784280947249,0.06799633947142247,-0.0010166899686319113,-0.014424392630560388,0.0018685757882595797,0.000729796128199904,-0.003268467881970541,-0.0006975416205597484,-0.0048667605305261095,-0.0002985465020063294,-0.005364167162415591,8.153405667165765e-05,-0.00017760472626131675,0.0015086378443875297,0.004076016020986231,0.001439491836142248,-0.019108606256956963,0.0008217352358200535,-0.00233483996902215,0.0073578700254428074,-0.0034264816054574484,0.0043201855994599945,0.005046764680831509,0.007102019629442591,0.0023626345625752565,-0.006655785720065624,0.005741604899153821,0.0006000002005201664,-0.01417449540702379,-0.0005383212839940799,0.009594909444124574,0.005705004912716524,0.004350662442453671,-0.008420272980786125,-0.0010439817212118505,-0.012644460683976956,0.011702857966628125,0.00437716925923736,0.013611454499652955,-0.009127618571622378,0.006973496950579463,0.004193978315274265,0.002427847559066697,0.004173214800142176,0.011258550405062996,-0.007862721780326399,-0.003827404088254708,0.0036290255703261233,-0.007708656880422651,-0.006096429557983741,0.0034842267323791,0.0030596120242785065,0.005545668777142822,9.220787798148024e-05,-0.005431697497396423,0.002782406764511077,0.005746876087842519,0.011089733818261484,-0.002857947498645298,0.006412261771742945,-0.003940416108778254,-0.0031253102415903324,0.0019414229594839748,0.008282213633704374,-0.004993022016958823,-0.004002567659787162,-0.006710522016035961,-0.0005948978025824275,0.0028852638996925382,-0.0048772376997945595,0.003413175846922951,-0.005137365780034781,-0.005035096822733791,0.005501894660212391,0.003088685177778404,0.0013096302503437648,0.0008380508355134354,-0.0067409878133390675,-0.0006058658992102805,0.006483679515233705,0.003481028808328793,-0.005597173607446387,-0.004733414562554232,0.002608080032345848,0.004352058214418129,0.00560166085659122,0.006501377953145509,0.0012217936619739586,-0.0019435705666753747,-0.011178402673488038,0.0013413314538391348,-0.00026909848233755754,-0.0027674451538376088,-0.0011060330189396968,0.007217445560453216,0.002255281911417528,0.0044817582432363145,-0.006149426784389859,0.009145716612980793,0.0030345785368303016
162,0.016022732523699405,0.06358352177747884,-0.0015541292265521527,-0.00969803880535505,0.0032766309202444987,0.0005221204676501196,-0.001787778340805354,-0.0004444760593910805,-0.004892592826510188,0.0009036845455268378,-0.0015036351093270963,-0.0006174074657732874,-0.0013954139091545564,-0.0031168264126785897,0.0034047957372162403,0.002189062718434108,-0.01752579473173834,0.0017650825971551984,-0.0022555713721282926,0.009401034993011592,-0.002932895838369723,0.004330241852503434,0.004945296558783336,0.005047783104568714,-0.000825780692052324,-0.007070125594427861,0.007987833124608464,0.002269034853318153,-0.015592942740794934,0.0016860277139367492,0.0076597260809426046,0.0032320096941618193,0.00039999202993726155,-0.006344351026768408,0.0007267539763221475,-0.010254592014221443,0.009729868838190908,-0.0021627833220010328,0.010477655064900447,-0.011059269343041673,-0.0024145698364902947,0.0034411729188503623,0.0013920283022579067,0.0010043705391826003,0.001333151008199534,-0.003283594297145715,0.0005995796680092171,0.0016359725106191757,-0.0028501251252531384,0.004599341333827946,0.0015009154417221376,0.005274170317354336,-0.0027477024288462782,0.007044714581266579,-0.005446786767339324,-0.01122103848018582,7.654474148453116e-05,0.013002088602939799,0.0012722520615256288,0.0067105407202002814,-0.002140769575609584,-0.0015301202821790913,0.008737957145338463,0.0026141884089229033,-0.00300633866479763,-0.003003620886476069,-0.0026994402113526294,-0.0002247401998752584,-0.0033162340238227536,-0.003683645573077078,0.004305122465114017,0.0028630063333781523,-0.00020405434208855652,0.002866058259156066,0.001400608533935852,0.0051415954885470185,0.004837245394016994,-0.0022799809576096617,-0.004434102908527936,0.0027102263393550758,0.004511527632814068,0.0033688985381153443,0.0020828444151178714,-0.0046316230609781735,0.0005257647509284567,0.0005158034402225812,0.00038590192353608004,0.0022713022829711255,0.0009361305347973453,0.007051648683585025,0.0033471245564326464,0.0014708803000320762,0.006389883873828617,-0.0005850647536594667,0.00032922184052514757,0.004714107106685094,0.001453741716037251,0.0023167271140951146,0.004671864246643137,0.005576367457312996
163,0.013715045605315798,0.06708333330642974,-0.0014550956554542985,-0.016028272482814413,0.0010984357679098009,0.001607470057837966,-0.004673170008135182,-0.0018991382292403412,-0.005232869631183514,4.143169079579401e-06,-0.0019866775314384935,-0.001725392077218406,-0.00011431581909674455,-0.001930705505048088,0.005094070811402954,0.0021272548605158273,-0.020131985180962344,0.0034354376975173277,-0.002003975488792409,0.0043121351549568485,-0.0011901251237865366,0.001542662128061475,0.003407041094769256,0.0030858505821872565,0.0025654180127519326,-0.005317447439425691,0.00319812236030484,-0.0011031725684773315,-0.010670851873353425,0.0012204262234357401,0.007245419675533087,0.000861591705567455,0.002767695717451507,-0.006573497021940944,0.001554849303505674,-0.003990079501707015,0.005042869297036559,-0.0008948334721879801,0.00512837573344416,-0.004060400918752597,-0.0013747895326481584,0.003135730850463097,-0.00044081039631310845,-0.0024770103888274936,0.0034462536942015455,-0.004849254250129514,0.003015122597277602,0.0037327749311430103,0.00012165348045862649,-0.003712381864385876,0.0028792875318321832,0.005784852847687952,-1.4116291025344872e-05,-0.001727566999817779,0.001528660055459292,-0.0040774715727232985,0.005412338000760168,0.007031182406981481,0.0031167347899509435,0.009640626677975531,-0.0014003307971302793,-0.0010844555275975423,0.003913897361282418,-0.0014400990155790333,0.0015287422514576458,-0.001086120445918792,-0.0009913253925504246,0.0015862254167680954,-0.0005435829441096719,0.0005927748445469933,1.4250175553768724e-05,-0.005578280153487219,0.0016674118485338024,0.0014476748436502566,0.0015454457231702076,0.003184057748090459,0.001337235394631201,0.0025780203375668233,0.0004985823605237326,0.0008079093560524731,0.0004623498852254975,-1.736779236087901e-05,0.0009678999728373167,-0.0013962790930411536,0.0022857980663883743,-0.0015014757732205576,-0.00100267936078859,-0.0007235785170424543,0.0006934031863040675,-0.001008118624568522,5.822982173395847e-05,2.2684732070149904e-05,-0.00024194074943403312,-0.00012184663493376552,0.0013790131956741526,-0.001142067958075989,0.0017215391761247892,-0.0006015664115129646,0.004056337181611665,0.00011522769256658533
164,0.013340456402744215,0.06194978387067098,-0.0017260874978297783,-0.00979578659830786,0.003392561520980993,0.00016059325273641505,0.0013650251494924301,0.0010955241657122805,-0.00038487625378116566,-0.0005298153728280079,-0.0017432505929689144,0.00265873689446826,-0.0012769983700836463,-0.0013807361730048479,0.005235386112908479,0.002743813150008225,-0.019079129885032353,0.0020638994416775315,-0.0032431573037415644,0.011239786955778439,-0.0014296242691826271,0.0034244288448249936,0.004853482107445943,0.005182013991726123,0.0019672934001875187,-0.006186714172263438,0.006017492362550429,0.0006643889462827091,-0.013733938011529296,0.0012265579783124177,0.0076483577225209785,0.003911754204587971,0.00029616856517642224,-0.0060870204850039375,-0.0038613463650554155,-0.005121620937948674,0.006183386426536576,0.0028346260327673273,0.009962546221449256,-0.005615928414527464,-0.0010416335198465778,-0.004079942253994264,-0.0005299653110590476,-0.0023413829313801986,0.004152713353778026,-0.0032075668123685767,0.0035392015530261818,-0.0018275395720164672,-0.0005124607107758451,-0.00556313331650163,-0.0025922706486994607,0.009547378886948127,-0.006652695024318507,-0.0033943973496274706,-0.004943048792315704,-0.0035279087072872385,0.0013907297929597112,0.005638350819304952,-0.0022765381278708145,0.007725386248053471,0.0008058501889620534,-0.0022231156893827296,0.00594950709896277,-0.003235013105203294,-0.0003868945843710731,0.0013902865385884337,0.00456505937861299,0.0029512068637168663,-0.0024075339816853393,0.0010576156622028486,-0.003529965242571422,-0.0027275085894322803,-8.873810597921403e-06,0.0026628201046663192,0.0013949075408994315,-0.00814180531984031,0.0015677461895715694,-0.00580570120434949,-0.00039303612672140934,-0.0007977560446980353,0.006022555378246445,0.0018946094385237154,-0.0003469986525512392,-0.005955205415388186,0.0046402904062461964,-0.004838007072861376,-0.002981009679567997,0.005026903057876579,0.0003562577005695847,-0.004123564277079497,0.001188431401281113,-0.0018212508928404077,0.0027331853605343116,0.004454456923018556,-0.00026116726175674494,0.0035628757430742077,0.0038304375706134613,0.0005742222965349146,-0.0019416918920711916,-0.001787909484201156
165,0.01327990773237451,0.06950468785862263,-0.0017657536477430934,-0.015776322251664063,0.002391699273858451,0.0009425299801531428,-0.0020827834778981004,-0.0002998605132082092,-0.007753039368331564,0.0017862360955829609,-0.0012548039362618457,-0.0030814064480389316,0.0013974687237169187,-0.008398110352134868,-0.003130386464508964,-0.001983046102776919,0.001523639308228735,-0.0015585061625809948,0.0004673121408528291,0.0024064744418540542,-0.009309608818822455,0.006787250025404517,0.008698178494893632,0.011156415151943655,-2.5867202397527864e-05,-0.01210474789128124,0.014697390171765256,-0.00217131496594396,-0.0025523025927326037,-0.002532475191611872,0.00031642817676819297,-7.556661963305483e-05,0.01585951866971769,-0.009444588468470426,0.008483980604359261,0.0034161628636842417,-0.005308374401022156,-0.0006747827414346082,0.0057277757154451025,-0.017982173547496618,-0.0033200270795578327,0.003982011211502145,0.004831717279758488,-0.0006798003114695754,0.0049482397695285495,0.005615009920138968,0.005643033730620798,-0.0025502835050080605,0.006545523863830966,-0.0034679962453037488,-0.004516406398547976,0.008553994441409123,0.0024213020985131917,-0.005464133722054564,-0.00021970774957154698,-0.0028671147921350126,-0.006728528697550577,-0.0014102661327184296,0.014081267828672741,-0.008614877581941132,0.0004024329981355598,0.0012076651502936843,0.008436400627996204,-0.008394427471177834,9.604851961039765e-05,0.005157030769058301,-0.0021690970802527845,-0.00781214619406413,-0.004955710575304002,0.007203644114677429,-0.002870381356429814,-0.008130993448434347,0.0009066575025442628,0.005099202644964792,0.003026708863686367,-0.014989275753200932,0.00335225099350742,0.0033857614222219967,0.012679687464963944,0.00402619702580241,0.006996278314975279,0.0060100070724954605,-0.0030674056691146734,0.008118599319547058,9.825512361235908e-05,0.009621370366364842,0.003445910089684411,0.00015670131830678347,0.0038414120153387227,-0.0012763640741758975,-0.0020182844427701512,0.00788419607997676,0.001649248628863114,0.011063352427167016,-0.011136946941079664,-0.0047266321121509245,-0.001980365531330705,-0.009750270139934325,-0.012734858073402078,-0.010972419436694634
166,0.012012267420644509,0.06450270924230767,-0.0021599728781907675,-0.013581997555725703,0.0008639583224190894,0.0007158721423686886,0.00034035695341552794,0.002994172262269518,-0.004682191806011813,0.003857794123315258,0.005799446726752822,0.0030429795619864837,0.0009033055368056239,-0.010771364043147411,-0.0059540823174361905,-0.0030066157332984157,0.0020749866311517754,-0.0008257828253271607,-0.0016932068384470729,0.007098734932850454,-0.006973231295822193,0.0032039687590529175,0.009576286929555679,0.009855444097664368,-0.0012408228476129273,-0.009055324518714939,0.011012134087325386,0.0004091280758002071,-0.010936252721565367,0.0002841894100014564,0.005514672663393523,-0.000904647668697808,0.010289234763422467,-0.0036774212800730352,0.00953021001506576,0.007363066126665476,-0.009961725623156264,0.0006671623419485523,-0.0009349430095134842,-0.004168996471680408,-0.0036782650932598456,0.004079523248622808,0.00024546944479509415,-0.004739151350245961,0.0021603194580687595,0.00549095671351152,0.007813319664599165,0.0013041859219428474,0.0048165803577651075,-0.0016668610420678782,-0.008855335552031532,0.005797790329226851,-0.006598113391662816,0.00047715275381535915,-0.0031463935989962484,-0.0019479828245166247,-0.00999480021297792,-0.0015262057608723552,0.008261217067413342,-0.0038307875822185845,0.0011586496001424744,-0.0037649056220700585,0.008959676740179997,-0.005360819471234134,0.003996116536678417,-0.002301419253365457,-0.0034029723010759964,-0.010270838390595336,-0.00297559470631797,0.0042763639744500806,-0.0030173948679473096,-0.0005443545474079864,0.006982809901505486,0.0035356938713191504,0.0007461916931872073,-0.0019374172980381609,0.0035588017582076623,0.0047389230617406915,0.0013704074972931619,0.003615520462792509,0.010501980523422702,0.009817887046446252,0.0031360386312813977,0.006902639344948513,0.0019945979867758597,0.00704113839699816,0.004019700397564967,-0.000378153199724151,-0.00010955870910905034,0.004063166398814469,-5.986710418412369e-05,0.0045117971928920015,-0.004930225342756177,0.004088614412768985,0.0005626689983224901,0.006280704429513328,-0.00193502716479602,0.0003672789573456634,0.0002454908824161638,-0.0006585125287925922
167,0.011989452383250237,0.0678927380212374,-0.001920520131054494,-0.016578665548230325,0.0018316118598267891,0.0013569592220578155,-0.0006025567518693685,0.0004887878294696596,-0.005134581813749813,-9.972374414127136e-05,0.005819161365984743,-0.0006623986237282626,0.00215954235591535,-0.01352001408056987,-0.00543417254532659,-0.0005701831941758148,0.0010100825162194739,-0.001980099240494072,-0.0011584212632226002,0.006946484059874578,-0.009870487836749325,0.004958106119341208,0.011251427513605654,0.010125225034766018,0.0003372123016093331,-0.01066910426334957,0.012000943135292354,6.213492647666947e-05,-0.010865735607962263,0.00028138048765789293,0.0045051839434431485,-0.002291235136736193,0.007880175683567253,-0.009971412895089342,0.016421358975562246,0.009976582538050649,-0.0031609041149189467,0.001363359842481587,-0.0006547199449822808,-0.00699063967238025,-0.0015717278801896594,0.005460420996178888,-0.00023816875762013668,-0.006352562269726462,0.0029832198893933485,0.0032271575199669593,0.0010444711942291381,0.002372050560015167,0.003174930626337679,-0.0035583319463919735,-0.0035723766910426944,0.0007806879221752054,-0.0027702995657578984,0.00712316669790856,0.0015159070901510166,-0.005724915121095405,-0.01158206485039781,-0.001988252180955717,0.00289664229711042,-0.0031902573728537437,-0.0033548225238074006,0.0061037608524327725,0.00809784217201247,-0.0024240485975341,0.001891071347459141,-0.0020236053207871975,-0.0012386997939240975,-0.012571865969220246,-0.0005762756171467589,0.009255508010755122,0.002624097661922523,-0.004621724863375499,0.004697242229203411,0.0057291967677869,0.0014807054426975933,-0.0037181715787199406,0.002894565317271581,0.0026453270975896987,-0.0031388793142274316,-0.0008544100869218891,0.0089907218263017,0.0013260870296544773,0.0020321173420197736,0.007744860765847753,-0.0062543445468827286,0.01309527523473571,0.0018707524450946873,-0.005401716112887016,-0.00024338647531320118,0.006468754822191406,-0.0005579348754370323,-0.0006262131913472048,-0.004375839464620442,0.0012128778701311711,-0.0029761667230765385,-0.0001716822047084122,0.0019264608358062602,0.0057359394382719385,0.0022594197681032172,0.0006903403092568931
168,0.013523222298324622,0.06383172394701751,-0.002098082404157868,-0.016934016709322007,0.0013389839826834808,0.00042859817046577217,-0.0022629225490105945,0.0026575020664594442,-0.004011694525365821,0.002723446044368164,0.009414090267220808,0.002191240004861634,0.0010284980880206052,-0.01605858454141876,-0.005827474105376182,-0.0037258118344408613,-0.0006961744416732423,-0.0008021505880483751,-0.0015191239823870236,0.0079629456968453,-0.008309990876352718,0.006861949892983097,0.010570721060997032,0.009693603391755881,0.0006430608713451603,-0.01149437593537763,0.012072087432874955,-0.0008508603792600549,-0.011926654285275574,0.00030312357096468507,0.005728830877373477,-0.0021568185552410446,0.006253027193991461,-0.004195242061731499,0.012921897715537489,0.01523589898726159,-0.0026277380738714707,-0.0036460697996147907,0.0019094859469183678,-0.0042802211538607035,-0.005576655634747048,0.009507964522500143,-0.0035132640013190125,-0.007246624130800398,0.00042179931414511985,-0.0005661138946112426,-0.0004987567560453096,-0.0011774610026705921,-0.0013428552143274106,-0.00477747468004141,0.0002517219529801983,0.003566910852978379,-0.005480804440499502,-0.0014187203984205963,0.006229005576664121,0.0005100786856119568,-0.01004194061791387,-0.0005116391504828109,0.004787562091444107,-0.006197566441592696,-0.0014788108463365474,0.0065099255907478575,0.006539101842554313,-0.002733794686253371,0.003309337718459295,-0.00565226776242185,0.0023897256137851743,-0.012478099676440448,-0.003958793468395799,0.00618200145049504,0.007079821740735345,-0.004311141964072024,0.008479448243825252,0.0017893071146987914,0.003941089650542098,0.0005188097963131968,-0.007606146774895394,0.00561425488178092,-0.004569655678109245,0.005054452450976323,-0.0036332319361194665,0.008146738287373686,-0.0006830556778226412,0.005043258039924471,-0.0017902577605748396,0.0037180610489238332,0.00026754455378445437,0.0011135188417497558,0.0006732426685618049,0.008629994785325494,0.005922159420411689,-0.008479131444465582,-0.0028186313479030213,-0.005969256900369712,0.0062768082114135594,0.006570226558817347,-0.00016416657172446612,0.002190659536439058,0.00196709588023433,-0.00836574367723958
169,0.014817404453556298,0.06478271162399256,-0.0023856999374555813,-0.016470861075206764,0.0012201220794919054,0.0012583576432586186,-0.003968345973360803,0.0024054504077413697,-0.004270411478461089,0.00409287179921105,0.006829937972946407,0.0009462010775703256,0.0035470417038844814,-0.01133922427825495,-0.003466599692204802,-0.0017368768247923458,0.0031154954994043697,-0.0008277839632881123,-0.002674630069136192,0.005038445755830448,-0.004253553835514174,0.005090313984171962,0.006640571149062036,0.007381539161543471,0.000935657215764198,-0.009380179357196579,0.009213977341585425,-7.436087368866837e-05,-0.006630238933772653,0.0016738583727096343,0.0011606931307798437,-0.0015095342452961869,0.0056310956875840834,0.0001332758143131288,0.011645029906917707,0.012394851071475647,-0.005188683825894047,0.0002843620791791435,0.0037673882389168594,-0.00032065079409389943,-0.00424077397029997,0.003302676897447042,-0.0023910257073350098,-0.0034901407042005673,-0.0019166659125691577,-0.0021592648491748343,0.0020571691273220927,-0.0005983614987458068,0.0006128039913577998,-0.00014539950821918104,-0.001314375139163047,0.003253949779634897,-0.006208785703227886,0.005679299277131034,0.0006512704154099192,-0.003076099013516494,-0.008511161126505705,-0.000605001996569056,0.00019403995500757824,-0.0008814959552282289,0.004319269103962555,0.0009858351468157046,0.009881442307868658,-0.002598529317571721,0.004423393859125542,-0.0007470465881945366,0.0031905942613908275,-0.010599294913490454,-0.003205216392740788,0.0072787357989629545,0.0037861906195946326,-0.00541682170462964,0.008286888298485088,-0.003576630693559648,-0.0008754569231183763,-0.00029243419926943797,0.0031081066572641496,0.0022312970589314436,-0.003278369205719133,8.882290084200089e-05,0.004270809928452221,0.0015890600458824914,0.0020464397744050728,-0.00047908166816805335,0.00209543130515208,-0.0009519021511023804,0.0020870171198261113,0.002117136431244204,-0.0025486850786351992,0.0006484294803693199,-0.002347944876390534,-0.006018898407216267,0.0005486727759202823,-0.006552641899203318,0.001720748181001537,0.0035929145801336902,-0.0011221934080494099,0.001094732780118572,0.00016686388545643322,-0.0006433097646406424
170,0.014127074297843288,0.06345543437818657,-0.0016701126299678874,-0.014285147750353161,0.0004922229981405801,0.0020076195584910923,-0.005931916668493211,0.0014410208826026857,-0.010254587417661836,0.0025327242171973123,0.009908030829343136,0.0005162764635369367,0.001767958075342335,-0.015720450950549147,-0.005442005512381135,-0.003999703790072793,0.0025032732150966136,-0.0011718845832464394,-0.0002087188932785364,0.001246190649578279,-0.004151200290025962,0.004556305150942578,0.007077560777601737,0.006503904297917587,0.0006998018223759959,-0.0068658372476675415,0.009949137315242294,-0.0007118393780680958,-0.006667438968127958,0.0015173156181778652,0.00501618687000113,-0.0033804662339012833,0.007396929803406298,0.0012835961100518991,0.00959480690508277,0.01211109252320052,-0.0074703420694034,-0.007205887536326889,0.005738388702577671,0.0006942295124696546,-0.006734993963297001,0.0016306923749596835,-0.00015932978569259106,-0.0021014019587878106,0.0018858079947395403,-0.004126204617726069,0.0004477687988063694,-0.004071588365213409,0.0010152994625662035,-0.002484642105632989,-0.002005164475369467,-0.003400024639118652,-0.0028550523582143977,0.008358022806796768,0.005226211930347646,-0.0009587753006821711,-0.009541056150046271,-0.0054107808547610315,-0.0007218201463154108,-0.003833863441990137,-0.002467151883700906,0.004214445456693438,0.005115217906299213,-0.0016293977965623344,0.003861522997105019,-0.0005199111212529285,0.001564313019400257,-0.004255267736540409,0.0004017393297444794,0.005802507435740174,0.005616284198893193,-0.005409727494234209,0.007242412825093517,0.0031340957714531526,0.0006537898626827402,-0.005820861579746576,0.0017250828909355451,-0.0005952928730708757,-0.005474465093858173,0.004052311722821905,0.006020405467168455,0.0012227389157106285,0.0006069377542357665,-0.0010045750341519675,-0.0003573018512798583,-0.001702446336405012,0.003094466207199507,0.0026819667937986453,-0.0019198283009172967,0.0032187566597689367,-0.002469232219441335,-0.005478248766319443,0.0043857832691216805,-0.0038818991168872562,0.0005322484198495887,0.0013917678863287174,-0.00018852234608402615,0.0033275714907519275,-0.0030458833453424826,-4.800126162254349e-05
171,0.012199868724091862,0.059793289574309016,-0.0020564903009891765,-0.016878702782860723,0.001584002771677848,0.0013472518192256101,-0.0030627616039302086,0.0008968102412459381,-0.006420486685765837,0.0033647281524773545,0.0027250380989381666,-0.0033080549643929877,0.005014073684674205,-0.011557799805290196,-0.00532385847814127,-3.1236663804081435e-05,0.001783304106160873,-0.0005167313407302789,-0.0017737306235473056,0.00011635407035074242,-0.006127484684234361,0.00601314542709962,0.004454384048518627,0.006720904956986021,0.0028462758787347786,-0.008996466263195424,0.010203155169357644,0.0011768380775577859,-0.004536302019162825,0.0006204576375209168,-0.00034947225500073866,-0.0031036817679245964,0.004830841526558823,-0.005776913318472894,0.023496334633033168,0.0040993251557342155,-0.006823155919891013,0.002089537054579367,-0.006408605900467636,-0.008449409227188752,-0.005573024249491843,0.00048523456162601145,-0.012951759173702818,-0.000594240381308118,-0.002726066498320279,-0.004966778244421185,-0.0006327404595625373,0.006461971616781561,-0.001970461684114264,0.008539913183156498,-0.004756227544629034,-0.00732681508391166,0.0030730895681861992,0.014090763359935282,-0.003632612150757764,0.0042030166489313145,-0.005654710421112874,0.001795817196817457,-8.110403457602417e-05,0.0015595851329402498,-0.013137670605596693,0.00866999242023047,0.013895471123759523,-0.004424717118269629,0.007902838234068198,0.0011515799278663764,-0.0032574026371137736,0.007303083409182069,-0.0009414475013103897,0.0061922042110219245,0.007568494742100572,0.007897421888858369,0.006380427409292558,0.003613371541867061,-0.0056303824332462225,0.002995294302444885,0.004249247466858793,-0.009538268853786603,-0.007270690565608925,0.002059635358119242,0.002861362710437521,0.003251311622081828,-5.604687913689021e-05,0.0005490276080417446,0.0007489339832969506,-0.0012950568899621933,-0.003515484517937229,-0.0026162585199522265,-0.012379153647123938,-0.002907723144925642,-0.0035665926400224074,0.0032360985207220776,-0.0024511830616249196,-0.0006947665701277453,-0.004175324969946447,-0.0010481529374101863,0.001127719823518964,0.004167057778276772,-0.0020121861348050053,-0.00013042007218446637
172,0.015159507409648814,0.06716363317506369,-0.0013031328580148033,-0.017207009090479848,0.001465308030523928,0.001798450127108854,-0.005329506573260893,-0.0015175661465867266,-0.008336613749109135,0.0010992265529518794,0.0035954135359167107,-0.0015984225984389659,0.0020670982582149983,-0.008748491280117026,-0.003733389212361692,0.0003649311324912036,0.0025585950628612777,-0.00041024245466569486,-0.0011488651653487917,0.0010828885507628003,-0.005693695799477034,0.003330826583883252,0.007527037139191537,0.004575171736154393,0.002674765119770726,-0.007718020434006561,0.01025690388102865,0.0017823987603161064,-0.008425682795532172,-0.0014747634331033202,0.0028514919475258332,0.0022577444985885913,0.011677419108133878,0.000724315161020915,0.009695912199377286,0.009164255999089363,-0.004218538372421064,0.005982193200893832,-0.0011577902427568124,-0.004745359556502756,-0.0034091349071719854,-0.0006531493130721054,-0.0036275518382065837,-0.007875785230303032,-0.002790402768166888,0.0006622181630977262,0.010973296499443811,0.0003659572537319983,0.0060323995918452255,0.007111679760046964,0.0012631770837612198,0.002994113458003542,0.004689319223469606,0.0023048339408339637,0.005920470759273234,-0.002448389640091047,0.0014959678434221788,-0.0011486747359944396,0.0021341348839494373,0.0059698687463326724,0.0024229692989090087,0.00191829083291283,0.009744914687672681,0.0006126691542108825,0.002514465983181154,0.003973514097980977,-0.0002732775172377247,-0.001231350878266159,0.003352946107726901,0.00205386135746805,0.0007729927505546245,0.0032814413529336037,0.0031727893332907766,0.0005386963119840111,0.0006011313023474504,0.0021521587466103317,0.006839178372897845,-0.00329175144948894,0.004042694464591595,-0.006439006335674687,0.0030464174495331725,0.0005697900595201108,0.0046038888380756215,-0.003026875535709434,-0.0010763797756878437,-0.0002172886399389997,-7.199956449275606e-05,-0.00140150304380105,0.00310142274299314,-0.0008236842185540688,-0.006132707386897625,0.004351181154653089,0.0006496457435647457,-0.0004167921166984062,-0.001743822764405496,0.0010821826679669033,-0.0006195895549922197,0.009282210247497471,-0.0006628228810287429,0.0008782723644718125
173,0.01335199657946515,0.06995186488080062,-0.0018516070720464167,-0.01770745847039921,0.0012511841463348963,0.0010654812295582343,-0.002200289892696399,0.0012660533387317272,-0.00827569155696362,0.004581915399965095,0.007296602791978551,0.0010917781180599024,0.0005698325807262306,-0.011391739756900086,-0.0031171712733361603,-0.0030990481307375008,-0.0006860717166586501,-0.0024839565923312243,-0.0001289099820125785,0.0025830514905510723,-0.007520771537425089,0.004241259995260129,0.009223498024639778,0.007612872955491892,0.0007080330715894665,-0.008792475735340501,0.010186161794619042,0.0006321554764036959,-0.00980434006750881,-0.0014292918982823264,0.0027764476977684147,0.0009995713805198373,0.012219287420036463,-0.002950053853074758,0.003906279931847874,0.01160523837072403,-0.008924439477765573,0.0024730442109175558,-0.003948178562997975,-2.288513473845692e-05,-0.003419737199827214,-0.001644587480579594,-0.001268275735579787,-0.004653796027888066,0.0010021729690639634,0.0031826672694403486,0.004678199508062227,0.0020878948493908405,0.0004398848621021388,-0.002584974016977997,-0.0003712486793477684,0.0021558277225245705,0.00037492054838969503,-0.0031551460410588596,0.0038451663147257144,0.0045359058333269125,0.0029096571735213405,-0.00033121258341964674,0.0069812517024884935,-0.0033745143781888486,0.0027701564972675004,0.002480919989110131,0.004761108552516679,-0.0027846502476008652,4.133209764084858e-05,-0.003749578111358191,0.005304469399611365,-0.006425844882806747,0.0014812282941931536,0.006531469933297319,-0.005370617084325487,0.0003901179087852573,0.002237674869761339,0.0013353503686076985,-0.0027181384822113847,-0.0005583547188254843,-0.010128487696476108,-0.007913982011523622,0.0045563662113594534,-0.004371451242701829,-0.00788390696209429,-0.0018189360971705877,-0.0010137190197878224,0.0036090563490086486,-0.0019542252603478526,0.003246960345344465,-0.002947009317164773,0.003118232250098249,0.002971699235856452,-0.0021134465538142555,2.253791695683764e-05,-0.0012699981818837236,0.0053327576263343685,-0.0016206690032655427,0.0029137858360738476,0.001151691372213662,-0.007446960143639236,0.00023981064806105872,0.0009874770609969786,-0.003078554613951168
174,0.013055599254224726,0.06427526218247545,-0.0021228885526783986,-0.013765295722213439,0.003191231257563388,0.0004390584790867971,-0.000785448939562686,0.002120022541963752,-0.00972735877429218,0.004365297086606956,0.0027179435548101262,0.0004449905639702717,0.0032528337958610608,-0.012954922009114762,-0.0048428098774459805,-0.0031025446783942232,0.005043820679794719,-0.0009288768084385738,-0.002284294897322468,0.007591551152784821,-0.009001080129414437,0.005313113102166626,0.008057443865314486,0.008541401100398907,0.0015520144849548348,-0.010295349516606569,0.012989560824953257,-0.0007303440464218332,-0.0073992487099877975,-0.0024251261644577457,0.0005062247242268068,0.0025450536229270145,0.007843624044842176,-0.003153595990473438,0.005186139733044585,0.013625495241252438,0.000525003068893288,0.003126422247047055,0.006587813242757897,-0.01055904625881874,-0.005053358770649065,0.0004352992467170752,0.007662449490549931,-0.0036810086397917182,-0.0023057682335153296,0.001818447725419047,0.006320406748755802,-0.0054644688456020754,0.0029410180067739973,0.00261431080323963,0.0004974259358916374,0.002694259117907119,-0.00286952714836118,0.0003061153136965592,-0.0007669373758842414,-0.010752942409230564,-0.008903207961397003,-0.004742050105114964,0.005781767847851218,-0.0046619909136412195,0.003508676956977412,-0.004715954675822411,0.005053262830577115,-0.002630107548337703,-0.0062210745197984925,-0.00022007830347012657,0.006672254781773081,-0.00299489480807882,0.0011497409593830337,-0.009545153244001606,0.0017386090086626781,-0.00065199618476432,-0.0019818996854643143,-0.00022808300895072294,-0.0052859311398349785,-0.0009558288049427073,-0.003198839705359591,-0.0003632008690629403,0.000830873806734087,0.000149985877678498,-0.001111003416207239,0.004480727367282823,-0.012786098936011181,0.00206550792723717,-0.002634481244836347,-0.005087019927916726,-0.010699566013200369,0.002921281014773571,-0.005481055252283161,-0.0013605398819036573,0.004107709796644637,-0.003855738709365392,0.006283084549781157,0.00208597389417798,0.0010577728094379093,0.007353360542301669,-0.002345126869451964,0.006318817172790773,-0.0015122090568429382,0.0004953642772576276
175,0.015200325204214568,0.06634381798608496,-0.0021862867402675794,-0.015917511587208173,0.004253492907938825,0.0007344145013297562,-0.0021124233041374396,0.0006454318492891014,-0.008301368946993045,0.004477662523525243,0.006080992796637802,-0.0011375774043681814,0.0033911761775535067,-0.015426357473469347,-0.00583597623354773,-0.00205090259047922,0.0070558482613835025,-0.0021126560471149245,-0.0027959395516710837,0.006292940769508567,-0.010596528376152709,0.005050093745385973,0.007954371615238891,0.011957357309618387,0.0010047003938297332,-0.015115687981854312,0.018218668086434447,-0.0023450452239212084,-0.007502502838432953,-0.003005783555651445,-0.0012632725014264025,0.0004165121542292415,0.008090963753505327,-0.008965444777572018,0.012137415393268878,0.01255081236482362,-0.0014706967931304815,0.006057229362526013,0.011857500891848324,-0.021639147131025584,-0.0010447441064338108,-0.0003192922780114814,0.00044311892237266565,-0.002578822038785896,0.0048478445000252725,0.004948243644102791,0.012951948677440074,-0.0006322565417884386,0.006302009661230341,0.0063161395249886395,0.0017078949277890304,0.0007457505816587704,-0.0013883009258654111,-0.0011775197784064265,-0.0011628713239440595,-0.01532762064682357,-0.0012751346425705296,-0.0022724194036568075,0.005919910735635833,-0.013203969808513839,0.0005424647913627468,-0.005585763727111573,0.0020890090569022066,-0.0032803665439294473,-0.01071403815295834,-0.0007483913462896709,0.0022492388648612583,0.018951912966541612,-0.0028174569781524057,-0.015546120878650562,-0.0015811091335850777,0.0006789879432795287,-0.006227185026449773,0.00011608552100956836,-0.008377292578329877,0.001381526453965104,-0.0074388577728697084,0.0037984636017243762,0.008266209553155587,-0.00066002043288375,0.0022313501818309366,-0.0011080487076175112,-0.005116825995399857,-0.006252748429505979,-0.0008676636450102036,0.0030962032551064013,0.005204132999965296,-0.0018290233165916727,0.0002531646441494756,0.0018870060537306763,-0.00013725292798705285,-0.002905773738873695,-0.003982743657957481,0.0011551552654616485,-0.006902657741143937,-0.00014608246549669088,-0.004746394881333117,-0.0012502465113880905,-0.0033330254532834475,0.0034473513861351703
176,0.014034289469013663,0.06508995702601565,-0.002457247012039516,-0.016195962065012805,0.0014959960497245319,0.0009306549987566508,-0.0026587797228384107,0.0034786881110675932,-0.010385277767694791,0.004472869157892273,0.006697226346598615,0.001420507860174471,0.00223321449284306,-0.01620306480024952,-0.006892142634221519,-0.003291248310365082,0.005675544717859962,-0.002135219898830069,-0.0015937939383739246,0.0029224263523781923,-0.010296901556552518,0.0067214984844537196,0.00987235663878411,0.011291305001893506,0.001450118018081132,-0.013534852032611084,0.017153131161280026,0.0002700116763715151,-0.009468824571584749,-0.0025889490592397686,0.0022562905733503886,-0.0003585440547096943,0.009728273164805,-0.007256750255228349,0.01355869852380248,0.01192437377425231,-0.0018489622611494896,0.003771485549674776,0.0039831436109750325,-0.01856364955668514,-0.006096318183068715,3.1432337859820775e-05,0.003201708599672332,-0.005377590499741767,0.003535181238552786,0.004802026073532224,0.004488515573611953,-0.0019845747295353807,0.003347344720908793,0.006497777674462714,0.0016733458362783215,-0.006135493484599896,-0.00044132630590924213,0.0023733621614287197,0.006245380567392864,-0.003123677052336649,0.0019723491849630353,-0.005167588827608628,-0.0034625957059600744,-0.0064655571512096345,-0.0055436541518391926,-0.010118100578340108,-0.0024607731604386037,0.003158648209685996,-0.009073462635027016,-0.0040729531187007955,0.0035341975399981037,0.01704812790952301,0.008929194087125083,-0.00815117522348932,-0.004815995257302512,0.00482326224054505,-0.007188260233908461,-0.004102838091429414,-0.006823273979163164,0.006957937596764542,-0.007408972785376436,-0.004895020685225916,0.005787319928953398,-0.004800988621745734,-0.0004727152448681322,-0.004671577088516964,-0.0007437174179190576,-0.013673482059150536,-0.008848779586548767,0.0015291755621434184,0.0057262102324408815,-0.00405169535701138,0.0036910560043636846,-0.0015096970866349975,-0.004519315212461551,-0.0017737651299984634,-0.009460583655227343,-0.0034526283997759074,0.004512464427420552,-0.006497301210912602,0.002584484299932343,0.004736224835884875,-0.0076179849816742536,0.004344814436239839
177,0.013631427478278332,0.06425854671492291,-0.0016123859614436925,-0.012623605192062133,0.0016207831578913573,0.0011507833872455536,-0.0005706848771303441,-0.0003760335359084671,-0.006316884996422428,-0.00017656759465164661,0.005703812825225654,-0.0018261616267720956,0.0017942265456712746,-0.010861444472460551,-0.006812876805234357,0.0029102240538935215,0.005422394765976335,0.0007374144574923689,-0.0012285321585919953,0.002667738035958055,-0.004934406625460667,0.006453267476704103,0.004403028291449593,0.0050451463385912535,0.00928774446101904,-0.008431309481314323,0.011051265241145367,-0.0033885288076212056,-0.006539193689265194,0.001116381931008281,-2.532990748191075e-05,-0.0007756778188875446,0.010636382695346738,-0.004766596599849553,0.01664369899598688,0.011561008828537696,-0.008876954737666459,0.004431424175355659,0.0016495926344630822,-0.01149207545331753,-0.002335069944433298,-0.0003266030115934113,-0.0029126492140647132,-0.0031444544952776137,0.0010744875899222634,0.0005947166763439335,0.006457597464674071,-0.0029228018804862365,0.002667724217319232,0.004138464398202905,0.0013757408007668925,-0.004193926332373216,0.0032601769854132506,0.0029870829787226783,0.004732914846191485,0.0018862607204855797,-0.003441779395832897,-0.007302296141457572,-0.0015430733218269274,-0.003864456413343873,-0.006815607401917389,-0.0004983899992638327,-0.0023080378859561164,0.0016602031808835573,-0.00214141746090095,-0.005289529041515867,0.0005894019731011249,0.006004822159216447,0.004059098660066873,-0.0013357466266336222,-0.0020830625588618193,0.004790781501588636,-0.0013988358760014426,0.0007958147113644869,-0.00863894023514842,0.004585213641922482,-0.004140020223090689,0.00025319429581058196,0.005742506073211615,-0.0019157031515540165,-0.005419081194269497,-0.004220167049370732,0.0024462150468532434,-0.004683753128266357,0.0003910319066816192,-0.006442571929127578,0.0019972759325163373,-0.004746608503272756,-0.00240727443579983,-0.004236839564615558,0.0024298869052139277,0.0030813942933330895,-0.0081342211585568,0.0008084248608189316,-0.0011973795935127844,-0.002584304095662732,0.0014472045662230924,0.004395660446508426,-0.0005656631947164011,0.007778401609024059
178,0.01521849597678027,0.06534850658914644,-0.0017611541301498005,-0.01494303208147983,0.0014272074972083535,0.0016521690606625824,-0.0022051405895998433,-0.00027976192113551943,-0.00717926021211293,0.0014055684144736378,0.006794906074512641,-0.001073369573059375,0.002196157484305635,-0.01108892549218416,-0.004544793448826873,-0.0019226064997926403,0.004369516410183803,-0.0016845616626040946,-0.0017938066949769486,0.004799538645903824,-0.006212853202317894,0.0044629368812736546,0.00826117824307175,0.008718170084632387,0.0009895246981467883,-0.010057388093896013,0.010287850847581539,-0.0016462297284495998,-0.008325987351641298,0.0013854209277403195,0.0006818599524616662,-0.00037243307943473546,0.008684199283273072,-0.007657002083958259,0.014401475810929805,0.013184343460082576,-0.005021249197906173,0.008360483520790721,-0.004444936424143702,-0.009333928408558333,-0.0038749529971555774,0.002007829165316815,-0.00044457004846174767,-0.004180582813172099,0.0018929507880875134,0.0017995085239139448,0.007779406411101966,-0.0027440225980866428,0.006180634436793094,-0.00021088859693769497,0.003204240238045104,-0.0035652312853000725,-0.001563181223283657,-0.003024395614907032,0.007590786241457872,0.0005915328141151352,0.0008335302440805224,-0.003846010205297206,-0.0002466154332251875,-0.001588490145043855,0.0028407210897525223,-0.0026192910310440785,-0.0010297808001195046,-0.001748956251079116,-0.002098701239913576,-0.0038556178126436416,0.002151033520026695,0.0007160712667214167,0.0051760848386666735,-0.0024744293267456516,0.0016294244221192278,0.002243397956624344,-0.0039596264674293955,0.0005214624872346451,-0.004836568152752468,0.004530164678172095,-0.0006226633250335119,-0.001878442046389101,0.0029698563988854463,-0.00564076441857436,-0.004736854087217396,-0.00370411742045517,-0.0017182529814750152,0.004185044200245506,-0.0015796043848066205,-0.001687386872152922,-0.0024719770716052115,-0.0012505623266659265,0.0032354324687460423,0.0015175303552585578,-0.001185932114164598,-0.002470904535550874,-0.0016676892737400855,0.0028781747959710567,-0.009095916591747083,-0.003411347611883735,-0.0008736428695891641,-0.0014486842583448143,0.0026138904056912434,-0.00045222990096934585
179,0.014235247896180697,0.0670237783385708,-0.0018359028739286113,-0.01916434930907681,0.0011366200921780526,0.0011878501716500642,-0.004827011579112842,0.0019263146489664708,-0.008702269049755962,0.0038763777612674517,0.00711705885885187,0.002163944088350101,0.001296222506814282,-0.012289198331334003,-0.005188983460225819,-0.00452543300124792,0.0030655508353052683,-0.0018391231877064652,-0.0009394887087665747,0.004551325118754472,-0.007272244791630699,0.005515763134892606,0.0065855353658128965,0.007572130439247261,-0.0006300543060205484,-0.00879035440798363,0.010209954938712856,0.0008403515476645661,-0.00690074574581472,-0.001317914195718575,0.002961158273373724,8.852005065414545e-06,0.011537057052997162,0.0012168082418218915,0.009473389334347363,0.014417170065900254,-0.006001800562177458,0.004477684422544676,-0.008942955801858984,-0.0020417684071581212,-0.004336981259439924,-0.0013180170788417633,0.00017602245832143543,-0.0019007644072399894,-0.0034936315249928453,-0.0005368990609441531,0.00459088089669486,-0.0017616095843180316,0.0036048141812148773,-0.0003836888580493487,-0.0022293112260632266,-0.008873067978015145,0.004361911628894647,0.00023114192134718624,0.0033036730280981636,0.0017969731271469428,-8.163735078020846e-05,-0.0003606561051495082,-0.00034789750551846417,-0.0035626372155332076,-0.0005909760286361515,-0.0008690194574187015,-0.0020688323809463457,-0.0018171006393693288,0.003511300712926743,-0.004252994578788459,0.005811376182559532,0.0020487037684132573,0.002133257025968047,0.004549832354734832,-0.004741255984380461,0.0043333884943481445,0.00354754939614501,0.0007139381871600077,0.0007168602882179376,-0.002396897216134281,0.0004941107308266256,-0.0052991942008136965,-0.002560950146199772,-0.0012876995096180951,0.0010631751978818303,-0.005105317415512864,-0.0015141570245307584,-0.0009558710135338784,-0.0034100117657351013,-0.0030880496068981006,0.005966790740031768,0.0014862513797055858,-0.00150184780683249,-0.0024992101183222573,0.0021255105238161807,-0.003673255881955907,0.005059815112541062,0.0026477341418820396,0.003693809027626664,-0.001853309214660317,0.0021774580234587074,0.0005353394837839022,0.0011795594213347763,-0.0036800863922522966
180,0.012021219678719138,0.06462432711238067,-0.0023436589612404633,-0.018975607041439062,0.0013292410362590176,0.0014694231701657707,-0.0008334205363774335,0.004015867331474464,-0.004790213186740321,0.003875580112213636,0.012174305347768718,0.005151305465968078,0.00032596367337854175,-0.012882547884873394,-0.005721416015895439,-0.003953203770464217,0.0042626011702487495,-0.0026267118186008337,-0.0005312840084384305,0.0033552082256701325,-0.006329143531341259,0.004680015935574791,0.009701298362152087,0.009580583786513018,0.0006400412260686089,-0.01084098368179466,0.012768062155987352,-0.00046169103299383636,-0.007686909352244364,0.000605052840225292,0.004538680641661154,0.0009180169795075024,0.009720882969904292,-0.001064965431234559,0.012958535315867823,0.012421606189357207,-0.0025092121357699003,0.008201475974955012,-0.006323976901273298,0.002947374461878228,0.0004431798082386082,-0.004726206996661348,0.004607673259718183,-0.0064331180150859766,-0.0015851469073499352,-0.0024231203564037684,-0.002278350856388538,0.007158550075497859,0.007319440604127084,0.002477315802432608,0.002708353378016313,-0.01018231079049579,-0.0018543603114782475,-0.0019466585168365792,0.009979444580495449,0.002752737519053809,0.012145035315947655,0.0010313661544654256,0.0008791499056156097,-0.0022264442697657403,-0.0043381610625444905,-0.004716904031085299,0.0010802286996640757,0.0015754169040824776,0.006662382576593681,0.0024771973564894287,0.008889433614024191,-0.0035645256529427648,0.007123357886686344,-0.00016367220016121634,-0.0019192772316412644,0.0059747907207001825,-0.0015421223893695615,0.0009952273881138583,0.0007138588193537193,0.0002454100214974624,-0.005182827518468246,7.962054743800015e-05,-0.006020999826289386,0.008617951781346417,-0.0058026764569711455,-0.010303355270773256,0.0002168885274728233,3.0453861441359694e-06,0.0042279849379939505,-0.003982126196589018,0.006539635951660562,0.0024734182365146974,-0.0029691180508943688,0.009844279681875385,-0.0030245304619021373,0.0014765789119962134,0.015621116097274027,-0.005101067618315771,-0.007760130302994209,0.0020921876020633208,-0.0033776404720753475,-0.006297676423610048,0.004684732664759525,0.0008860612453436248
181,0.013059842094037011,0.0629808017138751,-0.0016485882317824386,-0.01456550515196942,-0.00045089736394728986,0.0021472595668876816,-0.005907681931213945,0.000459049371436262,-0.010553598462145089,0.0037781747182049023,0.006118731229717986,-0.0017711091388980782,0.003068713288838746,-0.01219464378617584,-0.003235647708473999,-0.0006122688481135604,0.004618833275413396,-0.001323243177228375,-0.0003592321470506608,0.0017104303415416224,-0.005876716782357752,0.001882207732540935,0.00563226795478766,0.006406546620232811,0.0005025145368202427,-0.008010107202352105,0.009974112300946152,-0.0011974411790864334,-0.007226590711962381,-0.0005977358426138858,0.000392795940198208,-0.001092438919309262,0.009268552005138379,-0.003052998198353861,0.014789112901935235,0.011883616199226212,-0.0060701242251049925,0.005913223709908865,-0.007001830319684451,-0.005848540479573486,-0.0003008137926721671,-0.0010687938014998161,0.0009252168678947147,-0.002771942499770383,-0.004405499149481297,-0.002267849644854641,0.005548601530729658,0.0035797773051408134,0.0044050631040757765,0.006587136184151259,-0.001210674009495312,-0.004836650454012774,0.00365088880798986,-0.001627976083135387,0.005463758529512122,-0.00018612834639068133,0.006116844205253935,-7.807990946843366e-05,-0.004100371212586625,0.00015621720678751208,0.0026160692125811254,-0.001914866683629174,-0.003998576869619218,0.0018655072928567837,-9.975698800330191e-06,-0.0014532441299077903,0.0019354388648998736,0.002998894733489687,0.008250282352910528,0.00042605902207194953,-0.000798241947485306,0.001054229394982428,-0.0018129345263169754,-0.0006340801228868964,-0.0008126674032222425,0.00475131793064127,0.001424545746235001,-0.003270625550856145,-0.0034614799937050526,-0.0011316646735093272,-0.004690357568320973,-0.0100135121377986,-0.0003252217796274855,-0.0038276727202216482,-0.002431561608787424,-0.006834493770684714,0.005288135557629687,0.0026279125502376654,0.0013975928133735309,-0.002341565400829884,-0.0029836719733774557,0.0008122187381452701,0.0028662484204265105,-0.0037311668309193808,-0.001424392383840867,-0.002746670439042259,3.7871153450548536e-05,-0.0017619103385262751,0.0017515412865614873,-0.0027871203239006903
182,0.012122153602088567,0.06765586078467391,-0.0021692697832353582,-0.02174623157689234,0.002110497173064248,0.0011582770337557407,-0.0027747691878789445,0.0017942103743848192,-0.006082786878327424,0.0024761934184722367,0.010303582709025186,0.0024658098926976964,0.0016649499812247386,-0.014935591631186015,-0.007623738644105642,-0.005166267517227288,0.0064143690246975015,-8.96440053722973e-05,-0.0007893668920935095,0.00401863437036349,-0.008832043098268466,0.0054029511688204685,0.009488438202139725,0.009555731489416169,0.0021728567153331186,-0.011929353177139276,0.012551752798441262,0.001023151496323349,-0.008620334249038238,-0.0007741167030347097,0.00608736182844328,-0.0025137794942116896,0.010056832363680018,-0.0026763095290631206,0.013991979904786823,0.010454758177624703,-0.002703667646776424,0.005436842838250894,-0.001828818915223296,-0.0027800025998684567,9.457638993047366e-05,0.001577773038852088,-0.002437850904518781,-0.006379634994852468,-0.00014744382014968417,-7.472366357494159e-05,-0.001541819620103197,0.0058061369669063665,0.003657886725986193,0.002667031636690266,-0.0012476816105517748,-0.0019515894300217817,-0.0006447119096179098,-0.0022266310911985233,0.0031116094334926857,0.00892283173094735,0.0058437347735147945,0.0012054350616726613,0.0016997414679865925,0.0005778136984629155,0.0020323732958859126,-0.0011980919803538056,-0.005799431731441436,0.000806996400235863,0.0015569869710345887,-0.0005914650594446315,0.004868274148689634,-0.007007997001240992,0.011403733677023324,0.001794997999698353,-0.006991010190991396,0.008240547367131186,0.005053030782140309,-0.003427407721498969,0.005810083990512378,0.004824090419848874,-0.0033284551033014942,-0.0066958122598785455,-0.0030234253611283826,-0.0006880170990747595,-0.004329837822316773,-0.00445819132169422,0.0014141918422260825,-0.002450819019007519,-0.0056635911749575085,-0.0035012029354171926,0.005515053200683675,-0.0025049824495974814,0.0017216377901949095,-0.0017990662213216992,0.000366975985673831,0.005738211719481775,0.003806159338874915,-0.001990613730406956,0.004371324726009007,-0.0006127096258624576,0.0022443843534192317,-0.006632608410494985,0.0033474035180361622,0.0008566411719347821
183,0.013451507415412888,0.06522813030877643,-0.0016002621707898851,-0.01102567939090331,-0.0008895289292089034,0.0011327774320514755,-0.006466713942204335,0.0005015757231553804,-0.00961878474767481,0.0034418534725316175,0.009171057101490965,0.0004921681483929574,0.001171060359074903,-0.013970635224838327,-0.006128966987975613,-0.0019932972021527644,0.002239646629542101,-0.0028805767288220033,-0.0009004310620698603,0.0005092887427396916,-0.004329902466120859,0.002798091217505603,0.010633244583841727,0.005993457948747635,0.0018759433477086795,-0.0065695539806917055,0.008700362038104705,0.003427031175380691,-0.011096564116898893,-0.00019775451451081353,0.006871262744256022,-0.0012920244968168413,0.009980039135704845,0.0045888859917669455,0.005765409734559545,0.007165877158395279,-0.013965347755374183,0.0011206965180232576,-0.006413281859102095,-0.001766042617458142,-0.0012182860596012762,-0.004889747662417829,-0.005912281044056105,-0.008450040414766968,0.0034588025081106716,0.0014345644814227519,-0.0001056563214487367,-0.0001120392663054736,-0.0008599752895097274,0.004279915234430895,-0.0064615192628710155,-0.004250892991307216,-0.0009332793039887876,0.0017726627293803616,0.005549851249980673,0.0033763633348066514,0.0006495224642301326,0.0017627595786944758,-0.003651244374867479,0.0005131403574192221,0.0007213908642549825,0.0009181351020211197,-0.00032097966881046615,0.005151668143369446,-0.00011372089885669268,0.0008134432098518072,-0.002203926806608463,-7.161966381740154e-05,-0.001677268060999639,0.004077551211653544,0.0006374792408310797,0.003452002584616406,0.0035120036985306627,-0.0010806566996313842,-0.0019457995035870412,0.0017539350321808275,-0.0008788704157932934,-0.0009288626478744505,-0.0012053116913842182,0.00033663004633964505,0.002466709131596791,-0.00887195297335542,0.0010212466927851617,-0.007112366681908603,0.004647006538614033,-0.006663569524661681,-0.0022146493640114585,0.0020793164796926336,0.004475128915556343,-0.00045596868099937723,0.003967598032210168,0.003323471195168357,0.004190530357708308,-0.005944725288818582,0.006354709865004329,0.00184095979214307,2.5487174817873592e-05,0.00019301111800246738,1.9691268685344425e-05,0.0027151485512172096
184,0.013047905865119776,0.0640845245000218,-0.0011559994132192646,-0.015454073112724082,-9.350919473000026e-05,0.0021367371693171186,-0.005843236200392795,-0.00046545303278453936,-0.01231637081426436,0.0037096156398638497,0.007215911409085428,0.00048312410113972233,0.0006852933807711563,-0.014040813475476598,-0.0041793405029704024,-0.00016304150149295827,0.0025981087003467697,-0.002508992095238106,-0.0008718927255897158,0.002435102576432128,-0.005746963697971342,0.0021418787964987925,0.007578827310549652,0.004385743418010645,0.0007618474477784547,-0.00501740756446723,0.006907926608377696,0.0007348932351113923,-0.004379262718374448,-0.0014141350637061647,0.0020395844924359302,0.0003277756148491415,0.011270060676584617,0.001601018299554583,0.007439427315829984,0.00876627347254214,-0.00755842826942623,0.006797162167978465,-0.006647987518517865,0.0030423251758108843,-0.0010863642755775524,-0.0010972173437569365,-0.0033317810810469723,-0.0007211617973999511,-0.0021085019360397783,-0.005122454971180484,0.004948240111418171,0.0022635814566085554,-0.0031055733522100883,0.0005593252086205164,-0.0026443073803305837,-0.003493679432394804,-0.0012862742702499654,0.00195882121739398,-0.006114301424514084,-0.00172721501028491,0.003420779985200646,0.004744771770687218,-0.005796731130498869,0.004985965900632919,0.005665488686534711,0.0006489427966763298,-0.0028202798314023495,0.004094078872462983,0.00021467723951033792,0.002363678278007625,0.0011313047077567005,-0.00016559589160868387,0.003425072001941388,0.004748017353932685,-0.00019009338521868658,0.004429579166029453,0.00507938805173223,-0.0007378457454449125,-0.002298075726141622,0.0006118016120727369,0.0035880981653740127,0.0017230692527836575,-0.005002576024216222,-0.002124189380637227,-0.0012389875255545515,-0.006592531739965574,0.0011166133742781582,-0.0038926987631339224,-0.0005411971756578272,-0.0068540046475397045,0.00201134758356451,-0.0009681376122744453,0.000216679071286286,-0.004031094270307859,7.193115913856627e-05,0.00467590707031002,-0.0026251451232144874,-0.005741132722750878,0.005093961592840195,-0.0024384548352374006,0.0009404079103508064,-0.005422072531392856,0.0034940012048883615,0.00047734052776079734
185,0.014331950578676953,0.06381234958153581,-0.0013587975435799338,-0.008707020174996595,-0.00042055013872318615,0.0001650369399066023,-0.0047096394731984265,0.0023376907449225463,-0.010473743328279867,0.0066082305298610375,0.004225755630497913,0.0013899997123208237,0.0005835547173526791,-0.010960947680431325,-0.006431252513657794,-0.0037788773596667924,0.008364227222061323,-0.005364034111270614,0.0011697895253108374,0.0036511220010309064,-0.01060613085708864,0.004621053531590384,0.00849546154080982,0.0069044483660764275,0.0006403004793302209,-0.007838569178932067,0.00819994858163018,0.0006843470418175435,-0.0007547869009185365,-0.0019366024373860665,-0.00201107176370985,0.004688812785654983,0.013408551181893616,0.003745061615773132,-0.0014674268661518121,0.011521411177404337,-0.010901090071244564,0.0232356419548282,-0.01602877092603928,-0.008565626755419031,0.0047932330052220026,-0.008646992506322636,-0.002132411854827077,0.015569233680614214,0.008628224025498807,-0.006992468569513443,-0.003645281929268888,-0.0035277095437206145,0.0008112067343329538,-0.00698988219130299,0.015592137486196077,-0.0021458389568973246,0.0004813986443335103,-0.0034942503287606714,0.002085142614209545,-0.0021479433384975614,0.0006590460215455736,0.006306004683481,-0.0007074476971966784,-0.007881380478842959,0.006205905592878613,-0.011194260803243105,-0.018198809521295205,0.007926250503677732,-0.0054583078122548,0.00020431063951380706,0.004006042883774231,0.013506156101730397,-0.0018658467262384903,-0.007732040870195297,0.006039385987798433,0.0006759371177528606,-0.0050083353664647215,-0.01094244418617273,-0.0005384468332275622,-0.0019448846237832334,-0.007892921879539853,-0.002980230703722339,-0.005036312801292712,0.00153938678693575,0.0016528173109622724,0.001613714746850678,-0.0006988424197623135,-5.1781521086597114e-05,-0.003692339968150307,0.005104241104153406,-0.004278108417087885,-0.0015131237448826782,-9.174750705969337e-05,-0.004389481488230647,0.005880901483839752,0.004771649690160581,-0.00840181804875086,0.0033035146785756375,0.00038017264252488434,0.0022111255789999252,0.0014357549900966262,-0.0011005801390631998,0.0026845627547597926,-0.0021051132235204964
186,0.0141512423487481,0.0695489075927371,-0.001743692662951342,-0.009350316686278818,-0.002390519148079015,0.0002408081807470353,-0.00741131061786771,0.0020430495740481874,-0.013161420762362284,0.007620661744774005,0.0008243333932821428,0.0006008222073644244,0.001050291290575073,-0.011929658511005777,-0.005399729229961664,-0.0017907858844849415,0.005137776316551792,-0.005161167794470107,0.0003431405084011135,0.0029624334589303724,-0.009217374591426412,0.0033238617578676016,0.008039069850754444,0.005830644193647504,0.00013389419220800213,-0.005441719160180187,0.004128161990281314,-0.0010785846714932918,-0.0011947424803446407,-0.0009530866849707935,0.0003964677751616024,0.003948939835870348,0.013339339193840831,0.0036636440685598394,-0.0028673478744224586,0.009113271509443823,-0.01775325585889931,0.01708345685386611,-0.021224952881394206,-0.00700632528970418,0.004478968173819182,-0.007621331649676147,-0.0031813382104989058,0.022479487283316574,0.004685444575068194,-0.0037112353855444044,-0.006659266288906862,-0.0023382309272559003,-0.004057271282932654,-0.009476544753560566,0.010468715522988094,0.000623970544052428,-0.0008209383079139264,-0.0016341179179297908,-0.0018370669884740717,0.0022787441061676503,0.0020597500674857717,0.0031340500222508142,-0.0029768821203125647,-0.0034438787290431883,0.003861165376381986,-0.0063382909576685,-0.015407412780343662,0.012325807454210844,-0.0028377509406288075,-0.004642529019229809,0.00045283161808417195,0.003403632855860828,-0.010472308629302023,0.001118600564099186,0.007381332570852543,0.0007406476666009782,-0.005682480888506211,-0.005051041630392027,0.0003866363041255431,-0.001869555768939817,0.0029384158291477546,0.005720793722626987,-0.009224976656540401,0.0028611687780024557,-0.0009633131366670283,0.012606512196507698,-0.00021435788069810646,0.0066840031414175435,-0.002910486865302826,0.003161610887694352,-0.0087320900775365,-0.0003633311083984817,0.0004938026993950566,0.00056707991629654,0.011473204081907681,-0.0006465427551434572,-0.005096409226044502,0.0013205235806769875,0.005537696910061688,0.0018731134272539543,0.003604436663937999,-0.003520373411070451,0.003067725898373326,0.0007496512996769578
187,0.010342333358441664,0.06385756959454988,-0.0018157832654894775,-0.013589973544274641,-0.0024971420269385438,0.001785575385485202,-0.004693276414146294,0.0021328861629504644,-0.01237573699911137,0.004577624165123488,0.006363169293002923,0.0017922867108480266,0.0016925010781318037,-0.014748612942855085,-0.004782039371942734,-0.003048707946042362,0.00511271187021887,-0.002265161150050875,-0.00021114954705923146,0.001795479068875968,-0.008555695978083748,0.002797420935361054,0.007683047000576629,0.0075631660544642374,0.0013695551421582723,-0.007307233193984676,0.006823031516508973,0.0005978975530257853,-0.0011570246493875335,0.0014512684966237043,0.00020836000728518056,0.0012610567874090915,0.009535312052169976,-0.0001454480785070176,0.0019092712639279248,0.007721019226372877,-0.008625311008478194,0.010595121974685482,-0.014508255724210327,-0.0030056673955588032,0.0056168055665637906,-0.006364009621085019,0.003283838055299578,0.008810517690014145,0.007116862964195473,-0.003230929822669163,-0.007426720834747623,-0.0018928160826630627,0.0024179805174022614,-0.008148112412874917,0.0076567733527034805,0.0018119613119017151,-0.0041776201408933854,-0.0031753276786806875,0.006829533242704225,0.006248239456227152,0.00810479604860394,-0.0037817277567767198,0.0014265553281276313,-0.0026035162492963576,-0.0014121153500905883,-0.006555578200409743,-0.008035507943898736,0.0035386409732958628,0.0008618773880088415,0.0018832749068537415,-0.0030039434679532168,0.002082519163070637,-0.0032926225689864207,0.001163200396996481,0.003339300149854501,-0.002078212445437175,-0.0077448570894309765,-0.004922717021525588,0.006317306634125952,-0.00432839163541195,0.00033149220933843755,0.003724990210411689,-0.0018568785636478165,0.0015840554098634327,-0.0025648534219663366,0.00022278207687130908,0.0017004400648029205,0.003186071611360398,0.0016755871077500392,0.0017038966994469438,-0.003420481534513066,-0.0005582160940158545,0.0001322169648384782,0.004710424812804337,0.0016801325056228504,-0.0018607704721319161,-0.002719087278217742,-0.005005246760417318,-1.8017122793957935e-05,-0.002018138189388139,1.5908788441266232e-05,-0.0005145170379545605,-0.0013506183701977189,0.0021149056715007927
188,0.010255547627366166,0.06509995584909846,-0.0021616048730816414,-0.016085603160397696,0.0008175003891855655,0.000805026584422167,-0.002855451558877303,0.0013338860947009693,-0.008102976760136599,0.0038143805460542865,0.0021095048981454047,1.7955685652899644e-05,0.0026958844527251616,-0.009109574462263377,-0.004279733225349743,-0.0019026410844278556,0.006126604158061081,-0.001573525846319249,-0.0008462072720856152,0.002684113321506787,-0.008404786247080234,0.0041397285618765215,0.007162737473751154,0.00895286147994642,0.0014941378760925926,-0.008139764874631753,0.011075596695741412,-7.167347591257206e-05,-0.0023871102808468445,0.0005353956316341325,0.00021307045264634049,0.0014025227792374736,0.00715495571222887,0.0001474512966734332,0.012760868296177914,0.011760229683852869,-0.009805152960061864,0.008983491281685095,-0.010989781798870842,0.004664638772084256,0.006480085839543322,-0.0032747845244669263,8.065787855439854e-05,0.005603248246825458,0.00045661308739940236,9.804378171172181e-05,-0.0062045213776169405,0.0022978252184954182,-0.002290787196920632,0.00022573915792495995,-0.004380219916012453,-0.0005606337152150362,0.004079441920534599,0.0041264874020093345,-0.004280934500928039,-0.000945593227570792,0.009520061217279706,-0.0020624405021715205,-0.0016872598461329677,-0.0017955693909997182,-0.007643452620426276,-0.0010460238332001288,0.0013975728049108918,-0.0044032954824756425,0.001654961334642126,-0.00024894388064283665,-0.005782858978167697,0.00286366627787857,0.0007517863017457402,0.0028146288285158185,-0.0007902624335573603,0.001527406609641337,-0.00588606040051595,-0.00017135917781015858,0.004197450371993268,0.001922915894325427,0.009052767873937917,-0.0033414056069294255,-0.0014495782673603374,-0.0003714505082486787,-0.0021731376465552663,-0.0034955282735145946,-0.0058611748571784595,0.010712323177055205,0.00653368968806383,2.5733509029828663e-05,-0.0017849255115374603,-0.0033612086337671105,-0.0010637650903144694,-0.003958740307362411,0.0025216000913437977,-0.006075318855340801,-0.0007766675919482287,-0.003133002085299413,-0.00028638949026046483,-0.0026374375703030824,0.004485795966133959,-0.007062818046749479,-0.005165145968953708,-0.005362757632506331
189,0.011342538426215866,0.06606364723013866,-0.0016387321868995886,-0.008483720043866438,-0.0021702128816935657,0.002187833795287881,-0.007954229318448258,-0.00034951645036002566,-0.013045461652065207,0.007573764926249886,0.005092879796789007,-0.0009555864990765468,0.001991559688117567,-0.013085355983196897,-0.005808607123307072,-0.0013003675908013449,0.007163647103242808,-0.004529268804331828,0.000529771756218032,-0.0006585156529857608,-0.0068551985240796936,0.002158492045529215,0.011416568190521843,0.005254099588468732,-3.143984867409464e-05,-0.0027992360587717658,0.006521645966263267,-0.0011356744238525006,-0.0007828834613630282,-0.0004928191917046831,0.0007526869479572825,0.0057909900298063945,0.009689825398412547,0.0059651182751480295,-0.0033030078025525034,0.006706888828948026,-0.02014139944663802,0.011408669884398454,-0.01327309378200534,0.005194268884898519,0.007878401311822037,-0.00921370134162657,-0.00012948378675409442,0.013737663538371563,-0.0009555532003765791,-0.0058798631881836145,-0.002142337985357498,-0.0008945961220638318,-0.004545506509511793,-0.007349813920770877,0.0022598417468323575,0.006412611364250202,0.004508529864777822,-0.0027023470688904787,-0.005503642121140346,-0.0020223332889480142,0.00746106775468016,0.0011351925606113838,0.0028996645136710325,0.0013256938411939023,0.0012405499025558396,0.0035037218441792478,0.0007802847624127299,0.0018777127365124733,-0.0012835449166008542,0.005391200877399083,-0.005002229982329736,0.0034229550809903825,-0.0031758716525802223,-0.00032722510601962233,0.003119595348390389,-0.005344117727377627,-0.006463021049151658,0.0027817155242920747,0.0014580837216827671,-8.319601980249127e-05,-0.000528240165259556,0.0035684261083750407,-1.4579934415499051e-05,0.002683775570276454,-0.0017030922265641923,0.002774929989756333,-0.006789899370375746,0.003961907649639184,0.006655997177492552,-0.0043184908171278085,0.00034508706871094004,-0.0012517803889156146,0.0017853661505200093,0.001682375309563495,-0.001215111052768265,-0.0006598923193117922,0.006888542270677006,-0.00023874732991405534,0.0004151651603610207,0.004715569139104838,0.0020855842281186482,-0.005618708299003359,-0.002403379402941174,0.0048037602425094255
190,0.015480913814912274,0.06541082828357009,-0.0015987327024915771,-0.012435731404962855,-0.00024209600815938684,0.0012168800710289213,-0.005232777165737775,0.0016473152209046755,-0.01191703888735012,0.006747613682413785,0.007032763690099702,5.928709017047527e-05,0.001749064754509471,-0.013892002021609715,-0.005383313651871833,-0.0007203581287217029,0.008622865583090453,-0.002827545804188604,-0.0002861422221492466,0.0009379790029076865,-0.006040375258425148,0.001994053576760124,0.0073524082833676205,0.004070126878519015,-0.00037047971575926956,-0.004543184534516793,0.006719008118652799,-0.00019296219017245846,-0.0008719996128485177,-0.0009064204845784118,-0.0011038578738560006,0.0022017611696556268,0.007278010624608546,0.0045300346145789785,0.0010275554463795558,0.004874817153287557,-0.010785157272815133,0.007719107089766771,-0.005814184600420652,0.0018348785284020477,0.006808340319488489,-0.005690730398266516,0.0025676475508210235,0.005781045368052603,0.000869780531238779,-0.0024636900697853413,-0.002768947971470704,0.004595627035404173,-0.002997228307772257,0.000766599246245796,0.008232753760356173,0.00048566185713034795,-0.0005913136071796297,-0.0029112995903213482,-0.0073840915266150595,-0.002421677632671183,0.004672279575912074,0.004444336003742194,-0.0037012780675542006,0.0016228721497364362,0.0017704943139526905,-0.0027197432870840555,-0.0004403278925817977,0.0002071327276824684,0.0037081053605449105,0.004378199413312093,-0.00036965360342091003,-0.0016854212522360058,-0.0007900444483222421,-0.004245452688249503,-0.000893841583977371,-0.003945181194084059,-0.0012418841415331155,-0.002291555658451195,-0.00264244501514569,-0.006336157429013009,0.0016595763741559606,0.0011638521513661856,0.001996207507288778,0.0021398716687877324,0.002775402489114705,-0.00128029928730845,3.710693577042032e-05,-0.0007835287152500616,0.005245603690667532,0.0005670690676646506,-0.002567933265658437,-0.007485058907254852,-0.004472725461738461,-0.0051675116706438725,-0.001485841351018866,0.0024391620797892736,0.0037420736948364417,-0.00502294961439566,0.0039486896707959475,-0.002545228022372037,0.0052044138151361875,0.0006711131499611945,0.006778595863559388,0.004538816565029559
191,0.011444420321609859,0.06233702774865687,-0.0013565780153422845,-0.01098045127103963,-0.0014095052943078736,0.0013615567794057902,-0.005312615727790017,0.0020456452699048086,-0.010319496019867393,0.005079534770888757,0.004866325647477041,0.0002059230726412127,0.004578342644586749,-0.013933314785123966,-0.0037085575720272688,-4.595617265127974e-06,0.006495275460653844,-0.0022702454648810093,-0.0004769547779052366,0.002303200717556417,-0.006429333086605647,0.002584148806892201,0.007138411018071324,0.0044703929467022055,-0.0006303196871590283,-0.0035363579029541463,0.005909550190923765,0.0004263220302452244,0.0015478589642579422,-0.0004180891259674585,-0.00011688291500820592,0.0018298670663282478,0.006404821865745424,0.004208609954632383,0.004189665289554931,0.006311897299559698,-0.010776598432892998,0.006696937825614335,-0.013402192390385361,0.005844780266630207,0.0023766492177189724,-0.00033096051220726536,0.0012283950281676641,0.006304030526113057,-0.0013748593528511118,-0.002348793594061426,-0.006531841569414042,0.0015007842393541882,0.0004210852982835569,-0.001747620390341538,0.00012722365698276397,-0.00027812899028862334,-0.00207285850410058,-0.0016091355218323788,-0.0018404558607840987,0.001681813219815836,0.006465473346596481,-0.0023054409922667867,-0.00037155721287763653,-0.002612245628187229,-0.008032146649213546,0.0006127252444232115,-0.00016978837368895435,-0.00739130965758545,-0.003391500755525698,0.006158739435636139,-0.007670195321905311,-0.0009638542243225382,-0.0038069061230174713,0.00043686486047348687,-0.001210270053897874,-0.0054670274163158275,-0.005206672058432253,0.0018765769506158096,0.009288033623053455,-0.0022567664107464654,0.004550277539795297,0.008530816440121816,-0.0015661671793539284,-0.0019115390720474607,0.002531705980977455,0.004662869676565307,-0.006291858559402182,0.0042119542617679254,0.0014077582751117037,-0.008905465223678893,0.0029986985137282615,-0.00020190272334797077,-0.005837377844334168,-0.002043768786440633,-0.001666709934597299,0.002877577307575368,0.0019526905031812302,-0.004398791895264756,0.0001707731081837974,0.0030475341828099917,-0.0009632920748266006,-0.007168894873513748,-0.003941352329482326,0.002341120243009788
192,0.015246650574534747,0.07036168747011777,-0.002165552035501359,-0.012676473923173205,-0.001194719209524544,0.0012416704468744216,-0.008093517031910358,0.0021220694802979233,-0.010362209171158205,0.005426455907104534,0.006111498554620745,0.00040996977694653574,0.002588204125265682,-0.014023873178396129,-0.005692411920130314,0.0012759272851904488,0.0063502023865147205,-0.002424942896856592,0.00014467916413726003,-0.0011472036853285659,-0.006827546947627507,0.0019884429212171048,0.004154364069982185,0.0023746969378257137,-0.0008333281177196381,-0.001220246714329569,0.003305293286048464,-3.4541477818353535e-05,0.0042244035885972845,-0.0018309790270127073,-0.000352119800598608,-0.0019242181701958913,0.006944399846172489,0.004412303021039879,-0.00107602336668294,0.008901455290758935,-0.010091113322704305,0.004475303585725438,-0.005917627559908834,0.007315764570601501,0.004460036152373775,-0.005604907522467809,0.005086966105191771,0.006203089182167119,-0.002649608937100383,0.002199028513647505,-0.00938358345182871,-3.843089718490277e-05,-0.004150304751645969,0.0025385335526756187,-0.001613020431114013,-1.9586982105132365e-05,0.003979019621255801,-0.008179137502735842,-0.006021804756526343,-0.0014623685829785998,0.003870839144109046,0.0042877226945463595,-0.005411057263655242,0.010222967900057936,0.0018255356157912267,0.0007389523653219089,-0.00498406945005099,-0.003634468976673103,-0.001430317530567078,0.007334482248939514,-0.0033686221515776757,-0.005900334412062649,-0.0010043474621013815,-0.0008119255250556697,-0.003239061179098293,-0.0077013486579211,-0.0005817184262438247,0.0009751439182966339,0.002898774961499905,-0.0029714955344023156,0.0017476342051287981,0.014120003081173296,0.005598133450981822,-0.004400054669356018,0.003325243379897437,0.004193897661088682,0.0007141934044765376,-0.005751991567785607,0.0024223072207910524,-0.003509817968014901,0.0015564105504339606,-0.004831910088687675,-0.00037662649674552354,0.003132941274551347,-0.006575905789604224,0.005398573279985586,-0.00424341135372684,0.0041157848995457885,0.004455439826148143,0.003427680936294058,-0.002723790534408882,-0.0034171953932018687,-0.002373503995668208,0.005324174720816426
193,0.015886944863275358,0.06769806125529283,-0.002062609741487407,-0.011689219443008568,-0.0011637882290900434,0.0029322304044442807,-0.007458244823206808,-0.0004824725440083685,-0.006748952104321159,0.004944848626455489,0.006386614413368859,-0.0016841760917203855,0.0036870952384676107,-0.012417820154534182,-0.0036049512419887133,-0.0003692909492578171,0.008826478613648273,-0.0005127515117457073,-0.0013362326555816555,-0.0031138300684922914,-0.0044762038599553,0.0017750586454878205,0.004712044868731445,0.0011496013312430155,0.0015425929601604702,-0.001397193238005595,0.0065204314074338715,-0.0009472773326266628,0.0014571574771828275,-0.002399561298859914,-0.0006951306839053883,-0.002596725345705306,0.0030447129435539526,0.00666871952805177,0.011981646478322802,0.006929582787981065,-0.011361025456205194,-0.000937168668790959,-0.0035251352195311003,0.005947681068778145,0.01026652175590171,-0.006769584122574764,-0.0007146414930273455,-0.0003680324711211543,-0.004317678866485782,0.003117272217966575,-0.004823768008562348,0.0026237642130647674,-0.00451777992257251,0.008207374185942737,-0.00044416139946501173,-9.286155834014368e-05,0.00871507140565543,-0.004010412706562729,-0.0055064200470133304,0.0009726134319471985,0.00979759754246349,0.00709321210636393,-0.009436950248520332,0.0071639585198628175,-0.0002621566269179891,0.00028348829019889175,-0.0030103855402229328,-0.00048138951343194706,0.003443708677349044,0.0024167624897833057,-0.001417581221410727,0.0024874959430917745,0.0009144166984977953,-0.002785129351277112,-0.0012536691420555902,0.002038466291663338,-0.0007396633931094526,-0.004116806460769131,-0.0011447288677720604,-0.002317750347524372,0.008083963429140008,0.00383711933193862,0.0006014792014104838,-0.0029256494709872173,-0.00267096822298191,-0.0035243617803092484,0.00028932983762304683,-0.0007061762839429243,0.0042686130345582236,-0.0005852215404871013,0.0008529350823315541,-0.00435324608842054,0.00011926650850976165,-0.0032939321317913056,-0.006336258099841827,0.00020005788716149207,0.00048709401739637154,0.0011011316803099674,0.0020314916396233537,0.00026549667090092774,0.0008312993020172827,0.0004054278287077538,0.0006950137420395916,0.0014454187820022316
194,0.013214242626581128,0.07252119081512515,-0.0015225760667572483,-0.007940871560193309,-0.001399939721519012,0.0008096195100107587,-0.005455275448767913,0.00033435046039728835,-0.015196260212759103,0.0069600503459149735,0.0006045288852494419,-0.0012680915602220147,0.003902630735799497,-0.014718304398882479,-0.004285040178157599,0.0016538772666068844,0.00662157368801718,-0.0005218512112657988,-0.0009648017778061777,-0.0013050706699559783,-0.004933426420419028,0.0030878955632765246,0.007482985773498209,0.0011701236150375763,0.0004710686294909761,0.0016740726519774228,0.005821303914552038,-0.002570176774326623,0.011133816454570167,-0.0036201452633348136,-0.006420325865221426,0.0016648327237095751,0.003294876196455515,0.008385335652878924,0.001489073877647221,0.01051476838458007,-0.022080544580035423,-0.0020663295756785127,-0.004022051111941755,0.00919098797468207,0.012359463639567875,-0.008973303700399837,0.005196067877259813,0.010986513237393336,-0.008066980632644447,0.0035761806664257084,-0.009477153788472477,-0.0023062172987387613,-0.010749966715137747,-0.00497056145175498,-0.0006956625508857909,0.01299507983603778,0.0007884200747133383,-0.006444637608293234,-0.015441385712304596,-0.0014624030113551184,0.006464673729098547,-0.0019862577362203494,-0.00572275132605274,0.002593946483691873,-0.0007108614565768462,0.009756674490921708,0.00396916170720578,-0.007655445493568282,0.001092470818646524,0.0006480477956270974,0.002773246086679871,-0.00024347330419698132,-0.010225982740049837,0.0014390938427938245,-0.008422943653795603,-0.008876447295887505,0.00040412568520716073,0.00047006504810252005,0.006560328000183098,-0.004011074001368259,0.0025353079668917746,0.0025977752918498282,0.002299725456349062,-0.004615132144830883,0.0002709505905843992,0.0035529375915265534,-0.009577985452366915,-0.0034784595526119416,0.007097495325170956,0.00405490732475723,0.003653548859489081,0.0011574840716021854,0.009083038342593691,-0.0015026305510316559,-0.010237353940991512,-0.004969102228881219,-0.0027692593774412575,0.0046130546013969645,0.0054737298270320835,0.011589816651465483,0.007989816130998929,-0.002122111565877463,0.005371966741647969,0.002731454480840444
195,0.012078004540627806,0.06882128625430704,-0.0015045283877801541,-0.011639962558174056,-0.0003380493642877543,0.0010540044160600908,-0.007233411315719074,0.00019515363348289295,-0.009739911826439072,0.0025726429299091453,0.003470736669496482,-4.4180891592210794e-05,0.003230487885301889,-0.009098010132347893,-0.003928108042146496,-0.0005380188808759308,0.010818840452093852,-0.0029876585021770164,0.0005371319366219666,-0.0012129188275790373,-0.00534548780083925,0.001563757840989456,0.005769408088851934,0.003395723845682413,9.771151079018321e-05,-0.002001324695888846,0.006220209943396475,-0.0013048462056280091,0.011064033774740002,-0.00224757367702804,-0.006716578449946643,-0.00024768896241822625,-0.0005650934463180256,0.007796598798007501,0.008097622721773046,0.00326574841433861,-0.003811246019371416,-0.0010353425037876436,-0.01243132885361573,0.00465513419217693,0.015226578764386182,-0.010526265149920194,0.0059701326141970434,0.004680811529426858,-0.01158628073466325,0.015537875932366661,-0.010125162711227062,0.008494031216134445,0.00070659900144232,0.0037777015877028027,-0.0018892019601808427,0.006420301682805655,0.006389677232639895,-0.005505452970685671,-0.010982709186532467,0.002114332098859744,0.009376311588322781,0.003495099186907776,-0.014479748730202335,0.006177682402940336,-0.0018847157725959164,0.003184968729592874,0.0044872641493265775,-0.005257408993030196,0.0004221050884122542,-0.0005064745755872901,0.0006292315746559629,-0.003650154560100478,0.010996042007098326,-0.0020758652456666503,-0.0032946059140755457,-0.005990302124077172,-0.004423566647308998,-0.0008554579725200619,-0.005050953948721635,-0.00129726411132246,0.0036120540536212936,0.010358755895999244,0.0007832704658194071,-0.00876569916367679,0.007721663049799929,-0.00501864770182356,-0.003631018474596339,0.003771483712709824,0.0026025141303144296,-0.001454091815746342,0.011240270506940899,0.0010793441932618526,0.0026439152353374754,0.005717573154729706,-0.008397924889638211,-0.0031898139720500252,0.0031344586075648675,0.002879252362466345,0.0011553238672807166,-0.002517974645616022,0.0017836687005054431,0.0035653200616044623,-0.0002889304248579078,-0.003366112816646729
196,0.011387770152849142,0.061130244430398495,-0.0015887128124312648,-0.008415612884581926,-0.0026238261886907233,0.0007591506671611177,-0.006132007027018556,0.0027647535526816574,-0.013039134999322171,0.006477561458273116,0.00998246788106338,0.0012797004577003808,0.00274915818935354,-0.016257719614625184,-0.005655292158185991,0.0005185826125170657,0.008009289133155502,-0.004275216730295202,-0.0010783300097311336,-0.00012924602969617858,-0.005324728146615542,0.002893993633934677,0.007862774148894454,0.006449334295743914,-0.000558788862276795,-0.0028835899031695554,0.006516966284085612,-0.001080470412321531,0.0012827808362630819,0.0007110048846422024,-0.002818578856658538,-0.0010346215551790669,-0.004320012672233907,0.003087451867939217,-0.00024148908236801525,-0.0003353788627785656,-0.006444861731726695,-0.004260488912072558,-8.560636174245924e-05,0.00479411809056507,0.009787558045833051,-0.008421880847283994,-0.002171107315791895,0.0007225682360707794,-0.0019634734369825707,0.008939489281611295,-0.0036820825547286447,0.004283726969872994,-0.004809600725737514,-0.002151188840489202,-0.003874762659511724,0.006840417165797939,-0.0017997386874100678,-0.0011003519688112878,-0.004482862896886234,0.0014593637536513921,0.00039871062845682503,0.007638857072287491,-0.007495913446673031,0.005530987297342128,0.000805113577198023,0.0019326785954110305,0.0016220219090797364,0.005399891936581402,0.0024756943161495346,0.0022714475411741313,-0.006088291772720852,0.00597756977553593,-0.005446946068594865,-0.0020138216772295423,0.002475265617568622,-0.0013092264429177204,0.0027894357736958104,-0.00016845656718754933,-0.0010082459312485235,0.00989345432637075,0.005022295847044238,0.001350662023145984,0.0003440475137363163,-0.0004935399153692199,0.0007951580279455898,-0.004192309907628726,0.004952717392623838,-0.004030784755660344,0.0024870075687300182,0.0011202629742002022,0.0026018373036362677,0.0008453854063517006,0.00013606231775539033,0.0006300863411330742,0.00022679683685056587,-0.003298849671594546,0.001687588711749645,0.008495423152352051,-0.0036690564679835755,-0.008932410769100268,-0.0029815636627650664,0.0003957527577904072,0.0020056716078680477,-0.00024008764386506401
197,0.013486303931418728,0.062732374337718,-0.0015484219193672246,-0.009197470124404014,0.0003265938153741662,0.0005898385018189863,-0.0035076710965116303,0.0030987358037977758,-0.011733982751637872,0.00433551227739942,0.008911141732662048,0.0027292092728198832,0.0027227471977193506,-0.016856724223777285,-0.007265151157882186,-0.00039361008951479664,0.007888655667690595,-0.0025468333399452977,-0.0012859332179764311,0.00429461755985417,-0.005241681639030273,0.0014238270497540925,0.005788941481887844,0.0032487136679676685,-0.002409734439607999,-0.0014413107944555505,0.005050260414246368,0.0021639896259346173,0.001952184810222346,-0.0006367109792397339,-0.00037815837231983487,-0.000528835086706564,-0.0027779246133285817,0.010679654607761092,-0.0019088799860815157,0.005345606982922174,-0.007111256572507595,-0.0015502988054196334,-0.003954997758633088,0.011751641524077486,0.003390148668229403,-0.008528308663556434,-0.0026708826502468926,-0.006524080967796186,-0.0010207558514919318,0.003527234510619219,-0.010561179320675322,0.0019495441051207189,-0.005472885523749869,0.004155662191733087,-0.0019210714433972613,-0.0011571655894574186,-0.0028011346297087012,-0.00149626794565612,-0.0017366286084439966,0.003474723327196689,-0.0010674274783961588,0.00973706622608726,-0.011206783632745014,0.001081629637306981,0.0018572799296011537,0.004700168978097054,-0.0033177338691918914,0.0006803007794737499,-8.923010059461254e-05,-0.0010636686550220887,0.0024600912216228414,-0.00272301573954972,-0.00811468697341541,0.001159114718467247,0.003260497108492466,0.005766925985109635,0.002151645355665991,0.0008079141489558595,-0.004512814122430468,-0.0012695840342080275,0.002361705715778252,0.003225590011156929,-0.0002730865374057577,0.001063736527755655,-0.0019320863844321176,-0.0073330316005976,-0.0031777249112923157,-0.0037558212527885877,0.0031938232804590437,0.0022914118416078083,0.0063655339070597065,0.00418619191627448,0.0019386540280039706,0.003521578007373574,-0.0013715250321505437,-0.005726671728023633,0.002908684748475998,0.00940357628013458,0.0009818069607963698,0.0039632854505131845,-0.012843218095828902,0.003976853488769922,-0.0004328115409312999,0.0014319050931041481
198,0.01265391476403674,0.06228947234967635,-0.002348772362889362,-0.013830006485879133,-0.0012971207200033678,0.00045199254490490133,-0.006062035576733806,0.004175069611804496,-0.01018228056359711,0.008271357288302266,0.008463365393605772,-0.0009813402850277707,0.005073708043224774,-0.018373235037557698,-0.007824839877092109,-0.0023003536216012668,0.0076652738445974885,-0.0008756717254403906,-0.00021192254990860308,-0.0009877875143428844,-0.005815180701122659,0.003416660547722298,0.003947074446714443,0.003887031980568902,0.0017573444186706685,-0.003560017605862492,0.0054003420895116635,-0.0011170026532742897,0.0061573021434023975,-0.0007233681288041237,-0.002476962067426054,-0.002193371880159142,0.0012727669022863993,-0.0007228924477219265,0.008411450942352456,0.004523073756912293,-0.00692213147545345,-0.003929434813725859,-0.005013065647013955,0.010248643759973568,-0.00026417115426733686,-0.004878434777951687,-0.0010249705338227116,0.0007982307930310327,-0.005379481268655686,0.0016508210066550008,-0.008388651337365043,-0.001436397265859578,-0.005885786096569099,0.004900603758113611,-0.006496800416796797,4.560519902590476e-05,-0.001289889958034203,0.0029216494798141794,-0.0064534183085949185,0.0021727625352252963,-0.0018676195885488796,0.0012966902605919919,-0.007826513276608776,0.009893586838687995,-0.002779827465845941,0.00781728152766832,0.0011829283087692437,0.00035561191158973597,0.01014009322045748,-0.002613456559125775,-0.002737504836757441,-0.0009677642484609063,-0.005117698857075871,0.0009280539820821874,0.003556411606472065,-3.021147313304446e-05,0.00406026320455956,-0.0011975166819017601,-0.0008194758783959369,0.008181355839079016,0.0025807616302477025,0.002516643127072014,-0.0009507862741758374,-0.0024861903572497633,-0.0020257502942090636,-0.003935417477780238,-0.000173119247658837,0.00013717259599723433,-0.0002692719468647124,0.003459590604420553,0.002009629973505145,0.0018190892781761497,-0.005776258626545341,-0.0009290424390267435,0.0007426625589975919,-0.006842716076341069,-0.001139255925893028,0.0059223016155830355,0.0010651964898514951,0.0002642546231254349,-0.0010359240077254732,0.007102164423060058,-0.0011528739726805203,0.0013566962670253295
199,0.013231611773837238,0.06339576551411033,-0.0011357227104960663,-0.007384173952568336,-0.0005139205437782257,0.001056386678278582,-0.0070968889506980975,0.000556385845525914,-0.018293018032386654,0.006705064881503684,0.007146965094926851,-0.0008175426177426451,0.003991604251645312,-0.01751286282742187,-0.00695663829154339,-0.0008144172861415488,0.01214840950175441,-0.0014954175887574967,-0.0005883037294009107,0.0021401853820517177,-0.007894219476131056,0.0027820669717078107,0.006000081092311802,0.007013409047972433,-0.0005442429540542075,-0.006932583912081478,0.010119871110206747,-0.0035156540464899534,0.008562985187159255,0.001448284415354329,-0.005379043652805876,-0.0003581361734927066,-0.0020518793833683995,-0.002748604350603235,0.0030284226482014797,-0.007830410069387598,-0.008759595088171647,-0.003746247454912507,0.007550078843232703,0.0041559242803286996,0.004786533986994642,-0.004491209215462659,-0.0005127709837041826,-0.004208472910724297,-0.0008322416701839843,0.014971187606615428,-0.00547724128127562,-9.655801820637528e-05,-0.011766758573912432,0.004715573699079147,-0.006303244258211975,0.00775775360999089,-0.007039967110865212,0.0014525875519697908,-0.012171432800779826,-0.002049727713175906,-0.010181585959051517,0.004327084069144389,-0.011558082229792113,0.005882944046761494,-0.000855133209474654,0.0028030078480504126,0.0035989662513647145,0.004628416831448275,0.004636584260436692,-0.009204282620769515,-0.002860413686710923,0.007247390964054686,-0.008107849947003793,-0.005812616666656534,0.007502269248603213,-0.00013834663826633404,0.006456283602874251,0.005709421680864094,-0.002927723612291314,0.005418608277142584,0.002948764734494158,-0.0023514891979338217,-0.0030100043781211483,0.0024731130479430244,0.0017577983137294043,-0.0010550620612417815,0.005509977827649161,-0.0036677111216352875,-0.0017069505810221534,0.003241716731671573,0.0030979154758414003,-0.005206680531951195,0.00021615634536198354,0.0006051513671952771,0.0026988472658461605,-0.007358526113633938,-0.0012618073591650419,0.0026461935054142094,0.0005784143030286923,-0.006061651983419142,0.0008858734578181469,-0.001973078430771703,-0.0033386418830809684,0.0011294404372669037
200,0.017598999339985395,0.06257306545102202,-0.0015695616843784108,-0.005901114291636234,-0.0007548936633022676,0.0007149186983518498,-0.007360386894693583,0.003109775965321206,-0.014087374953848241,0.006231903161905899,0.007660064868554299,6.726474644990762e-06,0.0028118131810495797,-0.018139267729475078,-0.007597501834327024,0.0007203712307609114,0.009150490564640524,-0.0010182720215908304,0.00016166687165377429,0.00048416728834998855,-0.00326359952416533,0.002219243622610252,0.00334774195334847,0.0029156033434356164,-0.000813480015049644,-0.003159537739513124,0.003555697303270444,-0.00026127036573985835,0.001225982873900585,0.0009404344371347666,0.001266453845704746,-0.0029272915481498916,-0.008706922060315675,0.002163146749728094,-0.0003214327568568439,-0.006590621937712133,-0.005391084233644261,-0.010453363403880438,0.009541244189341838,0.008646340569962323,0.007500851548893876,-0.012096440626606,-0.00130733240149986,-0.006029518828569107,0.002469940226682843,0.009919021649179505,-0.009571177886785336,-0.0019210180141934691,-0.011797808664752498,0.003797280047383744,-0.0016365009451839668,0.002638430263729246,0.00022771224373642907,-0.0001888618406171256,-0.008719470649809906,0.002564432277562822,-0.008232037356473602,0.008195674179131252,-0.011395137881492686,0.003944970076572516,0.0026627965835106346,0.005343164096013297,0.001211326883144624,0.003737247835963626,0.004485980665580918,-0.0054838455759494715,0.0033903248098620157,0.002704178662725933,-0.006112196174452689,-0.0027851914927960776,0.00558268853547035,0.0003334660926312015,0.002119598581189603,0.002771949454081934,-0.004482049195977161,-0.00014286916621763138,-0.002633551669781807,-0.0021778443484295465,6.303983198131666e-05,0.003985272562440494,-0.0015546794362972772,-0.005620670307292069,0.0024974583441600058,-0.015368278185575483,-0.0027877541020083193,0.0027620558302218702,0.0016808661130617187,-0.0003824499943022626,0.002406027638440295,-0.0031282019999200215,0.004555274854594,-0.0010599023128020433,-0.00018058078091224663,0.005723282681534996,-0.0041368709768138685,-0.007691242031830804,0.0011939652947424268,0.0006292621859693393,0.0003503744039249961,-0.0035134389078507336
201,0.010016179792933816,0.04878259408446541,-0.0026428290001797522,-0.014826224105769946,-0.0007652489984201644,0.001729534444431906,0.0007251397884165045,0.006992761584066776,-0.009295622693942822,0.00782963706507283,0.020471018877268602,0.006579151545602264,-0.0006618752583073997,-0.023684678222857785,-0.0074699354819638564,-0.0062261277589793175,0.0007273623513389298,-0.002707932690563372,-0.001621374290195792,0.004965150754176001,-0.003064342348122173,0.0008001904459056107,0.003136661499637847,0.005358148361388663,0.0015456303891230696,-0.00013418769224582159,-0.000738003058316308,0.0022062519697718616,-0.019924237587546866,0.0055098285838048626,0.0174945810261079,0.010122095525782287,0.0053018415672320416,0.008836003497067398,-0.006068038944769602,0.014373776055100219,0.0015709006418554113,-0.001257598164941045,-0.0014966730979190594,0.08379677277756387,-0.00693121886827997,0.026525023477136728,-0.0138593118055616,-0.014078877713475874,0.04696606149463181,-0.025705322124657277,-0.019198573309273975,-0.0005121902562968536,8.845480206409844e-05,0.0018733480388491042,-0.004192075807641869,0.007237311830601156,0.01354956437896096,-0.008169202660359864,-0.010540365986684234,-0.010388054506906531,-0.002441926866989106,0.003272820455864919,0.010277476396000282,-0.005790630744468211,-0.0031026577319908212,-0.012075317221704135,0.00402281133933437,-0.009640579122783223,-0.0061141075199538705,-0.004259146101619189,-0.007925976875174951,0.007314214562747406,0.006505860032929274,0.0008168245661743012,0.006900379250707547,0.0013158136140431756,-0.008133059210692439,-0.00034039032204083924,-0.0177269301592529,-0.0037277455652428757,-0.00035053788610775753,-0.005767676868003782,0.005136739647541196,0.0027151813314663185,0.007936086845997717,0.0014478132887202344,-0.0006176191567352316,0.0048565780513788875,-0.001259290967583829,-0.0008982069419989486,0.002375760179829415,-0.006505112473309503,0.003175610526403532,-0.0006444276799716575,-0.00422680706685736,0.0033349219165240292,-0.002827325840058205,0.002015807123549392,0.00466603546241355,-0.009973710217502691,0.001164381882123638,0.0048911174043147895,-0.0011578174378713765,0.0002742232004805387
202,0.012302734757927881,0.06066357542929669,-0.001711645261452449,-0.007888403379218195,-7.277298441482909e-05,0.0013381918105897991,-0.0006208888337283475,0.004006721431800802,-0.01272609217523214,0.00578331181733953,0.01016997087287364,0.0025673222265140123,0.0026912939861387744,-0.019100789517659936,-0.004604060504599728,-0.0007408750413415879,0.007987461745760531,-0.0023242297293908205,-0.001677409793904629,0.011356078009475527,-0.006204103936632886,0.0033111531547108954,0.00499628706322087,0.009161602259054881,-0.002302083729859812,-0.00845100527309068,0.008937236728646067,-0.001071206777858958,0.0026580963645959216,0.0029782724883103363,-0.0045791573933111444,0.0014021515329112545,0.003695904516537976,-0.0033589539314501115,-0.004388562043925243,-0.001503035837894614,0.001246093551787069,-0.005891917359257012,0.008728042717628313,0.0070391449515793845,0.003114493358738454,-0.004532471951304533,0.007559800329333471,-0.002114756098997924,0.00023861183707705314,0.008480920044020377,-0.0005766552688185772,-0.004357147496256511,-0.006112446975509328,0.001886927991357442,-0.009299505320764937,0.007219137630892042,-0.01721281786984188,-0.005493051784069631,-0.017024130782579708,-0.0074994366939923444,-0.009821539173161737,0.013952954035667016,-0.016633408796900544,-0.008650250355138516,-0.00042649608197247216,-0.0016208549875372622,0.01204035669316575,-0.0036102898740097804,0.008921821660841264,-0.02192120346022804,0.015180471699320382,-0.001202810225188081,-0.0071413108005577005,-0.008326246310928131,-0.000513833197960578,-0.008627671812281398,-0.0013978768216123714,0.0019723177464076587,0.00457125158388642,-0.010416577268735492,-0.011997015414087332,-0.004470711430194654,-0.0039144525257069655,0.008276266763489358,-0.010582364176433925,-0.005732663505802529,-1.8565047900343803e-05,-0.00775260814381342,0.0020064004254843385,-0.007242857551597852,-0.01331994476734319,0.0015236825823728812,-0.0028954042437802485,-0.012276871860523585,0.005684597253088937,0.0020661914554621417,-0.005882612624479158,-0.006440044738028073,-0.01520984300151798,0.0008821620873374666,-0.0035084816365648333,-0.0047411700543100194,-0.001979038158030703,-0.003707028073885546
203,0.016285407799334767,0.06565588048270946,-0.0013807192249914364,-0.009867018918786892,-0.0009735482854784396,0.0015968485124563685,-0.004824259526966568,0.0028990112923035086,-0.018613843455527246,0.007891878653406688,0.004955600841901122,-0.0009146559877800049,0.0035440524632074895,-0.016905381946846293,-0.0077651115845585005,-0.0005130369448475203,0.011523653736730859,-0.0016934773285164388,-5.1874385158021116e-05,0.0002018726324438665,-0.005739158115962471,0.0015491373469167097,0.004239536029262544,0.0035959255498029838,-0.0006215845109139827,-0.004550990450772557,0.007672849369894783,-0.002360070647359394,0.011861512252301113,-0.002473683668178948,-0.008403154821829736,-0.00041009558982746234,-0.0021684995740962523,-0.0021415662368652008,-0.0021199528317782197,-0.0036435514080694472,-0.00469837012067643,-0.013145047684497537,0.01694401758771625,0.007830328906407188,0.0046352651676856765,-0.006142177211014393,0.007590318030876563,-0.0015854944209644363,0.00014810995871460074,0.009898420100625131,0.0016726913607756641,-0.004907802579824749,-0.0064308388977918065,0.0002743705910725904,-0.0006612867730993013,0.006842142853450566,-0.00673849630314453,-0.002487050181221952,-0.012770245606085183,-0.005713558051844984,0.0007019373667203427,0.0027889076790788567,-0.0018180070294209114,-0.003528846477351347,0.006149125721006217,-0.0019797124584264147,-0.002421152165013481,0.0016773852175199335,0.0063076813672451925,-0.011323744888102418,0.002445726883432104,0.0015951674173896421,-0.000565148420493058,0.00036619519737288,-0.001831711076540971,0.0032979983720476383,-0.0032735374618590024,-9.925677525436316e-05,0.004675794312460065,0.004271935057131906,0.004473855450520496,0.0020738314621113973,-0.001253069854292932,-0.0026146257078437395,-0.002237204787462262,0.0024485852060657856,0.0023707168545121595,-0.005018087884103193,-0.00236024089378599,0.00415602253526158,0.0008750113881115769,0.0027837235260711212,0.0027489276519223767,-0.0003892216164876413,-0.004449597408819929,0.003983069688332574,-0.01164054587363804,0.001078003514225432,-0.0019189063108272124,0.0065734479272675376,0.0013205696240632299,-0.004204382499732173,-0.002281248902566437,0.0004924363141426413
204,0.019056901346159248,0.06635143386406532,-0.001755822365929987,-0.008062823318339964,0.0022581912685042784,0.0005283939094489438,-0.005544860716913078,0.002990817656868236,-0.01371041698411757,0.006700819650367346,0.011250893027927523,0.0004568056182726582,0.0026855068525042224,-0.018917535592221955,-0.008082040121117236,-0.0025057626728720215,0.011961434972209322,-0.002683911184898452,-0.000345564926169614,0.003500493899885787,-0.003915094997516614,0.0034678700527463403,0.004563104332722354,0.00403833590242088,-0.0020127091861188717,-0.006229377870129791,0.00884908852991814,-0.0018388348803846353,0.006881674605261726,-0.00045773853347226817,-0.000897196678487473,-0.0024680511138286372,-0.005301515680862263,0.0034682094360830506,-0.00208553030202906,-0.0030951319484549948,-0.0028651893989752922,-0.008663334482115375,0.016272523749457705,-0.0009503058927419451,-0.003603564868119949,-0.0014964543131206107,0.005338447449193981,-0.0015307043212982813,-0.002801358383120817,0.005903396371847796,-0.00022817978700857795,-0.007270962630964448,-0.009020951000462409,0.004742860716612249,-3.003350892098868e-05,0.004615152367257075,-0.004048629949668163,0.004536255473603582,-0.005665884129952835,-0.0004938019648710586,-0.003585970702779917,0.006005489734869798,-0.0014307645321597563,-0.007214013945195388,0.000488341646961976,0.0005329060830291293,-0.0030600245226617435,-0.00013104504610353442,0.0021188870337260158,-0.004217857903924412,0.0012178796986051933,-0.0015412947797402423,0.002319003910354096,-0.00878769383182925,0.004532552950849428,0.004174230090657855,0.0021615096148725767,0.0023526793270076994,0.0025361685692977774,-0.006047833859325787,-0.007583342597473724,0.00275181915487227,-0.0017523354773094331,0.0028300453646939432,0.012894875457654695,0.0020563881524932083,-0.0007652860665787353,-0.006279586820429724,-0.0016753095499544872,0.003615380350083348,0.002722521311755691,-0.0006428257581491424,-0.00106803296330542,-0.0015916093945668888,-0.004188645211192048,0.003316734173604327,-0.00378612806911799,-0.0007893322183331611,-0.0014471647399984533,0.0002098828383357927,-0.0016098405099045398,-0.004420932217074396,-0.005136916463136243,0.00216173624136011
205,0.019731239494839254,0.06338782593675882,-0.00197351682370567,-0.007735460199707188,0.0006040935670636783,0.0034762594096851168,-0.005588673484155793,0.001610523328275557,-0.016122482285376112,0.006578296797679703,0.011542831034458417,0.0006693923158851839,0.001322856211501256,-0.019141453379131965,-0.007944962882458459,-0.0017225208275543145,0.009629130385066399,-0.0020402017737131853,-0.0012097229885612302,0.004997842576504832,-0.006295681152115367,0.0028592962169710127,0.0065868753887025015,0.0075251030993115295,-0.0009191001451722217,-0.010635240518745825,0.0117592441283543,-0.001758898166863025,-0.0015997328819322846,0.0016028176037500364,0.000601420160141953,-0.0007359730604548075,-0.010292588840879306,-0.006115472865281457,0.004274770795779398,-0.004142403246607016,-0.004485912525369071,-0.018046412496955315,0.02322687176573914,0.0018107211855582757,0.005422258283951169,0.008075049007410809,0.006172634448178102,-0.002704049724243649,0.00953476203441536,0.009538432030064438,0.010276716764601772,-0.01370209706390088,-0.010253640802254403,-0.011617402458035705,0.01937701964645463,-0.008302064119226495,0.01836897580709908,0.010670647470593512,-0.0017231884861710484,0.011240891473961949,-0.00711610039066307,0.0015650446410648802,0.0012154270293617034,-0.00850444360023957,0.0061834416772034466,0.0005238455492959604,-0.019087160737149875,-0.002535819832968209,-0.0007441389804988129,0.005121803005972552,-0.003265904317971899,0.0010516033128032264,0.0006809064366203859,-0.00872541471664792,0.004358689353179467,0.0020116814060775028,0.0012029310274197541,0.0023140300055620178,0.007349471641228103,-0.004800377006169251,0.00853590168158244,-0.0012866734220990028,-0.004731611558891263,0.008569539179535101,-0.0023854914536718093,0.000989254314396394,0.004566148325350404,-0.005951798583180362,-0.005852136820916752,0.001448711376359279,0.0037286577030767438,0.007579189182949534,-0.0033955522188526366,0.0009985470922609762,0.003275256995003433,0.0015741163560511488,0.0024269600706771106,-0.004175775600040582,-0.00039135714111989317,-0.0025627413568986325,0.007380750856161372,0.007914473770470337,-0.0016850834073818886,0.00011433778522419074
206,0.017392325975424987,0.06849991868609462,-0.0023674520695925456,-0.012138615083838839,0.00033597055813093307,0.003142479375690825,-0.010233600454602296,0.002109410788308527,-0.018528260710018497,0.007895039655503087,0.007628465698375807,-0.00045431404292069227,0.005641354555819513,-0.017365194529615997,-0.009661474059186133,-0.0007978972563394802,0.013100272713659149,-0.002508969819673671,-0.0013594001401952833,-0.002217151177344235,-0.005448137558656523,0.0038585684171302424,0.003413422125946398,0.004346418087781666,-1.6717172120816724e-05,-0.004998956916972699,0.007946300264537801,0.0016889986295139051,0.01012205413524093,-0.0008799423054710589,-0.004827698138532461,-0.0020614779039044213,-0.004785147796088124,0.0008361698134646392,0.005258126895620765,-0.0024078458674624027,-0.0004517924390020785,-0.00565147800847183,0.00904646068933052,0.004192618935743332,0.0047768268546397085,-0.0018596853611203043,0.0037012074081722145,-0.002210817118423586,-0.0034949588848991174,0.0029115997122776626,-0.0010415275148970414,-0.007556233272660177,-0.006747789603890153,0.003066304079519862,0.001320111420670592,-0.00948025984996006,0.009129770468005295,0.006815451297465279,-0.002161233832942732,0.004232532764449903,-0.0013432945753554637,-0.0013640766700308952,-0.0015319144666340228,0.006913702115375922,-0.004090600688008592,0.0009266668232308066,-0.009060167463096014,-0.000602993131727062,-0.004696340609652387,0.0008576143591656308,0.001584609861700364,0.00197841704786626,-0.002449923959943172,0.004515252584310284,0.0026027167040207047,0.00776170866855747,-0.0020739962079833695,0.006036290038749969,-0.002526396849266093,0.0035241974573498153,0.002141715061078037,-0.0011730632386298002,0.0005184793725032701,0.002036301063662783,0.001193635746326576,-0.002134623846501439,-0.00052773849330609,-0.0018576302295665102,-0.002524250357355862,0.00035995676777691017,-0.001660750041431047,-0.00028989870021095445,-0.001404017305808551,-0.0003555155149974482,-0.0020634863991989857,0.0055970220375183444,-0.0009411489556744409,-0.002202699042495559,-0.0014817154279067274,-0.0025341048336051113,0.0013565411241580653,0.0006792093577366518,-0.003679408891595289,0.0028423035787335164
207,0.017100817782912017,0.06393331120689957,-0.0018151272541300635,-0.011302610642005407,1.372597391044839e-05,0.0027637287049231555,-0.0027736213524209036,0.004272560388606422,-0.01610412382484137,0.0056965871970105645,0.005908091532668087,0.00047088706544170904,0.0038608773627996484,-0.015847232190595917,-0.006723546626513918,0.0004923732317831101,0.009586018074238197,-0.0017562043885606402,5.818105596523572e-06,0.0017372185282769305,-0.004665778387279748,0.0024736211094176126,0.004686335346723574,0.004420212336981559,-0.0012827110301902721,-0.007033351116006707,0.00809609814903972,0.00014269931136893615,0.008412510717413396,-0.00016358112193206936,-0.004117279079957223,-0.0006370050952760419,-0.001303850742794397,-0.0035895701465487855,0.0033504084886305133,0.002007822012316706,0.0008810397392458401,-0.006444488999159766,0.012938924772394483,-0.0022561816986264556,-0.0038858004777954044,0.004782730166713096,0.011545476010041002,-0.002810015954315683,-0.0015000217629324718,0.001847812719416927,0.006150448542628648,-0.011811976316249636,1.3495112366141887e-05,-0.007513192130066835,0.010775197056210977,-0.013572062555982691,0.013809114675082305,0.002307234827945418,-0.0005274442256242059,0.007719319460527756,-0.002998374564897142,0.00010281223954454043,0.0011555791075022175,0.0006217909117398432,0.006455344742167676,0.0007145482629492522,-0.009120119184546867,-0.004801976211528965,0.0013904350132750089,0.00134446426658321,-0.007606205137094754,-0.006556463287727395,-0.0017564958603933647,0.001161051371118259,-0.000721603531479153,0.000891076053669627,0.002654089798738656,0.0004938761496211422,0.0023742836489124407,-0.005883747610156483,0.014046192207721003,0.005563744311868834,-0.0006246306519888184,7.244518099855976e-05,-0.006650759200813702,-0.0031039322408488498,-0.006041599935140828,-0.000249351112460726,-0.002156712408295902,0.00010329580276560656,0.006063218898011008,-0.0018019254138001764,0.007849478261336744,0.0028282004127730973,-0.006260643029058948,-0.001370601517753589,-0.0014681876300206744,0.0027056777412325273,-0.000690886891571495,-0.006329708221023269,-0.00020529275997862085,0.0037620890791922493,-0.003333515678837687,-0.007465218931494165
208,0.013474961041202379,0.0594686199428486,-0.0014535944467848716,-0.01085764266178895,0.0031758142578529602,0.002541590431121471,-0.00012468597172047953,0.0036518629484745277,-0.013736108039339605,0.003979194892026105,0.01004985760022815,0.0010412649679639938,0.004461855775305367,-0.019500341032800857,-0.007657153263690078,0.00044084141658281737,0.007695813384905075,-0.0025884040257290416,-0.0004310311764485515,0.00886901226873154,-0.006585337147386064,0.0038357514917020104,0.006897265523466286,0.006882590609653621,-0.000160725859457044,-0.008170514655242827,0.007628116187044198,-0.0009874113326200625,-0.004728714452005079,0.0001170534614281592,0.001959423013471646,0.0045448759160508735,-0.00010926139952161476,-0.003731351119525201,0.004066120478886529,0.0007673990225489151,0.008009444074417943,-0.006679062668518301,0.019164829443371827,0.006006959360879719,0.0006365327105125916,0.01432902039047481,0.0009903402573233,-0.0011071484430304336,0.01186378612383583,-0.0025558420330286068,0.0057307379918432495,-0.005900261657868851,-0.004717619294677217,-0.021392942366897105,0.020161947155515822,-0.00744326126379564,0.020444928512146576,0.008686572071645873,-0.010931558436435064,0.019171975924584427,-0.00767718331949629,0.002145715867310954,0.0007470144499926952,-0.005744301413812182,0.008986439923075872,0.009259341997901207,-0.01437421321142889,-0.0020886813154953584,-0.002025361443275045,0.016049239946467675,-0.00016610575127550122,-0.011649932464808162,-0.002668197297716359,0.007973225953012253,0.004006427070050462,-0.001044176015156511,-0.0002350731491072408,0.010315100955350662,0.0024094134120421044,-0.007302506067766739,0.00861485493225917,0.0038138969659196093,0.0004752347721778511,-0.0015773315179188879,-0.0029319827051831017,0.002165351355758978,-0.00015957653433210472,0.0009299314902642432,-0.006025776071387984,-0.0063001233126811634,-0.0031120380847999398,-0.0013312332216696221,0.0008181132522350686,0.0026187858645055117,-0.0026111244798319977,0.0008575122933684547,-0.0026723580737123337,-0.0010556131333374433,-0.001117843754092883,0.0035154426035828015,-0.0029378865531769936,-0.0019080554888741294,0.00022732757092393182,0.0031713527288757364
209,0.016059568626055298,0.06708597411888247,-0.0008949047931593254,-0.00566660635374368,-0.001779106566948742,0.0009346845033985532,-0.006410968661701548,7.846286031657075e-05,-0.015874532197696155,0.005908960527722698,0.006429890057119317,-0.0008350876405777169,0.002858765493991189,-0.0113541167745203,-0.003861922180332358,-0.00015420816725248668,0.009077304648418886,-0.0023180899773402827,0.00011288500520852731,-0.0007324698868686843,-0.005515204522594367,-0.00020571749158664946,0.0012522646223451176,0.001253456418048876,-0.0021381576385184975,-0.00140729291066022,0.002721757912427799,-0.002380153978658143,0.015304662480521732,-0.002674576219526849,-0.010423224991603752,0.0012620880999500484,-0.004119593047766675,0.003430551346625304,-0.000701770026232342,0.002363646468054342,-0.0008046684940405857,-0.012372376333927343,0.0063991378714052015,0.0013150181613853478,0.0030295766105406354,-0.0015177883830692054,0.008970390655719872,-0.0015485028679824474,-0.003950065980402578,0.006130397241226296,0.006548024420495579,-0.00573168226154997,-0.0034409712732222466,-0.00462849726908016,0.01325354101971313,0.0022510518400883986,0.008198082608422546,-0.0016095797701408058,-0.0024881152933328822,0.00163579172389117,0.005852813066353712,0.0002800000090928546,0.007964244341311507,-0.004990727194127556,0.0019209973814806988,-0.0011398536407727705,-0.00034168859075905386,-0.0036026530437917796,-9.024480850877356e-05,0.004993556824038989,0.004199891952172188,-0.0021624932919793857,0.006050187360403908,-0.0019482396100384666,-0.0036249410907961263,-0.001110969170367853,-0.0007511379600217954,-0.0001619244145783549,0.006785720444311309,-0.0016736610627818933,0.008475113561450838,-0.006952438839249571,0.004145386682996137,-0.005704133147661387,-0.0006976249211075995,-0.0033024418489513326,0.004417915389881819,-0.0016772874272222764,-0.004005046558254677,0.0026660066090429774,-0.0005748891599018475,0.01145605524357547,0.001941143976296769,0.00707305710085521,0.001971617039049592,0.0046325684373272995,0.006063600022186654,0.0020990735877825665,-0.007717610185662973,0.0023649186084860455,0.0019818976672953794,-0.0015522922637712664,-0.0001845710553350351,-0.0008328056284611592
210,0.01886686986784497,0.07281162478366612,-0.001337387654774439,-0.005596479414304351,-0.0014408512091383168,0.001253172051834673,-0.010053859521111411,0.0003114973402912116,-0.01610356430733268,0.006176634529373051,0.006109855145917394,-0.003756272461506173,0.005768887482373237,-0.014508386584155882,-0.00618190959462684,-0.0007769042737198021,0.012711081748290323,-0.002015885473933999,0.0002698898581618469,-0.0019051784765254263,-0.005243909204843147,0.0017934908508503119,0.004346004272345625,-0.0002139574255325392,0.00027206739726438157,-0.0011128822164438337,0.007075184706502366,0.00027966362688973574,0.016551688375930088,-0.000887539900962904,-0.009391368090290633,-0.0019564915687826064,-0.006510043646589009,0.00452909011200173,0.004467154044513451,-0.010843500042199134,-0.009189612627647305,-0.007557562731151818,0.0016164356658530648,0.0007484981251033215,0.003431342618781984,-0.005767319679793683,0.002345212417352958,-0.0017935324909192228,-0.008649315371967057,0.004960774202497311,-0.0006920025705735984,0.0011227127451137497,-0.008189506266846407,0.005631828412121918,-7.512277664210079e-05,-0.005810403409542826,0.005230389766010121,8.759202057124294e-05,-0.003738411118663619,0.0007620315823705024,0.005207631894451342,0.0024639201915458613,0.00667199266481495,0.005964053163611093,-0.006537025141652556,0.0006156015671415986,0.0022811469018182086,-0.003067184877315054,-0.0006856968525688122,-0.00039787095903353286,-0.003960588422631241,0.001832029036802331,0.0011595406783613915,-0.0014641511299640104,-0.0008058886281139485,-0.0021792465095883304,0.0022918791320543546,-0.0031135390372931714,0.0003131675712732919,-0.0026380089535585132,-0.0005041149972224918,-6.646134172813437e-05,0.006504063633999063,-0.0018371250908653398,0.007386952880550037,-0.0018612092819541254,0.0062193354985236576,0.0002058100897928145,-0.003150580885419155,-0.004934948906488165,-0.0051250700621860565,0.0022301092877445436,-0.0003623877645340176,0.002182580861689902,0.002232041028947414,-0.004022386172415916,0.0011432808443055341,-0.001117064233962096,0.005756892514977219,-0.00214402397517417,0.004862870418001676,0.005840652861630361,0.004609698866283269,0.0016041531148224047
211,0.017953491890887706,0.06653166211463342,-0.001557571686577624,-0.004776999062768341,0.00017416583577735715,0.0009117815400246084,-0.0059535834696227835,0.0028273500603979832,-0.013468185510819432,0.007561290133791564,0.011458934745678499,0.0007541150821769991,0.003604300160423984,-0.019283400400484846,-0.007868412942063679,-0.0018865600149151436,0.011101906291958173,-0.0039765903865387866,-0.0008979903580782369,0.0031895980863674896,-0.0026946596057135378,0.0006748099991166929,0.008211828677377986,0.0035401350758709474,-0.0006575697231438752,-0.005124413788081098,0.006700918771332571,-0.0003324817574340681,0.0072528699880878775,0.0003152833401300398,-0.005505910029165462,-0.002445853446398429,-0.008496372125390759,0.0048344070971295065,-0.005491325737510752,-0.0026085291736766734,-0.005176753046247931,-0.00841077376659349,0.009622466446890932,0.0037480409671090064,0.00024992686085550123,-0.0010990241027616881,0.0023062770932605376,-0.00528668885213609,-0.0015188957171780825,0.007954616166194625,0.007373559011762588,-0.005055207310630061,-0.006688208101090144,0.0018820068214094913,0.0018276902853824144,-0.0013291201906806198,0.0017613249309330718,-0.0006906927651740292,0.0010851388792959362,-0.0034476760747469007,-0.001428574558066322,0.006350928589383697,0.00412618925710827,-0.0024188152345287163,0.005813197177389233,-0.003191087492785015,-0.0048492595709452085,-0.0049549887032085335,0.0015395984817844423,0.0021308104078401587,0.00021973478365222337,0.0003378903926236368,-0.00032570655179901586,-0.005065109294065226,-0.0037102023641809342,-0.0032444822337345494,0.0019218567777055159,0.0003156136480227283,0.006427805313167515,-0.004049278391259766,-0.0014116526299388912,-0.00043762086945592203,0.0010649885264871566,0.0018659218258114305,-0.001975627630965181,0.0016395230555122271,0.006040282762727306,0.0027731780078422614,0.008602688706222082,-0.00558535249300876,-0.0034782124087619428,0.00323148937467738,-0.0001436382924403093,0.0004733622446637183,0.004931271172350798,-0.0009115712440391277,0.00957576623756285,-0.0070132398119181864,0.00012039781337190796,0.0016665899427133692,0.0028212905373965077,-0.0013785257505378864,0.0029901148095370232,-6.968217826929681e-05
212,0.015618178945528803,0.06891778026763011,-0.0013902460494014967,-0.012370428324108276,0.0005779401350191834,0.0009458419615045919,-0.007671340916907985,0.002093850782809852,-0.014601781791906325,0.004623830764134092,0.008210218508589799,0.0018425247198508078,0.004550495560370144,-0.01613844531882576,-0.006685606268751405,-0.0008282308039765807,0.008454038292476845,-0.001563948733068786,-0.0008088325023259598,-0.0005947292439858071,-0.006327867119387491,0.0020291534407412696,0.0024633862075086536,0.0019407805585648506,-0.002179756437347506,-0.001832850655692048,0.005498125369340754,-0.0010117462528176648,0.012846696494483582,-0.001296191384154844,-0.007669725275213129,-0.0033194263843739887,-0.003719858786699595,0.004309172285123056,-0.004103815370955183,0.007384449595845637,0.0003451159820547172,-0.008729558332785917,0.005712706225503101,0.016621316261158158,-0.00445169254241909,-0.0014964314886482086,0.012741980769640863,-0.008397533169887192,-0.003343333057411177,0.000986992292716907,-0.004151881605212154,0.001206180065947162,0.0015709851791066566,-0.005201060025171469,-0.0004208382346623128,-0.0047171581377062274,0.000745352869072108,-0.005791313532704232,0.0026422959025958403,0.004177195348405222,0.00854180840321058,0.006781560488734258,0.007124262225925098,-2.5710335475058316e-05,-0.004419040012057726,-0.0021520690057029073,0.006955434025906669,0.006880721397029094,-0.0033888615992333096,0.0035544800195336933,0.006742076962934838,-4.158324126390474e-05,0.008177296386200046,0.009252374454491216,0.0032755684092663313,0.007119822920048987,-0.004346130839513251,-0.0005264716433335126,0.011862022511380478,0.0016324702891259639,-0.0010785682378974953,-0.006458479733219206,0.003765779591300931,-0.008898830992329616,0.0018119235361924212,-0.004699802602931247,0.00988173965465397,0.009107209416252508,-0.0036174317569149864,-0.0050538250337852485,-0.02221124269879525,-0.001516597559103719,-0.003309354483326447,0.004774231398887969,-0.0023004632631689107,0.004983083321607275,0.005484041747273568,0.0002463675835419242,-0.008753888773111508,0.005816628335060205,0.009063330034282273,-0.00116244604015913,-0.0012881518048298306,0.009774025789242436
213,0.014747568054466127,0.06920244984616872,-0.0018315080934305401,-0.006502855449581947,-0.0023157459778356377,0.0003850856955120999,-0.009034188018975037,0.003754612462405204,-0.014257591134724627,0.009142817407014203,0.01050647249129072,0.002945223287275885,0.003233412165515385,-0.016817172208327354,-0.009686309697559159,-0.004041175879303032,0.00988205145399217,-0.004672492958406216,-0.0009906740339681297,0.0010835007157924354,-0.0015395769400688923,-0.0009212116698804546,0.011876724299485393,0.004815583678795012,-0.0003031604274347957,-0.001206866454679864,0.0017189290217583166,0.0005150707482853086,0.0013630335776796895,0.0023613126750791566,-0.0002959907054828073,-0.0010394449523894876,-0.010124115634931244,0.007159986393078928,-0.01590736177781634,-0.007586432369619048,-0.00968480326802513,-0.001596445770183313,0.00041922749348002945,0.01051611042072613,0.005289953738425746,-0.0039291442122552315,-0.006561847385465468,-0.006709720192577661,0.002184339895025004,0.00255240804615728,0.005114068832845872,0.0012969749008695213,-0.0042658091499714786,-0.0016282512530169028,-0.0028540099910207015,-0.00309498409775481,-0.002400962572754712,-0.0071351391199184185,0.012509001233821211,0.013021286155466162,-0.005462847487768318,0.005115598672501081,0.01585900101807637,-0.0018209873366368376,0.0026910373133695645,0.003948162626619106,0.0027524359212517573,0.00595363332520966,-0.008983858332107818,0.011665707772378478,0.0009821247540362553,-0.0027904962135700115,-0.0032078027389703533,-0.004102544226931956,-0.005722060078570382,-0.0076360391282351125,0.006707954298163186,-0.0006309446283265898,0.0019354175534189515,0.002121918496127691,-0.0030184186547527955,-0.004269789443128601,0.007341220159226896,0.001891571954819033,0.00013018062526955134,-0.0055747604618680896,0.003428759490427431,0.0024188102268334916,0.008245639705215002,-0.0004941163989439553,-0.00530893253163246,0.008558697642144545,0.0017172443691172309,-0.004258469562628494,0.00493373396705082,-0.00988885730590963,0.008705055696578931,0.0036820394875267176,-0.004662839505501138,-0.008160126114548817,-0.007181635850916155,0.0037437232377201747,0.011482194357350243,0.000624076057465074
214,0.02009989071519182,0.07184703507147423,-0.0016811022566566663,-0.006724535989692305,0.0004620836105196235,0.0006709369990010287,-0.01022554675779205,0.0037447411342392987,-0.016058068227674676,0.005964824816203168,0.008661883109861056,0.0009367741152724463,0.0038262601620117037,-0.018880572628010066,-0.011165395701696402,-0.001309868204731251,0.014194989330081934,-0.0017051248733391336,0.0004496316946600601,-0.0006952745552548332,-0.002771860509629493,0.0018572126891046722,0.003211665675188384,0.002221155431076522,-0.0026082031478319337,-0.0025216534615953093,0.006296430739187784,0.0031052203955183395,0.0137150474763742,-0.0006647151137226919,-0.0034307030395698775,-0.005859527874273735,-0.011448430612914997,0.0017941665047872938,-0.0032921652691642665,-0.011252570852367087,-0.00020671356300947533,-0.006781858891161768,0.009843532043880832,0.004742362452655376,0.0009298332175531873,-0.003650382632255302,0.0027651426716195425,-0.012467604170289493,-0.0011879452455629573,0.002792380852110899,-0.0019348815666493755,0.0013089882089563727,-0.00017753581696095203,0.011930218549532082,-0.005577880033913197,-0.012784353721643896,-0.003213373859117075,-0.009417283044271902,0.012518981564758645,0.008507091224497776,-0.000498403155697514,-0.0002896164095893026,0.006715707188782757,0.002269766441267395,-0.004664430309750609,-0.008005619327461053,-0.004604240697043091,-0.0018429037479574075,-0.00358039572443321,0.0063554019576169815,-0.0018593371749397367,-0.006532360151704163,-0.004250466456245011,0.0012882605552876933,0.0029392123536323054,0.002799238790154422,0.0016987395921689173,-0.008130862998218672,0.0008880935588894735,-0.0033513770828577506,-0.003144480503764409,0.00020018148279405304,0.005726018019538442,-0.0037545316908815705,0.003911411376585595,-0.0029122709695107085,-0.0048130836989120265,0.0011005004997821368,0.00041283047501565993,-0.003446629416614158,-0.004238347713755206,-0.0025366432296074306,0.003983335048797377,0.000791484558046645,-0.00031471532594390796,0.001657784647679492,-0.004718710910925481,-0.0037681457649263142,-0.0008339851325812267,-0.0017104570731267072,-0.0004968023203170478,-0.0024808946498559117,0.007940083816079975,0.00038767997239979565
215,0.015708732044697218,0.07039566064623426,-0.001712560143796363,-0.009460425768549769,-0.0005692962771555701,0.002000177929326901,-0.004459780408947517,0.002983155673225592,-0.011650226662709822,0.004339097900198884,0.012543070414230088,0.003959125179064491,0.001842379608635363,-0.015535872142167652,-0.0043364322170205095,-0.0024337742154643964,0.010443890053947294,-0.0023391132912036336,-7.308438707267886e-05,0.0023076158958718926,-0.004866971856537391,0.001283224368125792,0.0035552823040170657,0.0025212746116342988,-1.780007806310271e-05,-0.0035668333169918878,0.006677289063026032,-2.1085928284976555e-05,0.01336989185308537,-0.0015775424835794045,-0.006998810245869028,-0.005563791693498044,-0.00257081830431634,-0.001718450048251134,0.0007761155146120872,-0.006314630235856088,3.086616168334674e-05,-0.007626979908212141,0.012468448419193277,0.0076957924732487535,0.005140978969397188,-0.004958704574892776,0.005149152433060623,-0.0010170558197642309,-0.0005148276362048454,0.009597022773724078,-0.0018919034303580312,-0.004738707842664018,6.643355495243244e-05,0.0012686845983268052,-0.0010519025538695635,-0.005130695860379043,-0.006412203824665746,-0.0011176915203923693,0.00048213667694013343,0.011406351248164632,0.004312892947167715,-0.0010691542955277146,0.003053958144387328,0.0064055930564368415,-0.005024700198418478,-0.013916734199501419,-0.005318313582178424,-0.0039948908117544675,0.008332447574524131,0.00018712749388764285,-0.005093255804097614,-0.002143109722579792,-0.0011682917583476023,0.005990021645043653,-0.008120788876551977,0.002044103077836059,0.008204402267114108,-0.007586237645824645,0.0013270480758591824,0.008683768084609963,-0.0052452456966740725,-0.005058350868304572,0.0011288030562909353,-0.005737161168124725,-0.00045145681420285437,0.007977099998129384,0.010068446435215659,0.010504385529162167,0.0005672609010621584,-0.0024404065916241893,-0.002834499200581983,-0.004399215962174121,0.0009263870858762219,0.0028112477683128923,0.0071330718934779404,-0.002153398931936243,-0.0034857373725794834,-0.0054959738687120185,-0.008108726423669395,0.0019051457932938764,0.004223717831794028,0.0003338168576225509,-2.1567733551638295e-05,-0.0012171281400405653
216,0.01478859317461335,0.06139940832434255,-0.0015477134638468778,-0.013429522853670156,5.8691772925432815e-05,0.002477190896785028,-0.004273055767996271,0.002357430431559169,-0.018361304239843054,0.006233500655122753,0.011951792294893713,0.0017642315768025588,0.002331276960835021,-0.02117763287073964,-0.007951321820924215,-0.0037081135625127285,0.007475543133162955,-0.0011528211656482868,-0.0008844623428505914,0.001237618350205566,-0.00612213224433138,0.0029559681546695916,0.0036171137250258544,0.0038878781282668832,-1.838434236688012e-06,-0.004807583395048433,0.00704027947521012,0.0016356185036475446,0.006074077881752975,0.0005406996767613949,-0.0030129063534020716,-0.0018018440147017977,-0.0031201508632426643,0.00043962620610294757,-0.001522790196502585,-0.0003253307323178041,0.005998400697495228,-0.006098119273860202,0.0015050215027397349,0.014915237778871325,-0.009965178464598493,0.003219952944573523,0.004083879932401002,-0.00976308957708599,-0.0007972659337065804,-0.0002093147401920763,0.0008226432833634157,-0.0023078952504220346,0.001164227626495903,-0.0012405104280607507,-0.0063307365805382425,-0.011796027644934513,0.002107340429068692,0.0011475705397778677,0.008741099794099344,0.002744267965744993,0.007631191044247683,0.0017076003220953457,-0.0027980702148794005,0.008741583236135874,-0.009637612461768433,-0.00255749015097735,0.0012224881587301509,-0.0059844660238121865,-0.004670356232172815,-0.0012742849146235864,0.0009155328203072353,0.003959481385408749,-0.0004863441601228524,-0.0007879354550435625,-0.007064803113159605,0.014063613942009001,-0.00496794088033826,-0.0030140805628638854,0.011484546193852923,0.008339905372598651,-0.0065604956312333325,-0.004872092454753332,0.0037408351038435888,-0.007866218083787936,-0.003363431303802767,0.006075234586963295,0.0069195483810668675,0.005991051786871037,-0.0012976108732381017,0.004744778195236503,-0.008717768760395596,-0.003969422583710624,0.004589927810639505,-0.004113432608912946,0.00475287220698335,0.0042609619343647615,-0.000982232899527111,0.005960418814345282,0.000324667043307034,0.016795205407958192,0.0037546766181552576,0.006028441794307792,-0.0021635820050007236,0.009304023151047471
217,0.016806653746150108,0.06918929678403327,-0.002244375619021893,-0.008436437489821548,-0.0016364574644098316,0.0008291561307105815,-0.010530189469980814,0.004107330513249563,-0.014793609528184485,0.009565866209751264,0.007810409713098669,0.00043116676164805666,0.00478602080393838,-0.020274271745097532,-0.007018038423735337,-0.0028531257567235868,0.014120268039807456,-0.0018245658173850034,-0.0002683069989047366,-0.0022823269255191243,-0.0038750500583020443,0.0004665305431551491,0.0029276966460056726,0.0027317662944566458,-0.0007761921817540756,-0.003928412165971449,0.006083714827179685,2.400303350326568e-05,0.013970901574549433,-0.0001806512572127293,-0.006214584242417983,-0.005246718631256972,-0.005506273755524456,0.0004174524233451387,-0.004530971761259428,-0.01235673171283699,-0.0027079761910174124,-0.007280873560250625,0.009930745230108217,0.004002161787426602,-0.002049169083544006,0.0041327585098590676,-0.0017948497346762988,-0.00456614044359716,-0.0009437152828462988,0.006184799593793423,0.001913615618754601,0.00018441686957121884,-0.002296102502847301,0.006666479904171034,-0.0021906166995435015,-0.004502333656190291,-0.007710007710276332,-0.006248770628498084,0.004439114841131299,0.0011189468100045077,-0.0008257697367338955,-0.003960863716769559,0.004742754885328616,0.008261964372252397,0.0034128594087917043,-0.012762735318899621,-0.0007528209798238313,0.001516092920380127,0.00123037637889138,0.0004379605471104518,-0.007880275558107424,-0.00351500893266235,-0.0036925405778844506,-0.009216701161587496,0.0012224930102496326,-0.00329301683796966,0.004039333421063485,-0.009515062261790488,0.002439385698681758,0.008020283273265037,-0.006119221895975327,0.006889374194188684,0.005173668209225081,-0.0011794550808105356,-0.0057199817502476364,-0.0008482197611091812,-0.002837652455176862,-0.0020490636855868103,0.005702287156576413,-0.0074859585463272595,-0.0010904033077044641,-0.004560345500281447,-0.0013325074207237936,-0.0027240465234936394,0.004298002328648973,0.008199044109166675,-0.0001020899248169319,0.0057356786753567255,0.0051709685701124474,0.006263861664761509,0.0025426329566700986,0.0019431592416511735,-0.008569806668575881,-0.008098337388344602
218,0.014220553361750845,0.062464397601948884,-0.0011731116756570643,-0.006687676564488087,-0.0008344232860538997,0.0008747905781945887,-0.00903269529499823,0.0021981222987536306,-0.02229173808788156,0.008630744417947159,0.008557221513085932,6.149101531273511e-05,0.004205011374781413,-0.02366049122220941,-0.010131909199530335,-0.0009226792497966074,0.013580228622581911,-0.0015491090116353425,-0.00025240402591385496,0.0011627961384345503,-0.0064425170938036905,0.0025297390252883565,0.005177691203888912,0.005008947192972619,-0.0008677140643765303,-0.004844690409744048,0.005811925323963873,-0.0012435484823231902,0.014550755206656411,-0.0009736621527423377,-0.0046540920074681314,-0.001672898783874025,-0.007708909773440297,0.002337029512955945,-0.012873485782992888,-0.006785805398620061,0.010056702203179568,-0.010013122961539193,0.006527484158555982,0.0009597786432156694,-0.0009767073457519029,0.004567219149963904,0.0036824208302782854,-0.0025191507841933647,-0.0026991103535595304,0.003522739062865211,0.00391113626964392,-0.008089811211028926,0.0006755229705548307,0.0036759888537328993,-0.006777149740945575,-0.004093357934227835,-0.000578986059094168,-0.00042460443071911936,0.0007009254759923611,-0.006999692589737743,-0.006385373369497936,-0.008772201623617738,-0.00491002151273485,0.009858622431531818,-0.0008998122903743218,0.0003321401259239723,-0.006579999379771267,0.0022095927832509934,-0.013550515676156281,0.0025342558374575443,-0.0007981910021212674,-0.004902564409535197,0.004724803758583854,-0.011069611564777333,0.00853942990387071,-0.002440734566142599,-0.011190509913228864,-0.0031459391301361965,-0.004178324404454722,0.003120802086108808,-0.011583774533986142,0.0028048602187628457,-0.0005417717004645832,-0.007437810650111238,0.0004321658992564223,0.0016448581738664144,-0.009473915238594918,-0.003548364942287922,0.00040532992087890466,0.0002731425841593311,-0.002794580666558252,-0.005423928930579411,-0.0006671157971188181,0.0012265796843754463,-0.004148773223102893,0.011000854741752199,0.009824471442753174,0.004956390413412052,0.015806644634309034,0.006055758163797015,-0.0010204682498068432,-0.006846349494566499,-0.013125938185282855,0.0016544811184336324
219,0.015242916622547563,0.06723155346430044,-0.0022363176144284637,-0.007726398498697552,-0.0003794404913388639,0.0015828744203946012,-0.0069775685617316915,0.003909922030722681,-0.013507534087714494,0.009007051635812112,0.005660794043653028,0.0014779698703282706,0.003946738151660323,-0.018507612417036984,-0.006707699840046332,-0.000482485192934026,0.008797308893019681,-0.003362122109328198,-0.0009220282694041951,0.0032219711796706895,-0.0067843758518811225,0.0025989478898795176,0.00668497670137733,0.006602276479622337,7.144598968246762e-05,-0.006932794106223448,0.008118440509805156,-0.0028521924892764886,0.01225376116372229,-0.0023405968990837457,-0.007205486209751519,-0.0007152258179518376,-0.00448081630020489,0.0003876785276243262,-0.004957633163713545,-0.005428945217854478,0.005302038322540238,-0.005685029585157513,0.002956301112399192,-0.00039698736202044884,0.0004884078364821977,0.004206281935584423,0.0009357781495830397,-0.002262187339627572,0.0019597092459123886,0.0017862597495077758,0.011802451387344589,-0.009855033644038188,0.0013772574544502632,0.0026474435809676912,-0.0037557936642686855,0.005181923523473903,0.005413970275014125,-0.0011669861003915363,0.0015699687695867408,-0.009082110116509057,9.539250859859801e-05,-0.005689373706170108,0.005223118958782418,0.009304596897740658,-0.004557455745341005,-0.0028672200633165644,0.002108921860802312,-0.005076822654230514,-0.005890229229958071,0.005139382699939794,0.0026215122512000728,0.005377454312504585,-0.0023297125686962865,0.0007187364576562919,0.0015705452920594114,-0.0004252546976152307,-0.00019468699456177748,-0.0041337855270012795,-0.004605977438836867,0.01450243797809279,0.0006883713079809817,-0.005206981934831891,-0.0005117099164919568,0.003697669129202795,-0.004384656739291431,0.0018265748004377643,0.0008082791689174766,0.002136814953527551,0.007057189305657745,0.0004012754424434807,-0.005654005163105514,0.001062264355316739,0.0007925086838261316,-0.005857087496750701,0.0029354307218777717,0.0030581834131811476,0.0005746184997877924,0.0017023016140279834,0.0010161283568081239,0.004241200359165377,-0.002905069275344246,0.00216722575036286,0.003373925940074642,-0.01000486667184135
220,0.015582007544400025,0.0629569347700962,-0.0015995050503478175,-0.0030330472647723482,-0.0014075591909071773,0.00035114160100764596,-0.00916571914375397,0.0033298315129850556,-0.01593134221635691,0.007307263728183035,0.00448327802286739,0.0007513954305585273,0.003804687926269199,-0.014451302226532722,-0.007349389277245746,-0.0016062660877146232,0.014097658045035256,-0.0015113992027629545,0.0006335458909079466,-0.0021797248387882898,-0.004249123821325125,0.001816667396089031,0.002223622876605881,0.002840640694715392,-0.0008367998491910586,-0.002227766781525631,0.005435741681392911,-0.0009645544431013653,0.017022380574171426,-0.0020586376200342972,-0.005538447292100113,-0.0009769295477092869,-0.002826763406456954,-0.002099482476036394,-0.0035459988577931515,-0.006626975678425755,0.00545898248725854,-0.0023158410155634714,0.005176098975301981,-0.004581256916064595,0.0059075294395401915,-0.00310438571963209,0.002725963676408324,0.007358999633117032,-0.003956133426223164,-0.008783186615638807,0.0006333115906535544,-0.0028661006649023137,-0.0006976325698981579,0.002832644686217166,-0.0038991173628626754,-0.00708069579476907,0.007218348743669367,-0.008743007363146175,0.0071252259404062015,-0.0005101819915573757,-0.0022381109861059345,-0.008768004999237635,0.006413228734040275,0.0014604714140465105,-0.007915570561344431,-0.004891457310186409,-0.004837737105245547,-0.008009943935580084,-0.0005303226601356141,0.0025029043626036856,0.0009683716383674939,0.002933243183997415,-0.0010919047997320203,0.006090812525917318,0.0010380103924808172,0.0013086487703504613,-0.0003529094359514334,-0.0005833847069172541,-0.0048517823098511515,-0.003217420050577177,-0.0033159608661523193,-0.011403678115681354,-0.0038514247944288604,0.004184615427419054,0.000312158005380719,0.0011803153961727987,-0.008580731657065696,0.005344482385652496,0.007548968485567064,-4.358729444318388e-05,-0.0019119941012146295,0.0007940949796956396,-0.0009605160889399923,-0.006104020941910206,0.008360852744402724,0.000832058868893209,-0.001857284231886343,0.0009779026908735503,-0.002959793195040135,0.0017918273539122094,-0.006449975897793596,0.006898995334678439,0.004837421037756701,-0.0056772062200376675
221,0.01182810647783999,0.061470424648389914,-0.0008575679549556874,-0.007992707984960365,-0.001306881540391556,0.0008879420237475155,-0.006404358642637696,-0.0005534149728508996,-0.012152863320366414,0.0034622951646563213,0.004240628788968546,-0.0019483273753561742,0.0036705715976477894,-0.012492431084539376,-0.004882963021797472,8.183928996648557e-05,0.009959354218908409,-0.0008102350065726468,8.860464104116189e-05,6.0303176378956317e-05,-0.00496305111531866,0.0007123091678682135,0.0011055803720162692,0.0022821722643513957,0.0007810752269563087,-0.0018659178847309826,0.002352744441350719,-0.0018899219238420145,0.013470851253044657,-0.0012338597433708919,-0.007766117841710021,-0.000624070208255048,-0.005956841703869643,0.0027331893776638733,0.0005129914633270363,-0.005166509865742009,0.009548688776734135,0.0006576764553824578,-0.005183418133912034,-0.0025440978275543514,0.005931819648617669,0.001133326204633268,-0.005547191984597774,0.0043124235917455,-0.003938029753379429,-0.0012237852319795202,6.921973924090357e-05,0.001686217408388747,-0.0021104552368579376,-0.0011632666638252257,-0.0018940898006733287,0.005838586967723916,0.006462695064310859,-0.0028301513822035686,0.0026326539278197585,-0.005097045362946812,4.8633334624537125e-05,-0.0023518096122024565,0.002232980483908619,0.004162843316569102,0.0009955083162455013,0.0017966780011704265,-0.0010308539507796106,-0.003816181969481312,-0.002630286532188249,0.002660747632280081,0.002650324786159366,0.005957962776550909,-0.0011635217608844247,0.000821582114300257,0.005706932691129003,-0.0007597887612039452,-0.0005686530088748978,-0.005129958070727307,-0.002057989394920315,0.0019018093215027914,0.0009093668923494123,-0.00759910212045517,-0.006371942012161376,0.0061788876329518065,-0.006037684286901589,-0.0030513708255351696,0.0016270741678802536,0.004782028429078779,0.00424934731576627,-0.00366861966091798,-0.005048523090050795,-0.0009269753334372837,0.0021964274983479054,-0.0008162454409549862,0.008597090724657173,0.0011517146358402213,0.0013588388668979159,0.00015175777987368915,-0.004963041145722482,-0.004806834690867654,-0.002135887455222214,0.003215895827319837,-0.0037797189808418514,-0.005324818066157492
222,0.016895047438576158,0.06908726431484846,-0.0013365460612834294,-0.0073891409082481,-0.002737783352757799,0.0013978456740630129,-0.012054960340228751,0.0011782286011565617,-0.018758071961080095,0.0070525634919951135,0.0032984010260413772,-0.0017634076188966469,0.0038876915643361295,-0.016496534231786153,-0.007497255875548075,-0.00034886496127220853,0.012833634968138538,-0.0016553420911590159,0.0010709233800073412,-0.0018580486084080832,-0.006040845598312951,0.003209879390699271,0.0003017146776257742,0.0005496128140430529,-6.311436757386924e-05,-0.0013051591397961163,0.004297531313448716,-0.0033723339330679804,0.022989785441344227,-0.0018629898294743842,-0.01054696616433602,-0.004224899033175306,0.001314773313675453,0.002330958582758299,0.001612271210936141,-0.005862305785928029,0.004987048467117443,-0.002950223461002644,-0.006909576714436322,-0.007124567232992533,-0.0007659016939742976,0.005949692396269443,-0.001189224566735565,0.007142147964176438,-0.0044851826596780525,-0.0061891252933855825,0.0006717490467405277,-0.001527282316119639,-0.00371528151136586,0.0005886350218222139,-0.00498260833829223,-0.0003596020251092783,0.007011949073169496,-0.006549453474779526,0.004675931466358218,-0.002004649191452094,5.2711879235060156e-05,-0.009134393319563356,0.011980112645096406,0.0016538411335775272,-0.012376994600901128,0.004973557440321533,0.001551945011961493,-0.002000242904505378,-0.003437788580918888,-0.005288791098178805,0.007774375615375384,0.004187719182557034,-0.011030538459806583,0.010373369866620984,0.0041501418869968176,-0.004419547280889919,0.001094957377368318,-0.0014086115205208642,0.0007455496415306649,0.0035017444610069806,-0.0036175945929428754,-0.001462808952175461,0.0016105548423144007,0.007102596119032045,-1.2814521074940564e-05,0.010791239265167122,0.0057341978620784155,0.011706554176373042,0.0040120268102247945,0.0023808379050734314,-0.0062079794343953675,-0.004864892066349716,0.008064224967264876,0.006450845100537221,-0.0001464107995814239,-0.004546063642630739,0.004234694348367473,-0.00012261383347729482,-0.0001589461961767293,-0.010810094855133432,-0.007194984023065902,-0.007140734818093747,-0.011192565808277608,0.00038455115066939565
223,0.014959562934151028,0.06479324729299259,-0.0005690276543919404,-0.0035495030352997734,-0.00448497943383924,0.002103911941233228,-0.010068822372593654,0.00034046628947097105,-0.019606306193078654,0.00658571399147942,0.008349075413347687,-0.0007051149512871244,0.0029402802163910244,-0.01877104331672577,-0.007156949300924649,0.0010699570878650632,0.01278609185534961,-0.003142788122154646,0.0008450193383185596,-0.0029857993477232217,-0.0065938139060890575,0.0002452598705133968,0.0028268809431666528,0.0018951944517872537,-0.0009846307707461486,-0.0008107832476091432,0.005878610523719575,-0.0036797482892755085,0.021926794335850958,-0.0021072150261113353,-0.012181984871124362,-0.003700077754286368,-0.0020760835246500108,-0.0004233948695792609,-0.0035504764863727454,-0.00633980367019561,0.0006799279779608134,-0.008288485544532546,0.0005340725793578756,-0.0012459895304708416,0.0014357110607418682,0.005284018479752506,0.0030209662718300406,0.009438763774452361,0.00045457304699807053,-0.004452313105014552,0.007151204940281042,-0.005230830421690515,-0.0020963488265754626,-0.0019931767214786253,-0.0010627278886715143,0.008614954730247771,0.003730832425213674,-0.005700786288258727,0.005142624481809773,-0.005498773535791335,0.009400062364213754,-0.004752358575618692,0.0014394597442502742,-0.00272826144996552,-0.004462439498436181,-0.0014102883656603247,-0.003991065593691141,-0.010233383844593909,0.004809338281376948,0.003839836054596673,-0.004014902476706684,0.010700312756673653,3.643794296831438e-05,0.012774741602739973,-0.005681039572229938,-0.008179391268257974,0.0019320177347413973,-0.0014995262288708964,-0.0015644239214816548,0.008177065329455366,-0.0028536741948715014,-0.00819996544506206,-0.008387340092537766,0.010613142133266511,-0.0023194958361869786,0.008993277036329914,0.0063496569124652305,0.006295650240325379,0.00711199522052385,0.005590066594461656,-0.00027941768453020174,-0.0012820489665703722,-0.0010517760067471071,0.000992225167601397,-0.005675318184089453,-0.006119602533674446,-0.00879570228891078,-0.006095736566107813,0.010421854299005636,0.0006011122050199117,-0.005578771525521342,-0.003801169405151623,0.0034822175849785635,0.003153558640213152
224,0.013703332809890629,0.06798600170859274,-0.0006789312975282285,-0.004285751889619446,-0.0014654825946939427,0.0013354403650166422,-0.0072760737710534824,0.0010309152071306747,-0.021161086064847266,0.00524878471525445,0.007294671366471049,-0.0004617540023453402,0.0047216603456168025,-0.02008415833983937,-0.006733532259423742,0.0023559956261609673,0.012741092970265266,-0.0013733305926781174,0.00041808626463956007,0.0011363681071136931,-0.005443211532220378,0.000400781967371437,-0.001047907359518666,0.0034787496205547653,-0.003370305137892704,-0.0007424316006345865,0.005221795780923933,-0.0017789886216781246,0.02012009488525074,-0.00043517149091987386,-0.012112168297868197,-0.0013556028327552808,-0.002987487485626388,-0.0009415724686265943,-0.004418104149232396,-0.005759393622615833,0.012136240990274674,-0.007964763079620338,-4.0403965847229045e-05,-0.003471784514918004,0.0006152117856455923,0.010344887661561629,0.0053864505064216295,0.011810665014869097,-0.00842909853891887,-0.0019876033193622347,0.0012215419194866255,-0.0021497762112640552,0.0076801521080333895,-0.0043967279992909065,-0.0070662784435833355,-0.004856421847742048,0.006453734827369255,-0.002272783103978168,0.00042363288011713153,-0.013491577646487337,0.00529570328467245,-0.010728647251345983,-0.008074921625814998,0.005016506813717047,-0.00696710700645521,0.0013104238449032142,0.0013007679680703708,0.0033975481529101813,-0.007165512938786394,-0.000455948438686971,-0.0024266499946678493,0.0020692486315452454,0.0025534347765588136,0.012596286059406145,-0.00844203877492918,-0.012638000144431671,-0.0067348348440448205,0.011667565556697967,-0.005524650382053639,0.007923538264513202,-0.011755940031026962,-0.007356575140405158,-0.0068881389837461586,-0.0031427253048876684,-0.0012977753663716007,0.00910723146736908,-0.007680151064969176,-0.0016340962932243944,0.0008047491167459742,0.006329901635732736,0.00442970758196132,-0.005207226385960545,-0.015015675573825625,0.006617338379071791,0.0023759086357201245,0.010683370129920808,0.004747872258240478,0.0009104217739173098,0.0011557050376894606,-0.006380781684121314,0.0048706230055284684,0.00878856163409491,0.005067067744207569,-0.0041911138910173664
225,0.017271096234411497,0.06670167519474628,-0.001986133785823986,-0.007366834800878152,-0.0031268308803302195,0.0039499605734052345,-0.008651132240010502,0.0005570807670351254,-0.015921266436405356,0.005901308147467388,0.004446937495020087,-0.0004697307997129483,0.00228830375651354,-0.013226302977075485,-0.006737141813793801,5.2634006465154195e-05,0.014228826593923119,-0.0017930694202834272,-0.0003709009057632132,-0.002542642658990043,-0.004556858438109875,0.0003207387868272019,0.003978185008405769,0.0019873158441194995,-0.0013083085498029584,-0.002548459280344119,0.003991079320968791,-0.0003137404137626661,0.014946734282814067,-0.0006715755088219772,-0.009249037759115314,-0.0017254018401790102,-0.0031739708818510452,0.007167774183945894,-0.00339569878497626,-0.00884108714628146,0.008066667357037474,-0.004563132380090206,-0.00047498308891714985,-0.003578150877797797,0.00867635538737286,0.0018021352569579194,0.0009529563635379239,0.003842220504876347,-0.0012681440968734992,-0.0006697856687256177,0.003084820974934987,0.0024297243112066922,0.002044097788934308,0.0060962722537874145,0.003630217100701374,0.002066416404256709,0.007939793494018552,0.0009534608664646667,0.004941810225738747,-0.009870012567740841,0.004151645630281663,0.004427043932492515,-0.007455508200478083,-0.0007778476045736522,-0.002281778003156882,-0.003441163604138622,-0.005524091414694253,-0.006091439031003673,0.0025687285280468785,0.0013879887706862476,-0.0015532644527748456,0.005271605150998543,0.007881036574489362,-0.0011075919993675382,-0.002955996607566803,0.0027923397560157023,0.0008924893181607142,0.00011948802265547569,-0.002154891826687647,-0.0030617282047653706,0.0012399402462640449,-0.00608632916982246,-0.010475754321389533,0.005015369270064227,0.001577278144309875,-0.004592960331756888,0.001001901540841098,0.0037719949332933496,0.004869043958876608,0.0036066757704665713,0.009240577538764597,0.006797426308609379,-0.0020337050934160195,-0.001435888444994293,-0.0016763871023852388,0.001578134066603628,-0.0017623914588989864,-0.004642444873217726,0.004188289549396146,-0.0028111684738490145,-0.007687752193128275,9.324892611989758e-05,0.001382751636188892,-0.0067562678550135745
226,0.012937123741764233,0.05996211484138201,-0.0016015160198532387,-0.004212579270074428,-0.002518229202898183,0.0035402763508440493,-0.00584622233038876,0.0014987455232083275,-0.016864934715837627,0.007610779950968591,0.005964081520070305,-0.0004068039986512723,0.003278602364087836,-0.01864374937184903,-0.007340001860279358,-0.0006116356331883107,0.012756877725941746,-0.003772481850782066,-0.0006283720619775902,0.0003847087776686786,-0.0035951097364012477,0.0025273413071819615,0.0009253004743584725,0.0035375507432571876,-0.0013101770200029596,-0.002700796305344545,0.0015655011733804857,0.001563897585463633,0.010887992466280002,0.00011186995259926785,-0.007569090677853423,0.0025388602532866963,-0.00038544370576233975,0.005193419637229175,-0.0152951526284931,-0.009298535483130647,0.010068849662700437,0.0003318311297810202,-0.0018299787599057483,-0.0015617838775420887,-0.0004535163568822377,0.006068453071502846,-0.005502991393511761,0.006930175041700837,0.007915987900735676,-0.010281648747115521,0.0026502294266534977,-0.009167293457304859,0.004512269810872152,-7.816753434375146e-06,-0.0004351763764539277,0.005128529963844999,0.004837060817392462,0.0002806227977182504,0.004393174664108383,-0.01101157513536512,-0.002218093369729165,-0.0026191595322529403,0.002266062865817991,-0.004883089223409651,0.00042086066090109617,0.002972911607048456,-0.003145108442907996,0.00017874444937646418,-0.004604549835093375,-0.006865810011860689,0.0013546131405780238,0.00111982525449112,-0.0002258858332237071,-0.0010161476221280654,-0.0011669807018236085,0.00328185708346461,0.0022290405261099966,0.003141977555495788,0.005851421729296191,-0.005881039165609671,-0.002421251806528081,-0.0008496940633023076,-0.0009881355240481842,0.0008870250033365264,0.00790132797061279,-0.0015717229419687443,-0.0022516703520056016,0.0044687598629619225,0.009490593491723855,0.005208666012321564,-0.003717221449634424,0.0024713897052519884,0.0035734667670225756,-0.004321614032323378,0.0013548613108055742,-0.002029290836353564,-0.0024858137775515313,0.00030225535775611556,-0.007584169834942346,0.003242713664882132,-0.0037099615027531125,-0.009605948098382696,-0.001198531109025287,-0.0012049803980958972
227,0.018076234150446225,0.06616154056363147,-0.0007739795447353994,-0.0021531967342417954,-0.0024567434625765087,0.0011994416790653284,-0.007793592414356185,0.0033110784329043134,-0.020346960741395848,0.008532382478328576,0.005706861881776527,0.0008838290842664309,0.004496135003484834,-0.01669610587864353,-0.006858965438388908,0.00048703640160699374,0.012564044728463751,-0.001049520310702623,0.00016034216193442128,-4.8645313233051204e-05,-0.004980627615735618,0.002394779837687874,-5.485931154695455e-05,0.0012248337835327437,-0.00029910777197604327,-0.003503252754775449,0.0015798799727825036,-0.0011763974120610721,0.0167032452515806,-0.0007167099745569974,-0.00992939319779547,0.0009305139485531117,-0.007344058470454555,-0.000556168207011988,-0.00821537188899977,-0.00981945150416903,0.010271651901365995,-0.0017936916124197716,0.004065109970407821,-0.006722097337147382,-0.003468738742640238,0.0034250198078206165,-0.0010854729204926104,0.004941855844387894,-0.0012647222928303084,-0.009018253989649531,0.00789857406682231,-0.005531370629823785,0.005229021435290397,0.0022080642909559954,0.0015250564080214384,-0.0013555144983122375,0.004241588012792343,-0.002608545330623159,0.0030777047722394444,-0.008919680828152511,0.0025471718017657345,-0.006929372073773645,0.0005794432837238253,-0.000415302703756337,0.0010007506634142208,-0.002101930444383323,-0.008000648224274348,-0.0014457040307785337,-0.00414901611910651,-0.004574140444839012,-0.006592813261358673,0.0018299927158770396,0.0008107084860999686,-0.0009766666742955885,-0.0008294473651780141,9.019725828189581e-05,-0.003582396640477153,-0.0039002505509717796,-0.0029271686096800087,-0.0008362683375960008,-8.70584604798998e-05,-0.002788898605143846,-0.003147144583592017,0.0023915101491286603,0.0031325877366900423,0.002510379237862101,0.0014877065929412316,-0.0037436542413138373,0.003607039209594647,0.0009128738799877333,0.013059630205017408,0.002446646431186922,0.0034501972066999374,0.002601904782992242,-0.0009928033675596854,-0.007067488761111037,0.002004214320660503,-0.007156598368594006,0.003014490007597639,-0.0004537082978198932,-0.001349527754145267,0.0010807581276416633,0.006022918296410599,0.0012309756309059837
228,0.013785623662421575,0.06558549642661084,-0.0011851707782766382,-0.005917813655139598,-0.0021193666011705228,0.0011500988985276319,-0.00685351668638955,0.001304979295863321,-0.017929921524606002,0.00492227943860887,0.00503800833508261,-0.00016124045567427364,0.0037823930836393127,-0.014835777435861074,-0.007451859238597828,-0.00018042101636897445,0.017610998309202902,-0.0031667362557363872,-0.0004358422446930176,0.00044838390103765465,-0.004853511978500857,0.0017416351203873564,0.00041222518006392975,0.0025099199255618214,-0.002013645897917213,5.129171602131887e-05,0.002941473635730097,-0.0012316941075699403,0.01780363650291848,-0.00337880192103207,-0.00933750885372945,0.00045407214315622697,-0.00329603216174855,0.008082980170072137,-0.007954614822009726,-0.004568738331673516,0.011970983857599198,0.0019012085601122887,-0.0021770198810121258,-0.005774141640165599,0.010633089574676102,0.002230910126013228,0.0006733382940202438,0.004051232310686142,-0.0027431258620751685,-0.00541707337301031,-0.004847706526709715,0.0019123350957707896,0.004599735663550391,0.0009964458832667851,-0.0011801924729914494,0.004008405063967953,0.0064778334110819685,-3.5952451878882393e-05,0.001678661825668922,-0.008559027201869514,-0.0003491215820755191,-0.0046231327624857085,-0.003437898157110863,-0.0076498056039816095,0.001874159366821743,-0.003157516473776178,-0.00405778922261743,0.006091486549447942,-0.0027987319336914554,-0.0017508444752240982,0.0036992031434220384,0.0020506329857997853,0.00860525640143446,0.002109692679570248,0.004249745393740502,0.0009463110015247517,0.002166407899228551,0.0014657812649604637,0.002621799546881067,-0.00778184623379144,-0.0009689055669391267,-0.006442407479047659,-0.0003563521948776047,0.003600683783499383,0.005573998429575286,-0.0028297238159639975,-0.002775050358174866,-0.00029704367093504394,0.0008081420483698947,0.0070745899046119436,0.00342820385243343,5.180702746959707e-05,-0.004337353415242231,0.0024644461852370726,-0.00496477100282069,-0.0001845877969336912,0.00481646062894462,-0.0013201581562131593,-0.00024657052941825196,-0.0014661243395951804,0.0036526145834362704,-0.0027301103460201457,-0.0008877816583375171,-0.0019162932117146542
229,0.014229459192680939,0.06230629829570137,-0.0007393422091442849,-0.005353831127011655,-0.0011142594277231228,0.0012432762689680238,-0.0030860729646408347,0.0022402649132828548,-0.01330338526744722,0.00409957008971239,0.010104277970774858,0.0011072669405484015,0.003053200307877916,-0.01845183880880573,-0.00516592165963841,0.0034980468190082734,0.009501186932930889,-0.0015673988381312081,0.000340687743834509,0.002971680774475681,-0.005565853032432789,0.0017069474173900111,-0.0005238878941113367,-0.0002784992533070937,-0.002019096892534371,0.00021103497104767686,0.0009638524603969823,-0.002769956198322438,0.01676746032920522,-0.001752049123000999,-0.010856013309266272,0.00043707463791346367,0.002353239982555016,0.0007642540326354662,-0.004158136772163984,-0.00498902232519823,0.012969214464687795,-0.0031050155471649393,-0.006773319370509861,-0.00010675515185385301,-0.005423349552691683,0.00471161125965155,-0.0016367079914879547,0.003588836093715831,-0.002287009299790135,-0.0055388368265988155,0.001282674385560097,0.0013949427298280206,0.0038260258303780834,-0.00312066474401738,0.001704239464233796,0.00878093058352153,-0.0036650065776632104,-0.003972826378367181,-0.003141438384209563,-0.010301253556204077,0.005832525897142855,-0.0008398737827506769,-0.0045258331123251465,0.0009386323368839947,-0.0028728629431962185,0.0051144283582229685,0.004109082334289018,-0.0018118663541385604,0.00690509021321772,0.002380261676683591,0.005453933361213403,0.0019282522755992254,-0.003453514366714888,0.006936743115648226,0.003725096530198811,0.0007186006232061503,-0.0009283359561732968,-0.004943902609530736,-0.003973704709609022,-0.0005257281946742782,0.006218789202922578,-0.0016463041105997135,-0.00024486456456839807,-0.004721061066747052,-0.0010928788605626902,-5.017718460343811e-05,0.004377560429395581,0.004275329179435024,0.0006774289753789334,0.0020688738640242716,-0.004113288096454736,-0.0017457452316624845,0.0026752719246304225,0.00023014363455604425,-0.0005205383374008625,0.002781746501387391,-0.004675876092312956,-0.004472517311851938,-0.002443065615793638,-0.0004817781036147295,-0.006712435143022775,-0.0068911082128178805,0.0073320542651144896,-0.00043288665540300867
230,0.015693034900999776,0.06362237341032394,-0.0016470228604089391,-0.00843349933134741,0.00014630369839245712,0.0010386561644412282,-0.0049421429756714525,0.002939236671355588,-0.011451066258577456,0.00525718105240901,0.008991479368505226,0.0026043167827021233,0.001988001954563326,-0.014411176133401099,-0.006386373237029646,-0.0028723147561720073,0.010886437265535842,-0.0023742719970130826,-0.0001980757571815549,0.002932970866083422,-0.004228053834053137,0.0018176298587265255,0.0001181576231463198,0.0005763784185339327,-0.0035285443734062974,-0.0006879358551028081,0.002158395849279225,0.0007838774400924086,0.007453702496123411,-0.0014388483634044697,-0.006906584760931663,0.000551768538432428,0.0015227282770913823,0.0022856739461694516,-0.004693588389139589,-0.004574121229820185,0.011559028696885956,0.0020174897750026032,0.001275508667068437,0.00259091887111938,-0.005987709932794611,0.007160492738092102,-0.0050281971781112695,-0.0014529448373262021,-0.0006705161539720766,-0.009755141830951457,-0.00439315153469332,0.002846440299375279,0.00860924173197678,0.0008596957273802672,-0.0016846204922581808,-0.003169199780559024,-0.0013029233344708853,-0.0006881672492168508,0.004352467919374956,-8.262484131321468e-05,0.0005590973827916773,-0.0014777340063215007,-0.003223110211006463,0.00042679821059531055,-3.269393749511529e-05,-0.00036372894237159413,0.0015109117155779435,-0.0047494253294161504,0.0015553923094728769,-0.0061593721492192695,0.0064991888090946874,-0.005281399154535115,0.0016218584888078405,0.007793830178096672,0.0031392687565344386,0.0033065378417416347,0.0013771151313889502,0.004170515593832841,-0.0033282528928527456,-0.0002352318498336121,0.0009585227629367835,-0.0038621757580866866,0.0008209571964054532,-0.004404397816155941,0.002076807137622664,-0.0032001950599520553,-0.0017759001678933559,0.0027935573410076903,-0.004395113688179493,0.0016714320301579224,-0.002648188875544725,-0.0004027707772318122,0.0011828538498701458,-0.00038946996489096274,-0.0018325508884460997,-0.0008218981525070175,-0.0002560833119627338,-0.00017963061059638927,0.00016037937928905447,0.0024109199437413265,0.0012741430813655848,-0.0056934012963626756,0.001138139516019312,0.0015792828769108087
231,0.015441394645895348,0.06586656140611563,-0.001381229682643215,-0.0031643107219584458,-0.002740687246327788,0.0006233219690629857,-0.005891608545034771,0.0025971753246276257,-0.013755902715585723,0.007073968160612134,0.006218732160120575,-0.00041307039388319535,0.0021409472521749426,-0.018593088106667682,-0.0032208805183543796,0.0024368634499434814,0.010254466202724702,-0.0037547308693001687,0.0011257454525022885,0.0018347448150116117,-0.005903499031866561,-0.00016981420876627706,0.00041285223870996386,-0.0005541958757665155,-0.0007808604382016862,-0.00026975385083311383,-0.0009751323676778308,-0.0010074108860250446,0.011456718433769634,-0.0019714229595595026,-0.007329011639084738,0.0012283421418308516,0.002203299047876072,0.0001081489084136913,-0.010794992841567921,-0.010906162318081657,0.015606121924628107,-0.00323394312189729,-0.012227936772090522,-0.007999603186596925,-0.0038530026318230755,0.006642387417029168,-0.01036654836106833,0.005827255336526804,0.003534113104275455,-0.010607338533874867,0.0042993248279421985,-0.0021539323115454976,0.006265644846095307,0.002950434915948923,0.005430163269183827,0.01122591534803643,-0.002303055185952159,0.00033509694990948983,-0.005266632374871041,-0.0034098823107129397,0.003128712636721219,-0.0005477483730679104,-0.0043305609259550685,-0.006178940103161058,0.006199035318820552,0.004957105211693371,-0.0001974364934098164,-0.002112745609519672,0.013259769178074811,-0.006587346476641944,0.0005209899873803763,0.0016322073473552766,0.0017109974302489804,0.0008302728056942818,0.002210231943230377,0.002837102106236448,-0.0023940852910437093,0.002721846609484005,-0.007509441989564078,-0.003071460266745119,0.00239088385393335,0.004558941718035698,-0.0016708161986832087,-0.003973252311502569,-0.003032984361128802,-0.0013560217008989042,-0.0006307592840525686,0.0010986125311456061,-0.0008901715171266455,-0.004433352269344761,-0.0005627165779107654,-0.0020096932154517935,0.0025286115654026566,-0.004181121085990959,0.0011499818249343858,-0.005389420994435705,-0.001050777623778966,-0.004630756046183091,-0.0044913526467422245,0.0015303595117187908,-0.0009682892108850091,0.0027173962000470475,0.0015978222234639976,0.001496020252921836
232,0.017305573243072653,0.06715688581494916,-0.0011621252996021525,-0.002880228195778696,-8.565339103127415e-05,0.0007961478667585097,-0.00715154509627096,0.001899343178978581,-0.016218409194745608,0.0046130113440771255,0.008449652152636124,4.0352600891358855e-07,0.0035451735804144006,-0.018684651181147902,-0.007532584856185533,-0.0009039973743989738,0.015259825698754132,-0.003453787676181032,-0.00014251223684923195,0.002954347625796886,-0.0020969692743564613,0.0007172465570867996,-0.0004690022715199067,-0.00058333529909006,-0.002428324023213746,5.128485171524103e-05,0.0015518726792790813,0.0016819235082219431,0.0164729187010387,-0.001527342592567758,-0.00952211870704534,0.0002731752841813703,-0.0032456896576062997,0.006670322636391122,-0.009516600673552885,-0.013637606323573805,0.01586238378352891,-0.002432442929563261,0.0009246756202847819,-0.0091117657093088,-0.009576754884864465,0.004768861140464379,-0.013690076351147823,0.0033233854768682305,0.006693211473965338,-0.012959580560404499,-0.007776442576194696,-0.0027357695239191497,0.01217022716101423,0.0007988622076065987,0.01291862038185213,0.005111159514815114,-0.0012647984000842911,0.010335940140196865,0.0014104332530997926,0.01262071150327162,0.00046003584006765603,-0.006869136493613392,-0.005598224185906056,-0.0037657977798071967,0.007086526900383857,0.005181339079360735,-0.016322291620164926,0.0035182289452755965,0.008541689336698322,-0.0023561352011982895,0.0070868336488829845,-0.004959255525741292,0.005943682675397419,0.002448482017532951,0.002109170927083593,0.0031183040225697747,0.002060887126740707,-0.0005955988351429902,-0.0016882258856373397,-0.0026385182038019188,0.005124457086389973,0.00757096977282735,0.00233277915953559,-0.007159350714962442,0.010238635109488182,-0.00458363150378718,-0.007492213654998444,-0.0018123435858631225,-0.002858157441531625,-0.005571100225207052,0.01845044403145719,0.0005474041091918118,-0.0033294015024854626,-0.004160404858360886,0.00667482202990873,-0.0062303356289494785,0.004534301705402765,0.0036070983439863754,-0.007098459719639255,-0.004815778738192156,0.010029276782392892,-0.00676077098128054,-0.0030512409387905438,0.009605271035145193
233,0.012120341008947589,0.06265721612251605,-0.0014817894065864454,-0.009208194405802539,-0.0029847568880408963,0.0011127027296282828,-0.004229286328119973,0.0013387034037983354,-0.011413555361121729,0.004682043421197203,0.006757252858220259,-0.001873794402754608,0.0034761180624198777,-0.017031583425292943,-0.00596609190890132,-0.0007253081454333371,0.00864534449906917,-0.0016762948698570554,-1.3765966888404793e-05,-0.002268880375150647,-0.0036354131860310535,-0.0008549630790658757,0.0012570382233391844,-0.0003796089152909512,-0.00039179036284434516,0.0006649851843810733,-0.002212291037394635,0.0004185760338314309,0.010642591228406939,-0.0003270617533476768,-0.007211153084785246,-0.003197210949086896,-0.0039226705843676815,0.0026495517728984293,-0.0016871713868237639,-0.008043849168710267,0.013238235438661688,-0.007641935850884183,-0.012087520010863925,-0.0038611666284870667,-0.004836398990995012,0.007644174444988003,-0.012460290410515813,0.0013357647249391366,-0.0009156116071850047,-0.008969458214827163,0.001656485021628824,0.004789870501458578,0.009460826431153004,-1.5219262460189629e-05,0.0018159443947723692,0.009753543196240281,-0.0001297944124564711,0.0007252910050308997,0.0012553732582322498,0.005422267609941875,0.003735637556656383,-0.0010868556488823676,-0.00348046343798769,0.004339479941132812,0.007462824910506251,0.009328600316361695,0.007742505758962202,0.0006708416653741206,0.009133299906654296,-0.0050976798399485455,-0.0020239261073889997,-0.0028485861105146367,0.0043350668741856824,0.005064766226821891,0.002230010347392185,0.001970068598276536,-0.0024056236998189415,-0.005500302836052482,-0.0017781458927999458,0.00574488132845521,0.010755599024126171,-0.0006590432767236108,-0.0007209413844942459,-0.0029284984656385562,-0.0024721452587143037,-0.001620140253492493,0.005066202053780332,-0.012646453358305542,0.0008862899551922323,-0.004448208329245569,0.00536102693091264,-0.0005885301514936748,-0.0011598907385996621,0.0033184696601392103,-0.00047601194563205674,-0.0026452632808267066,-0.003811926946527495,0.0032043869702227373,-0.004924630556264048,0.0014210564083467557,0.005733114322755773,0.003592237536051277,0.0021248953214165057,0.0025977393068171476
234,0.011894025744364144,0.061171007821762144,-0.0019565096930612633,-0.012311440145521126,-0.0014561646097586173,0.0013182018946844459,-0.006844736237799252,0.004791209629120001,-0.014519348795055348,0.006095474382190649,0.009996992900515565,0.0032987526462809834,0.004507113051509167,-0.017766118211980732,-0.007891653577255188,-0.0029908745441383634,0.010000445723956345,-0.0035359472935064472,-0.0007398839529267523,0.0012850064808530932,-0.004920761216224396,0.0019860351858233074,0.0013280807440516763,0.0013262609650224666,-0.000135419312978443,-0.0004386451454318461,0.0006347012514181969,0.0018683466675591123,0.006517636805401872,0.00011983882403468099,-0.004086816394223781,-0.0005784831448338839,0.005987601761132766,-0.0010758611819490106,-0.006261615272619975,-0.0029210642616795666,0.017775035387413093,0.0033986529520957215,-0.009557109795986058,0.0009327514852942539,-0.008954821488421083,0.010771312954588125,-0.009234062959621788,-0.001946891808613695,0.0066810373554457795,-0.013041420170698027,-0.0010687074029342256,-0.001389244272352721,0.009287900082424212,-0.001350241248729395,-0.002814931032366349,0.006225151037623796,-0.0036563331328195604,0.009659505523580941,0.002420460423292156,0.00100453625227396,-0.0038408217741190743,-0.0027527511699912193,-0.008611064039261436,0.00955280410603371,0.01542480152702209,0.006982469275973094,-0.001350043505850573,0.003732700070669908,-0.00222315849176175,-0.004946532691339342,0.006210527896452885,-0.006791278181036483,0.010235084751341909,0.0018349989323154473,0.0015142258729695527,-0.0002933202534472013,0.0006598248798203145,-0.010619745594815988,0.0071897039478132745,0.009266749540678373,0.00467436028791143,-0.004047437655387805,-0.004734240194246885,-0.00048361515802548556,-0.0029178192357352953,-0.006444589459497423,0.0038451918734578833,-0.012833969303997305,-0.00305335679829051,-0.00661864605248978,-0.00156933373715277,-0.0015075039485064432,0.004967215303789617,0.001690073582273194,-0.005252046181497521,-0.0007004562618115954,-0.005040871855643375,0.004501751144737393,-0.0007985325267035609,0.0012232417320559646,0.005765811002792232,-0.0010041897213192428,-0.012714087211171838,0.0036614881517938722
235,0.013816335931235806,0.0642992043838456,-0.0015210686351465092,-0.008255186404885621,-0.0024319689839060357,0.00160649710240946,-0.007031195211753579,0.0013708811755907683,-0.018484974420825848,0.007099150636636461,0.007838411819197904,-0.001856875834172696,0.0038625421861659738,-0.019914951108574552,-0.0083291901445764,-0.0008746974437417632,0.013536797601943948,-0.0020289988892175977,-0.0002534304699023564,0.0019818027643980574,-0.003917551685051939,7.253570417923293e-05,0.0002559628334673223,0.0008115166542062677,-0.0003246148107252059,-0.0002628833299438898,-0.00028692475801361263,0.001732214880520096,0.010161979631070581,-0.000596756818113714,-0.009330051763613333,0.001247994443717196,0.002870492387429186,0.0008590154652869658,-0.007460426626739405,-0.0030941353231688975,0.01393548213562343,0.002518121095038766,-0.01271156744480139,-0.00362800674106488,-0.004602691457344761,0.0074140983363989,-0.01058433920834978,0.0037504887804245043,0.002410602006437246,-0.009118424483393707,0.004318965923552158,0.00021571043745790275,0.005740013543785634,0.0009945149305587157,0.0026171724744882647,0.0075578590388245175,-0.004743374841560721,0.0038879494475463974,0.0015707372128629976,-0.004774490960651771,0.001369133422755217,-0.001101430573872962,-0.0008435560650683039,-0.001893467038356658,0.004853365088625351,0.005382101645567808,-0.0007426627159376062,0.006157608978480649,0.005966933687593291,-0.005552856018820877,0.0004389321195731307,-0.002488804800556926,-0.003725476517419872,-0.0031439098313437437,0.0017142868876024765,0.003990736752770795,0.0035255077181860234,0.0006978497977666192,0.001511081354919908,-0.00620086424411942,0.005437949671676859,0.005299134666343863,9.794979523100326e-05,-0.005544522104447308,0.00019557231235842898,0.0004923545227164073,0.002860540183000026,-0.0014669586419803703,-0.0010140654871762295,-0.0029976809846015626,0.0047766376051031,0.0012069199296487537,0.0042678176681577385,-0.0014494055270083206,-0.003108387216036103,-0.00346337997719414,-0.005593587917908021,0.0021545815604624425,-0.0016996354381545646,0.002237733217744734,0.000366875602606555,0.0026240885813412678,0.004248769723439364,0.002402669926982667
236,0.012949328131329497,0.06212801375706099,-0.0012319937375499556,-0.010733809758148506,-0.0010441917240333117,0.0015642257202269773,-0.005907464485513343,0.0013962468407198384,-0.01574562272487751,0.005708190220697735,0.012903782097279607,0.001679922707721163,0.0016573016779531154,-0.021102617194027312,-0.009982309831494406,-0.002664267957174762,0.011935361675580678,-0.004298378005088755,0.0003942832830662348,-0.0005594686587916069,-0.006959030254469351,0.0023723520280448888,0.0016271786971318975,0.002218808005701908,-0.0005894074038566217,-0.0018456925447411802,0.00261074637244896,0.0021528913576776823,0.0065414347582258125,0.0004618795839074942,-0.004980918440162713,-0.00020501848103010313,0.0027488039126638635,0.002334324610362227,-0.0035890951113636605,-0.004255166122202753,0.008621580423248015,0.0030939666400014226,-0.013744260476478766,-5.339606583009805e-05,-0.008042147638649215,-0.0020037983522825206,-0.011900891432924002,0.0028187546802348126,0.006923571702183579,-0.00910892098398287,-0.0002697757432628373,0.005382035389046406,0.005242049770646293,-0.004597741706769862,-0.0008011908733597946,-0.0035777356758159816,-0.0058389185689004695,0.004937067695667463,0.006171105324779282,0.0049962633632987885,0.0007824088767278921,0.005708555412710181,0.009410006862603045,0.00018610064176325186,-0.002578100825375509,0.009249317126598607,0.006242828071256916,0.00097915853642561,0.004993697447671771,0.0007888652268196227,0.007811753725061731,-0.0033995816003983075,-0.004608179675424313,-0.00423640355451581,-0.0022543196471663447,0.002271397531064798,0.0009145511633738044,0.0014294535479711116,0.0066149810894124954,-0.0032261709267827764,0.003030755256395932,-0.0005533528019911007,0.005190476740196957,-0.0018165107678054188,-0.00034161922028044957,-0.0011218033397428482,-0.002666195547897219,-0.0027718448530948286,-0.002522490224463426,0.005417002785405688,0.0008373358134676582,0.003546810545595938,0.0021205941012667497,0.002470376512454203,-0.0031367038323442046,-0.008894133723983295,0.0006500627787752994,0.005986658912926357,-0.004463807422928835,-0.0035665218906816907,-0.002372283947123394,0.005596816059117332,0.0012827895955911316,-0.0032419021237190017
237,0.014803061847949868,0.0628583625277565,-0.0013462617273626162,-0.006368087023104258,-0.0010285172303182574,0.0017219776476924348,-0.0032585589918465727,0.0016772607632650695,-0.019775186983170757,0.01019511861715316,0.008610550319747886,-0.0013602619647534744,0.0013294679907658205,-0.02072123441404204,-0.009796644152243815,-0.00010401325845509516,0.013910848907357191,-0.003907774506676623,0.0010905036274749837,-0.0011707125679073576,-0.004633067616204445,0.0009315694836907598,0.0009087167859618083,0.000548855247839473,0.0022993003675141517,-0.001221838193746776,0.00038540174998310655,0.00028619423380784725,0.004734459832108175,0.0003774186035279456,-0.0069787025557561146,0.00299515146985006,-0.0020704091203649455,0.0006124695372170041,-0.012496365323510896,-0.006264576682360319,0.00473515698426893,0.001732070276124464,-0.00909357753455144,-0.0016958686461844216,-0.0016157081937941118,-0.0026055934110148513,-0.011061712944024638,0.005675469850007994,0.0075398650236904894,-0.004311887155568052,0.006094851893704786,0.005473298860262649,0.005687012319642539,-0.004528145942271296,0.0016990369758525465,-0.0009142870281563886,-0.006368506991116573,0.0009476160836978964,0.003449713540336746,1.952456222483157e-05,-0.0007390180051638978,0.007853466355319687,0.00754067178804609,-0.0032436225280034316,0.004573507016953317,0.0023908683912953204,0.005233454394188187,0.007105322685036883,0.0025137004937666975,0.0038840941369977997,-0.0007521388359509964,6.704781293566903e-05,-0.0039688424229151,-0.010695731299993464,-0.004312787640605993,0.0023322779778373105,0.0010025192796095043,0.005573206725305266,0.0011530747970958156,-0.0024088500937936197,0.0052890456377022235,-0.0012470698614206787,0.003466996708143671,-0.0009269373761088727,-0.008780610643376012,0.0018997319688966983,0.0034402807906733063,-0.003951317985219514,-0.0032192486086764587,0.005326214334203342,0.00022761576868459465,0.007659132387274703,0.004478018729941425,0.001797652862320564,-0.0026353108255058764,-0.007522841925002748,-0.0011224007564239731,0.0013170495926162046,-0.0004104384504591494,0.0002333834126653305,-0.006029892576981336,0.0085149480713485,0.005961493180396014,0.0008532831109208326
238,0.012838085659830367,0.06258810768971503,-0.0016993441371887413,-0.007088011543099598,-0.0026464761434683293,0.00013858786454709618,-0.005939223455233732,0.006717455917916443,-0.013027685689700615,0.009551428272289232,0.009121391139868087,0.0037360366034248967,0.004685324117437009,-0.016839510044779484,-0.008010566143803518,-0.0019370006040406946,0.01220614120601182,-0.003858630710124971,0.0008855286803270132,0.002341090154882971,-0.006149709087688971,0.0022519391292574634,0.0031137905469315642,0.0017149636861369182,-0.000343547996690974,8.435076917649437e-05,0.0024092191478121364,-0.00040490818220543335,0.009339511886346337,-0.0012143096937733348,-0.0060377006356398056,0.0028708426886098334,0.0018663468627675077,0.00491548186771275,-0.010979627173645845,-0.0024673466890601445,0.0023978491385877754,0.006637033396626846,-0.01270124230549601,0.0049040726650004425,-0.001179466790492083,-0.00600140155484665,-0.0068746870259355055,0.00408875692498677,0.0017876429576083779,-0.0005222389229847059,-0.0030512815521855988,0.006556497713924756,0.0027507518080337997,-0.005395696465887946,0.00043627659567011115,-0.001499025057803052,-0.011539091487517448,-0.0020872811785490465,0.0030474235798392153,0.005143426874104657,-0.0013249663086347977,0.0004465094202019232,0.00658116312743671,0.0033267413352228692,0.006226816038175795,0.0007729844545586247,0.0053005085544913086,0.0035345433483784704,-0.001971160470943764,0.004465173109064869,0.0021685282266873684,-0.007355708007236876,-0.0008516524082920288,-0.002485684004075734,0.0016204761846858962,0.00038103561012503887,0.0021701488932847255,0.0028175630582156583,-0.0003744315210280422,0.0010241905928073212,-0.0003922798109956596,-0.002579966512107275,0.005327082541261082,-0.002460587367016419,-0.007110763847947553,-0.0017447716503917168,-0.0030431398975310684,0.002210802829868246,-0.00511359306764022,0.003123132583107231,-0.007388622434646161,0.00561709764411543,-0.0012591535124598695,0.0024834315511170486,0.005127022415374622,-0.003795048329802465,0.0027185273548085438,0.0018585172222688215,-0.003078059789068786,-0.004147185467310016,-0.008693409868313443,0.008174235587098382,-0.0036042982199844314,-0.0059280504218029864
239,0.015074848391624774,0.06589976580998878,-0.001012398466331993,-0.0069221198391501175,-0.0012293028171908751,0.0009433786742843334,-0.005307064084561735,0.002987887587476953,-0.015425781770945845,0.007637432576605689,0.009674768338208167,0.001422600524006535,0.0033846536540280657,-0.017472674171675764,-0.007176238518239377,-0.002271110736535481,0.013220656586192668,-0.0036036941854197704,0.0005068055839732466,-0.0006434014291657715,-0.0030698616757493216,-0.0001682915026560812,0.004496674819800974,0.0002488012397371958,-0.0005707828220499685,0.0013635063475097658,0.0017977099676548965,0.0008016692024957887,0.010022380358208264,-0.0021915724749872775,-0.006143740335183343,0.00025325976303413006,0.00015467843039203324,0.008179089287275598,-0.011607187479773812,-0.00834525128322159,0.0023915555245302444,0.004674244319520604,-0.012494785814309267,-0.006000866961817963,-0.00618761060795226,-0.00844662602870587,-0.008923774126336341,-0.0014453347834506712,0.0012433068510156826,-0.0014999404244467553,0.0013244809286096118,0.010895407557056503,0.0023096139705270097,-0.004276582687275817,-0.0029385111954579983,0.0033523731794087076,-0.011604253387444887,0.00021066517651250903,-0.0005518972150615131,0.007734667180048691,-0.00064803382826293,0.003988311205318773,0.005171527472953052,0.00272533420015396,0.00048307675345539403,-0.0005858073891578593,0.0031479803138821953,0.004771510600099926,-0.0011397442173979755,0.0058637276759211645,-0.005673424024901503,-1.174502428819942e-05,-0.0009979284616986306,-0.0062679802991050994,0.0008390102074666047,-0.003743368645812733,0.0005291610316451534,-0.0033800044968733674,-0.003485313376362642,-0.010423171529997015,0.0010405360853913718,0.005006026814655184,0.004782406276967587,0.0009252971427245346,-0.0003069786690614939,0.0008826223708869115,-0.00210063118454971,-0.00036541869392391145,-0.008135287804983746,0.004248935022145644,-0.0024418485446328934,-0.0004720649203383938,-0.001737024138517818,0.0017229146088717493,-0.0014841807561416975,0.002268064771949274,-0.0015759993431307782,0.00245998987512542,0.004214175077995532,-0.0037562232526519345,-0.005964096807764654,0.0051144655361467645,0.000407490844583036,0.004778624790543483
240,0.015254997836532065,0.06469994003619886,-0.0013445105965443735,-0.005143307045026702,-0.0009881923471894414,0.00020333543997460844,-0.005390827082804011,0.004478050506921773,-0.016944464530361945,0.008601668574075157,0.005943590360028079,-0.0011649568530158105,0.005960343951115145,-0.017148845041457743,-0.007312900081823877,0.0011664605349207286,0.011874840943959372,-0.001574724988086541,0.0013297137365811855,0.00017449094529364088,-0.004755074380902806,0.0015461150670468685,-0.0004546640284092866,-0.0014191936289970676,-0.0018197495042630474,0.0018372598228416815,0.0008100169561400822,-0.0009044003778382453,0.013650482448030195,-0.0019232393195716664,-0.007003724815278995,0.0008732566583890307,-0.00474678475068507,0.0020611277823924068,-0.008422225023920232,-0.010543842188013356,0.00536702311384149,0.0020286579853954476,-0.0023893275470514745,-0.0022019900386344446,-0.004311765544868105,-0.0017510791837361144,-0.005776145492165511,-0.00026624366574880753,-0.005072120892690555,-0.002243229009729495,-0.004510249958656487,0.015248052219944975,0.002500087399006314,-0.0012392457682029855,-0.009285889077502933,0.00046044826724996355,-0.009162402545060025,-0.0013130994953890719,-0.005646694566730847,0.0013047829733401236,-0.005242639142230936,-7.718276940552846e-05,-0.0023091652928286886,0.0013986242198884098,7.606713910404605e-05,0.000223122438408001,0.008295419010674201,0.006317605159993208,-0.002643685133059471,0.002729864252154212,-0.00459522312887588,-0.0024513567939428863,0.0036684236560297354,-0.0030012498174825128,-0.00036572317052722774,-0.00037009416698906685,0.00034820794230567463,0.009185599449310293,-0.0074316728097512655,0.0007097513574728469,-0.01206664995000275,0.007666505038215305,0.0019949186121333835,-0.005367109364757303,-0.0037701129577132012,0.002204705828640622,-0.005722867557202239,-0.004177634532405936,-0.009837254904851137,-0.004736407384729087,-0.0007166944553895788,-0.005983153557202488,-0.00403143745193392,0.0025712635405857965,0.0005273483274292238,0.0066375963090568105,-0.003740611800656534,0.0011678519114473635,0.007761600269790392,0.002673117909834951,0.0023857056634363433,-0.0007782111706805038,0.0011561829952627244,0.0021004796881694725
241,0.019558422438770234,0.07844209531424692,-0.0008701552922202214,0.0015538724708606792,-0.0030832917155125834,0.001322074679437957,-0.010637993062846202,0.003132141626055148,-0.021858061087518914,0.011495132647650421,0.01140000040662412,0.00032351403344839564,0.0033106389017555334,-0.022196857959283826,-0.009667394446085999,-0.0008413408957891433,0.018060079259973848,-0.005531466661731743,0.002894685192143877,-0.003105344775594394,-0.0037879594071669703,-0.0002611404033051519,0.008705860252468115,0.0013195736428916625,-0.0013254213146694322,-0.0013978876121641796,0.004027038397543737,-0.001005473211390622,0.011886543751948081,-0.002163794828702198,-0.008546412470387049,9.294852498868096e-05,-0.008513774171411258,0.004132146839703987,-0.013541542040073743,-0.015520532545876783,-0.005373302778416233,0.0027542884953431733,-0.0024170995210559855,-0.006444459622069191,-0.0019138776591626225,-0.008945913104077002,-0.009988898846921383,-0.004326016768328642,0.0025857410657117753,0.0036625925022681955,0.004798115393242295,0.02026893048859796,-0.001910700157937021,-0.003191952099988647,-0.002374968182271715,-0.004134865030041804,-0.014239679612458126,0.003408793994716197,0.002715957569820479,0.004901243685153464,-0.00877661768806968,0.002564238600396172,0.01613560786662045,-0.009041083126690958,0.0047672227795304885,-0.004621199109900228,0.0252808289173498,0.010852240027107775,-0.0048414364843257385,0.014618028397250496,-0.013781648875643274,0.004730068077166656,0.00013067271396950233,-0.016340132117495274,-0.012240913719487585,-0.006410248014942435,-0.003668437378067362,0.0034394303823005253,-0.00028830006358989156,-0.00654089193631948,0.0016103370916274542,0.010372195088228316,0.011546762819020572,0.007701513361941439,0.007072776457314805,-0.000605054315698441,-0.002366334032283365,0.00846151629347593,-0.002916102187367285,0.0032821801253805284,0.005517956019923823,0.006411376425139915,-0.002479019047845111,-0.0036842121670755306,0.003764866850969154,0.012054005881091116,-0.0013670487088806686,-0.004526779924915473,0.010368060396133265,-0.005720714257731567,0.00929937750146589,-8.480915765310806e-05,0.004344506834681584,0.003453426061001436
242,0.017399162246602397,0.062045496163968136,-0.001594640520171412,-0.011324155012787709,0.004001391877906957,0.0018565739534394977,-0.0016214812480233676,0.002211795770719532,-0.01764521128553508,0.007035007378809978,0.011299422613244913,0.0010856141447204266,-0.00010442562061104399,-0.01897346535652336,-0.008493931916002196,-0.0021358783860358685,0.011353455658912676,-0.0032028597248578527,0.001401914032547408,0.003423471670348128,-0.007157757194837949,0.0035275182318875737,0.004616593242474027,0.0024616923090805044,-0.0018240105519459686,-0.004966020489324524,0.007428783061236039,0.0008186036425307813,0.009869444995800745,-0.0019124624919253685,-0.006594464775344565,0.0008853598774378626,0.0023215039733743836,0.000518189732202031,-0.003884524814389951,-0.0032267334132130444,0.013503219149972953,0.007310278193722113,-0.0006668545066998012,-0.005309231656883447,-0.00986508542846846,0.0023168795261275447,-0.0032339476882011406,-0.0033823495110619963,-0.0027922839514741647,-0.0021881262716013728,-0.0023456458498608526,0.009994169881823908,0.004687051805383585,-0.0005193972415502436,-0.005427063290013239,-0.007019027179281213,-0.0058338228162251255,0.002569883370660656,0.0015278573881157592,0.0006581391037423152,-0.001183895352736612,0.002711997112356596,0.0007012287153164411,-0.0028326594978526185,0.0012255009644653748,-0.0019628742351161547,0.00590031220329424,0.0023267760141673535,0.00020841065946794373,0.002225985720622085,0.00440233600688246,-0.0022486576075510132,-0.004105674006093246,-0.004566834350284743,0.0030609726747187964,0.003433248757836822,0.0008542293566556086,0.0052981504609170135,-0.00022853040450261,-0.0008319673902855392,-0.0013022011834639784,0.0067611918364439425,-0.0020909104486282735,0.00255540758950085,-0.00136565015713567,0.0002254722487367169,-0.0020981974769535,-0.0005394803783737076,-0.005958651954066513,-0.001958521631550555,-0.0011614101192581531,0.0006643370403160724,-0.00747537114723343,0.000639337333900541,-0.0020911204934984003,0.0010264446187148728,0.0035640191939962994,0.00045026683073004574,0.0026716803404224112,0.0026662845449584873,0.0025006564873398403,-0.0014441307897827887,-0.0018313648842222894,-0.005195007789326071
243,0.015693524264449667,0.0592991180141595,-0.002598908491328379,-0.007034851393033378,0.002083697592689766,-0.0010816534889367456,-0.0014492770239476272,0.0011850702135473045,-0.012490907382319434,0.006427977831626624,0.00998518262803461,0.0014717718065636314,0.00023854324058163184,-0.016193343026133376,-0.004781769500362333,0.0020053487603861006,0.006898642109489292,-0.002087283346487353,0.0018395975876960243,0.003356397073325997,0.0014527281977181874,-0.0027576375868570806,-0.005735371237380806,-0.004406340155721588,-0.0011525482893175933,0.004699724698338496,-0.010125806453225052,-0.0016970163233354719,-0.0012981070028643246,0.0022326401799589155,-0.002337509335067792,0.0033916479368971473,-0.0107085943627761,-0.002356848870828227,-0.0028300230297782533,-0.00295989971513923,0.0033997367904275433,0.01245869279714776,0.0054219624236388755,0.008278463335715639,-0.004329682282925671,0.007629120251067614,-0.006309447327281524,-0.004200806674948601,-0.007744865880457063,0.007081088185065303,0.0019403577332811344,0.018777532910790123,-0.005987089778234842,-0.019700253748523855,0.0042861155893305965,-0.007159444456748452,-0.008424933849244195,0.0128079049300762,-0.006347378058503115,-0.0002589398924691015,-0.006143895446156236,-2.3355804020988116e-05,0.0032737946256449824,0.0034778081297179753,0.007844512078493597,-0.0010408437228362154,0.008629265688125552,0.0015885109335147982,-0.003841453047653139,-7.939401118627818e-06,-0.006685360283560317,-0.004333209545223802,0.0025547196362870556,-0.0012843774903284167,-0.011987636772180016,-0.0046902915203793465,-0.0034152219072397538,-0.0038723656303716832,0.003328851173379208,-0.0008256153738512924,0.0031037879627938744,0.0001080356688540325,-0.017746666075716604,0.002514747375550373,-0.005007961758495456,0.007396280693726435,-0.00394634042494301,0.0066639538460097035,-0.0015392820266862967,-0.01057011765669129,0.004122106849824108,0.0006038475617911823,-0.006707526731082232,-0.0047596691566224175,-0.007253406359568087,0.001629862792250869,-0.0007288590401886168,-0.016865460166831305,-0.00020544217004575963,-0.0014182566620185618,0.0015194751012204697,0.0025627771322118847,-0.005357484837447725,0.003602671579139313
244,0.01566253323774843,0.05818882147714124,-0.0018821540648765464,-0.008159174107823254,0.002213511489377135,0.00019084671142179663,-0.0032816884407539737,0.0035019751419938664,-0.008569919285232963,0.007141270787435811,0.007890136506412725,0.00036026165326883964,-1.976792130555517e-06,-0.014410659141236444,-0.005425389165859026,0.0007529110874980028,0.00810591632116455,-0.0011899238486991312,0.002071460677801757,0.0026100845755997336,0.0017688363643559206,-0.0013964119033748142,-0.006107876237147428,-0.006283508509846676,-0.0010082843266029414,0.0068143668519103345,-0.01117190207669863,-0.0004474228338668764,-0.003773105750183616,0.00029516296478876187,-5.4033762243730593e-05,0.002027742318537911,-0.010188916962847624,-0.0021293560106949517,-0.005393937367343399,-0.0042640917557787835,0.0013432076900960037,0.01608561051403658,0.0072010400121028445,0.006646439402911372,-0.01115410783688531,0.007579246777276763,-0.0009761933325465234,-0.00795406503233984,-0.01227770070446086,0.00536874424627701,-0.007600666186646815,0.016392299214216272,-0.010060577404496921,-0.01332325636728109,0.00931476910713209,-0.010034898879860804,-0.00404806220612125,0.007900154967716453,-0.00523560201335062,-0.009872296998820116,-0.0037502450327467993,-0.0016774460297097557,0.0032322343837204674,8.103398515320461e-05,0.0019121062522663122,-0.0015321757452464288,0.008091076009795976,-0.0007095087860389774,-0.004366719116124603,-0.004351184644409293,-0.0006793536778515024,-0.00046010965912031475,0.008268584084931562,0.007907166818339653,-0.004630154256262441,0.0018978349541748988,-0.0026004187092245265,-0.004164721175568427,0.0019513720343953562,-0.0033225645922207252,-0.000932969118850832,0.004179969720019504,-0.007725657357522941,-9.67294657704282e-05,-0.0013450643050794287,-0.0022423938063368064,-0.006789128252757309,0.0058142530603638165,0.002225429280278194,0.0013893020233244284,0.004271986463031105,-0.0029645074178075285,-0.007423009051580482,-0.007403451842339522,-0.00870063430953003,0.0022607961782987558,0.001655705535107301,-0.011252585826823562,0.0024836502530641044,-0.0017353646029302893,-0.0006809244471177984,-0.003404799862954751,-0.0006172030605343757,0.005099525809801571
245,0.016885823901440427,0.06474610492339682,-0.0021830651792358,-0.002217456194989611,-0.0007227273756873708,-0.0022267130638350973,-0.0015903749326498275,-0.0010867031551151417,-0.008758546034714295,0.007845155622865063,0.011537042086552853,-0.0019631687027557385,0.0004625458589011769,-0.016495583580496652,-0.005585956756893156,0.0038358694263564566,0.0023465615648380995,-0.002365118177513922,-0.0003578886245467919,0.0057888744778012485,0.0025882017201709186,-0.0029717147821673403,-0.0006399889334030361,-0.0013123462310730633,0.0009895725610681858,0.0014630922339426407,-0.00950895903948718,-0.0031099765822574362,-0.015270281793455017,0.005589123206695543,0.005833800759568645,-0.0018393604225172165,-0.022967898163448516,-0.008845659741245588,-0.002666961775240434,0.001813004114732933,-0.002873930913828061,-0.004207339372326654,-0.0011125824335945671,-0.007188429999204373,-0.006293051971576282,0.004829230725581061,-0.00940763289197683,-0.010688015250914427,0.0037011146867327654,0.011294282723253373,0.003662484955948967,0.014504580105232102,-0.006814038942369359,-0.0002375635276258078,0.0014668466667694597,0.009210887702075322,-0.006663712647952074,0.011985677001731707,0.0005095516280466237,-0.0022548039134937907,0.01348335900235852,0.002495331139080116,-0.00043899224831001136,-0.00628793731124771,0.007147182737117033,0.009492000163993455,-0.0029116967667441366,0.009083067362285395,-0.005308061942506031,0.008394276272452974,-0.008161433160100755,0.004387311990802227,0.0017848629093847558,-0.0015613476244946912,-0.0061179506972773995,-0.0175916087053581,-0.006815026023793795,-0.0009374842838323415,0.0030872350713396337,0.006406283624687173,-0.001991309199427955,-0.016107645850776748,-0.006327793499086703,0.0059314510349701925,0.008509631475657952,0.011945015084228173,0.009352279698539405,-0.00729723008363365,-0.000821301210170135,0.008423837462104462,0.006498192457054782,-0.01664524376967523,0.006700836955669474,0.011310205592980566,-0.0035373101065613527,-0.004410023432585672,0.0005052621140833145,-0.00012909004738685084,-0.005151130319565769,0.0008437226180277103,0.007645851615828773,-0.0029513631877396756,-0.005629556948621236,0.0013346829215713334
246,0.015682735071374604,0.06129514209482479,-0.0009102544144696137,0.0029486868201324956,-0.00027374980424712354,0.0006657904337015776,-0.0029441682183442503,-0.00039785212772121335,-0.013408656600508094,0.0076685011641925704,0.010306317364464721,-0.003945889511242476,0.0030757876228081522,-0.015696844794686037,-0.005706335577656383,0.002425054449413204,0.004414564167266055,-0.002796656421422889,-0.0014809009248140952,0.006402169964337435,0.004107688585188823,-0.0012050581798356864,-0.006313007964186601,0.001385561975796702,0.0023091701452487706,-0.0012980183659840388,-0.008899155595500505,-0.0021068956978847315,-0.02195740662760095,0.006517399713568677,0.008566161964139802,-0.0008407548127049592,-0.028111206465629264,-0.01240315189022103,-0.006216948751833658,0.012015726004525636,-0.003289963801789961,0.0021416433419110103,-0.0010267751604316224,-0.00971494060184481,-0.00448391574037147,0.0014741992873787799,-0.003932888931187309,-0.00898523963960421,0.005895361999418947,0.0037250870737302183,0.0032217314341597227,0.0025469948733905685,-0.0006364623772102371,0.010813950952948726,-0.005211355385216028,0.0006836918615456683,0.0011443338167605424,0.004843931378048439,-0.0012997545553898706,-6.808409196806196e-05,0.011172366258031627,-0.0010782469685223272,-0.009389444943711111,-0.003917769663675553,0.003123603296287738,0.007877921838708314,-0.006576389764800292,0.007571621583415082,-0.009515005567169218,0.0023651999032313397,-0.0002313031690075405,0.005086963702851078,0.0014251066208004735,0.0017697943390716116,-0.004227764560672767,-0.01095917084198441,-0.0009973316080055209,-0.0014593018915871536,0.000583741665325844,0.0029552875796102396,-0.005375793556359181,-0.013733271801092439,-0.0010759374764915555,0.0024175523298214955,0.005959100755599024,0.0052618374332289355,7.47539630684486e-05,-0.001123143531083022,-0.005810044784610383,-0.0026521000404751576,-0.0036738203874657877,-0.005664533341959916,0.0073132019972197045,-0.004472882956617794,0.00697575337473001,-0.004544926730719231,-0.0003974398962018012,0.004389247368497873,-0.004869870650028921,-0.004905289628271491,-0.002094325826960101,-0.0048927289279998495,-0.00472686324343878,-0.00645808991854334
247,0.01957650738639821,0.0615830537949852,-0.002725702935364308,0.006113467991171381,-0.001078237677925426,-0.0017000177118200051,-0.0023724006598985765,0.0009871095240041403,-0.013649645719809467,0.008115886554643473,0.013248674632683846,-0.0008073031747431179,0.0020529826351428446,-0.017897561560203026,-0.00466917873939024,0.003391052403666644,0.0064907213099416935,-0.0043260997057265735,-0.0008250542977449635,0.006670436524178918,0.006375480768708602,-0.0039621699470270225,-0.011928491485263886,-0.003013970623410037,-0.0003170482166466929,0.000677425689312582,-0.009915887968212526,-0.0044680109081093634,-0.016260170836022162,0.006637813138289086,0.0032022022988481974,-0.0038780066556343175,-0.030657410171676655,-0.01330723749116018,-0.006759180792617605,0.012290903850460414,0.003698366889843686,0.007157039793056661,0.0025838440733092307,-0.008537966262722291,-0.00773832541583996,-0.0011538762458693174,-0.00030713245708708666,-0.007905727339995257,0.005672291394990386,-0.0033252575257814473,0.002802527118340725,0.0030596801954382255,0.001680706420466657,0.012342192463252267,-0.009744055837658881,0.008798620496591362,0.002121332041344564,0.003665064684802054,-0.0033041678304989433,-0.002774976356729718,0.014656992246644525,0.0036069555732655,-0.012796537843839677,-0.0035808691819509244,0.007628018533842151,0.0022663764182532836,-0.01157435352452416,0.0044749499740771295,0.0006411246594406808,0.011414894183149712,-0.005803550777261979,0.004448322315728222,-0.005005645988071573,0.0055769885967337715,-0.006311614669531393,0.0018042059427211864,-0.0025645935127306856,-0.004257760475036707,0.0008087620273810313,-0.00834729743804344,7.293248701835057e-05,0.00017154315082310245,-0.006344580305254425,0.002552736600313404,-0.003876069049065424,0.004371828924947951,0.00446492938644406,0.003725969735851615,0.0011655208755692766,-0.00597227351466814,-0.007245228691526838,7.357695484840563e-05,0.0032976536534752264,-0.0031788604830018117,0.002313348923195919,0.002270310625855134,-0.005558691367995145,0.0015608300760311567,-0.002810246845484048,0.0029193401883609795,-0.01635027960553054,-0.0027009253444621848,0.011688599087277419,-0.005993809170881891
248,0.015676736110934668,0.05973196742933924,-0.0016529869860418408,-0.002637058944170249,-0.0012449305200414533,-7.656877690260513e-05,-0.005291728008527138,-0.0005666310766347299,-0.012663499908407698,0.005161648078902797,0.011455834416903978,-0.0011203033409494937,0.0012142213851881588,-0.019649610568851613,-0.007190661520555883,0.0021166340114038575,0.005264162674224832,-0.0011921844527653521,-0.0017513777562905973,0.0036972738836473598,0.005183715342024482,-0.0027759465620662773,-0.01205834045184888,-0.003946118541200369,0.0008771164096839499,0.004368984513892628,-0.014806856823718035,-0.00037868436008380214,-0.015047383975319222,0.007767648569601336,0.004903217148612319,-0.004049577653258975,-0.030450645659359316,-0.01388125241208872,-0.0013931663354446045,0.01602958831858078,-0.001020503764410094,0.0025633514067551063,-0.0003876040980021707,0.0030269646700058148,-0.007719778682942279,0.0014675820473712797,-0.0035501439102158675,-0.01017282464922673,-0.0007746879329779489,-0.00017749742502475076,-0.002267948447550444,0.006447485968489401,-0.0012368247769769106,0.002111500927795796,-0.007406130136907109,0.0013506259911529011,0.0009175560894679826,0.0062879902165271315,-0.0012197415506633765,-0.0005459652031404378,0.006151460723566779,0.001090648329429561,-0.008441621311236634,0.0005812923634965221,-5.071618821668932e-05,0.0067783818255969805,-0.012937550476643977,0.008275918525472615,-0.0014569607620763172,-0.00119689936769787,-0.0003226913751870623,0.0028046679829497054,-0.0024171546624478335,0.007519681548162426,-0.007896475784534469,0.0074449469889216495,-0.0005732960995351895,-0.005715057321314817,0.0036957221700819293,-0.0009654950714649431,0.004341287130867306,-0.0006675803964494645,-0.0025790864691011264,0.0012012842699710086,-0.0019527621429809964,0.004540874762684711,-0.00789293969355905,0.003506590533871681,-0.0011904525308070288,0.008387598894823925,0.0019371639167925813,0.009001080053213675,0.0032674116991074182,-0.003633579731193097,-0.002797840651917278,0.0026901359757169293,-0.004499275684762047,0.005031611778897301,0.001406888435980505,0.006334752446573191,-0.00014531595102895825,-0.0017429981163313943,-0.004466592194983457,-0.008343278360628354
249,0.01901041695053031,0.06591339664875977,-0.0022924652958714016,-0.000158230444159569,-0.0016862990868795086,-0.0004811513334232353,-0.005387779314265531,-0.0011194955548727303,-0.01067275577671785,0.0051611992003960236,0.012755997750167215,-0.0025603794106830078,0.0013702833077932851,-0.016348841772323562,-0.003101557556077173,0.0008395208719190672,0.008620420135086482,-0.0018343794761941199,0.00040580785575616157,0.0006299208717380635,0.006166115943504755,-0.004526573328886914,-0.0107904409185412,-0.006442504842048608,0.001972648708251294,0.004586078632438365,-0.013954274650585604,-0.003581812102037835,-0.012127290988958376,0.006010858993924343,0.005565794130092908,-0.006215939191655595,-0.032109893898167055,-0.009346333310528216,0.0006091763775370031,0.008454236768505707,-0.0031742704460212185,0.007869716236674594,0.0011060790584672185,0.0006076544323726971,-0.002607235683049111,-0.0010734989942627617,0.00042441304487652974,-0.012546893427508893,-0.005697600517552627,0.006228212504934088,-0.0022312662174221597,0.012387991399310364,-0.0046802635322997855,0.005291463521633681,-0.0045521167432022724,-0.002388344676636699,0.00033864529592838444,0.003760408294344986,0.0044975383590507975,-0.001135616292638558,0.008797675904713668,0.0006740931295880207,-0.004863698579133493,0.0010735449420785326,0.0060660562745591465,-0.0016632094853776772,-0.010946296490629491,0.004352276993299893,0.0036567755473998083,0.004848363618382514,-0.005933697186718698,0.0017037421450525109,0.004150363115558779,0.005745193900462031,-0.009438386828125376,-0.005709156357716286,-0.001246927914581912,-0.009391475820876993,0.002590918373317607,-0.005844079779150104,0.001595346968622917,-0.00032127852092136934,-0.006327519816594872,0.0064212473108030904,0.000335839464441988,-0.00012467865105391743,-0.0023285982371861577,0.005250910576376742,0.0004719903246531063,0.0028584940548424865,0.0034268395655464843,0.0020079588407488354,-0.008792229238777092,-0.0012703555574236178,-0.0033087052254912237,-0.0011686440407272262,-0.0012637265538719552,0.0019092787808835648,-0.0028570054221570013,0.006181368186138681,-0.005318706538733974,0.009004064554227703,4.832821876543815e-06,-0.0025990463225999305
250,0.013805021106545067,0.06095307929730445,-0.0019357142439303265,-0.0037923933243319066,-0.0011705746581798632,-0.001000416436926789,-0.004709295996940362,0.006503777145743159,-0.010228124927103274,0.013608914104441382,0.010051480614577437,0.0013899183934454927,0.0038968138044306235,-0.017942106516272347,-0.006641109865186001,0.0019800262258712472,0.00614445747108401,-0.0012332136541385883,0.0008543270761137919,0.005216941651940169,0.0032774826145094637,-0.001751629054152398,-0.010969073165339972,-0.0039290337154761915,-0.0009573035113496089,0.006364346956377468,-0.014832657164426255,-0.001324975483457014,-0.009334479999630075,0.00579447928906702,0.0036268327575566433,-0.003041771065512124,-0.024169023628439718,-0.012584905094668829,-0.0036066858467344726,0.009370743835136497,0.00022236127118631927,0.005591442573096458,-0.006426207531703655,0.003635507554986274,-0.0014926669291878338,0.003575215576079048,-0.0019041486065492835,-0.005457287210331203,-0.0038915861695258303,0.005075023795647416,0.002014446886615981,0.010956386353817732,-0.002209037190591573,-0.00043962211705966456,-0.0071134875585905834,-0.004610017087283046,-0.0014444288344667986,-0.003882274797303994,-0.002430567518025708,0.0012046343930663197,0.00575198079380628,0.007307749416102638,-0.0030057714051284646,0.002402337250450204,0.0019714625568212287,0.00434483022278,0.000225215660406616,0.005835880810449175,-0.005915175343771431,0.0024131947243096305,0.00638659041311867,-0.005627056124510294,0.0011404877092299182,0.0009939608718004115,0.0011476618818866075,-0.002481772426494542,0.0008039124665829071,0.00022164713262750262,-0.00019558755970031693,0.00031558024202987426,-0.005725484481165912,-0.0014010253930488352,0.00209200358259659,0.0026001489856106747,-0.000721252307505421,-0.0025467801265078365,-0.00014356284828166262,0.005379727293883143,0.0003865514932341958,-0.006045410825271885,6.663386005781428e-05,0.0016527699756103637,0.0019112052944303987,-0.0001368472341159187,-0.004124058916776198,-0.004206672760791589,0.0017941135909623654,0.0037167713546046336,-0.005685520693947855,-0.0001631165951879229,-0.003596291116446597,0.001715233989052423,-0.002482843453525995,-0.005632076162852365
251,0.019689417389255878,0.06314441576384855,-0.0038505909019371067,0.003794925416277804,-0.004158140844788176,-0.0007553150388206963,-0.006677997431880968,-0.0006964219911489477,-0.017532672272589013,0.00981136254419154,0.010142524960179547,-0.0025902454321713856,0.00025289443264782196,-0.020338587525982933,-0.008589668964414007,0.0014611020235035315,0.0062912408307481595,-0.001818923520008038,0.0009172248581662197,-7.602514283251279e-05,0.007570027149327484,-0.0077453043978959,-0.01351133371909215,-0.006091026074077467,0.0015854212045896164,0.006703942472021307,-0.02440241697669653,-0.006353072693984838,-0.01699665824308669,0.009263237807388008,0.004650267373134123,-0.005981407984144666,-0.040280100890318686,-0.01526195596365458,-0.009419571424413591,0.01592622786925767,-0.0068005570808680055,0.00558946905045484,-0.009794883578359661,-0.005696848416431776,0.01241700338044729,0.006426087178829187,-9.556877999538045e-05,-0.004942159681713792,0.004646140827064507,0.011564989428727076,0.011628339872719684,0.0030613850724043367,-0.0007791621706491169,-0.004012373553126586,-0.007013150889657877,-0.00016070810674401127,0.0016766768928236642,-0.010614571456536812,0.009399943790708506,-0.0003919001421807814,-0.004885866352173363,0.009522449717678641,-0.00039126580498231585,0.00033715125663802897,-0.006098594683552325,-0.0008815367176581438,-0.002868322498850904,-0.003306130436715382,-0.0003190665101830924,0.008574158008694573,0.0026104942728954117,-0.0005703201727360996,-0.00040161209209472435,0.0037356433087698793,0.007017303846486593,0.0004885433589906184,0.003950011601961353,-0.0005723677445822797,-0.0024263058332201926,-0.004092889474230771,0.001974259516091282,0.010554999968867652,0.007739183015339659,0.0037966771248220802,0.001317982787660784,-0.0069205586252966324,-0.004385854194862196,0.002995288591922032,0.006823179992501471,-0.00035136230319995904,-0.005053170111657591,0.0037971004774426495,-0.0010987415900466362,-0.003507095482965681,0.00857318601741206,-0.006879538188275413,-0.0011482432244995652,0.0035109005896608887,0.008043553055242101,-0.0030921667936051364,0.0018982273250233456,-0.003271160778245942,0.003700865470636619,0.008894096106166085
252,0.016295883666427955,0.06279981562162015,0.0012383396366764943,0.006928189740439156,-0.004498204040106522,0.0007230733143759763,-0.00683433654423168,0.0006245687404866508,-0.013975885651463456,0.00761302327347292,0.005426795631897504,-0.0008490440848671962,0.0013093669898961826,-0.013946429357684625,-0.00795946862501338,0.0021338505613474877,0.00432826487087248,0.0005553986474195658,-1.4051612784075144e-05,0.0016487314551583488,0.003291193444498432,-0.005474080548816092,-0.012985000390052162,-0.005193057999745192,0.000556720269693917,0.007531297809691991,-0.021619227242338862,-0.007969412577279681,-0.006874655833398643,0.004666437490489307,0.0010113527676782566,-0.004333114690619622,-0.025945072598346556,-0.014687595776970394,-0.003369350374179827,0.010581624812080245,0.0001832287722691014,-0.00029152296530462823,-2.3887205174265283e-05,-0.006637167011366431,0.01158615252929909,0.012245684658961677,0.0017421627115868025,0.0018262941819492996,0.0036651309146189933,0.009354778165787935,0.014687064561611658,-0.003044824465440422,0.007192253115312495,-0.007097118145152268,-0.008400986148700393,0.003931728040042571,0.007299078197881647,-0.014167833942579165,0.0005347121873791089,-0.0034400206100228116,-0.008731396911651248,0.002448945945797913,0.00215642045904775,0.00048541342899548494,-0.01097017415141867,-0.0029845457121520994,0.006814569876631653,-0.008504311927911705,0.0027051026813246144,-0.0017406606387289035,0.013446672185857534,0.0003195052462193746,0.002543388911234165,0.002969467193630835,0.006656608930485363,0.009450693613905372,-0.012610163805001812,0.004214409017587054,-0.010794530207039903,-0.0021668247669531142,0.00537436884730203,0.014006834268685464,3.940279191067137e-05,-0.005910456475017725,-0.004963771710650845,-0.002763260699313187,-0.005097567707601194,-0.0019578389689491418,0.006945693945168463,-0.001345337040485644,0.005920017547783405,-0.006904269962324821,-0.0034519616450170956,0.0006247849468117464,0.009573178721273223,-0.004301324204177243,-0.012065033404253236,0.0007971850630268795,0.0008564861495137899,0.0037959722396431663,0.006069934354843649,-0.0029143127220682416,0.007915700734467674,0.015010621261041168
253,0.016212241731117696,0.05966742352960179,-0.002375957602210319,-0.00011139768805203628,-0.0011572178878239473,-0.0010818417403809226,-0.004846645484061852,0.0008179550752905568,-0.011905374514307584,0.00924078687368437,0.008362393920555588,-0.0015126597861931969,0.0013645822573609754,-0.0156446345146722,-0.007463754456432191,-0.00022056098506412095,0.004722518813527648,-0.0021904383998509174,0.0006114879847053621,0.001044038570352341,0.005028504571012025,-0.0041487060715082145,-0.010554671150661206,-0.00516832870273572,0.0014091198270068173,0.006927425555617341,-0.019553420917277523,-0.0032682411441713145,-0.013250277422090385,0.005748951318696536,0.005074636939209251,-0.0032270001660288632,-0.024323280179585974,-0.014578894494651926,-0.0008515236557206623,0.005531479409120399,0.0004943859063203574,0.0011978894495516324,-0.007659535179772172,-0.0025739488061762342,0.006283335797463473,0.01467865954521391,-0.004496640168405714,-0.0002908922765963586,0.00010608775117671091,0.00933588423483421,0.00803748626047782,0.0006040694231150873,0.0013002022785352783,-0.010021918346212926,-0.008157192251360959,-0.009760932346753995,0.0015781526821671806,-0.012326827113550312,0.00021002718626823621,0.0038234535577060854,-0.012415859605053889,0.0011886034309608964,0.008304656461451818,0.008330514151293574,-0.008048429338750366,-0.004657119416623856,0.0037682454239733607,0.0003384945510743074,0.002148843751294285,-0.0036675947201982003,0.012082598752997172,-0.001455716942999593,0.005470197321884657,0.0017331187097050546,0.015370026741184565,0.00469949700151766,-0.005100848678083999,0.002388993346639112,-0.0074272683541176335,0.0041933699217582415,-0.001819350497039587,0.007844230666504958,-0.001913763577448304,-0.009086014724964444,-0.007922278609375812,0.0010462080746613323,-0.0015603749759697998,-0.0050208617764562966,0.003081446670310859,0.0035975888252448916,0.008891402436317008,0.0013614336675401397,-0.0017264509595328545,0.0023186120569210736,0.0010722290750688921,-0.0005994129437471916,0.006497846070189037,-0.0007018233343432305,0.0015086777750619067,0.003649179924393837,-0.0032408131835165734,-0.008298442542305712,0.00023477146094768732,0.0027378821734881137
254,0.01996700071296212,0.06010657126237038,0.0003230118063503492,0.00345316128673398,-0.004335165556585701,0.0012657928529655295,-0.008851854956251598,-0.001408485818935435,-0.016028670819380038,0.01083101188471317,0.0060015925335871355,-0.004358872957232543,0.0015529980641746856,-0.015489336925298858,-0.0021499561229148447,0.0033199795425285714,0.007272607521648202,-0.0025329510561938003,0.0019723299153378724,-0.0035866791557229516,0.00837924072832416,-0.006763914897715283,-0.012349279685307574,-0.011954239228312786,5.875294073587027e-05,0.012178959249159372,-0.02277547463150632,-0.005700936044075751,-0.00697525264172687,0.007078498247177776,0.0033325893204852355,-0.0025717369571521907,-0.015434951240943172,-0.010882584036309532,0.0009010022422519718,0.007934251140301047,-0.0011780347727651161,-0.002991459390847307,-0.004356122689098585,-0.001944614126951064,0.00886335204268494,0.011442685644532442,0.0015729517908123106,0.010625468178737328,-0.005066352309693654,0.0048989109347466865,0.01096976549179653,-0.0037849239094150102,-0.0010735782170152685,-0.007898711130805975,0.001604805451249375,-0.0005855310458647552,0.0033282312970973837,-0.008693470595245795,-0.0077643802473638356,0.0003532624460179888,-0.004157608833731785,-0.0024986451287783156,0.007743414109721565,0.003944842090353116,-0.015903472280945453,-0.010000818850393441,0.011604644608826228,-0.0019398155039973663,0.00915961635391149,-0.004010929072776326,0.0037253554342456287,-2.7310139776577416e-05,-0.000396659446691751,-0.004269615888423475,0.005214833974265059,0.004825606308995233,-0.00541888233412553,-0.0007025786060309658,-0.005109374821004658,-8.75890731642136e-06,0.008670356500395994,0.005241255874243142,-0.004698062111874649,-0.002300980862790146,-0.005093655255835784,-0.0023664725104271533,0.004435811331656897,-0.0006528237536725403,-0.004429436139212674,-0.00593509919362605,0.009855752942978024,0.002351704929491658,0.0032388064667230616,0.003160831701879227,-0.011372948480809523,0.00393303222690957,-0.0023617787602676285,-0.00494680823590518,0.0033915024033711948,0.0014725877723464815,0.0013860833530560085,-0.001047477440263483,-0.003208327354162498,0.0007736021037674097
255,0.02095644959519514,0.06466416612227405,-0.0011283029880620665,0.0032700687009462907,-5.729700104456383e-05,-0.0001833860491607111,-0.003332041481061198,0.005193806018677455,-0.014408067099142882,0.007600688969146822,0.01021683435252081,0.0010527805720577628,0.003602618892640686,-0.010486213263802563,-0.004265764846618302,0.002737459060297804,0.010214986061879299,-0.001570022932111724,0.0009366084456533472,0.0018876468951631803,0.00428431988936454,-0.002510190586023315,-0.008782349952518611,-0.011833383698836745,-0.003532847479457556,0.012725418805450514,-0.01131743524841101,-0.0006368410870060557,-0.0005676275139002555,-0.002455590737199352,-0.004530085674081638,0.009747840709145078,-0.01070278151797286,0.0005578303322139984,-0.012423908302458061,-0.00046789528590262175,-0.011343320884773968,0.03350523206695682,0.031230673601851573,0.005837871422799475,-0.021555146704301746,-0.015572312666967543,0.014056564009534252,-0.004663343616490609,-0.020593019814547853,0.0043249771155335175,-0.02536369709037847,0.00643692812304029,-0.019212475327121222,-0.012960450510331895,0.020609669753399597,-0.008974077131357873,-0.006087526856794778,0.012720093889092426,-0.003271511073743365,-0.028540857057671152,-0.0010817057030938256,-0.018342939733154727,0.008802308929343475,-0.011435104757892167,0.013089784592465046,-0.0035084560110753968,0.0001342205973159228,-0.0020676363503791774,0.007428948559295593,-0.01505807714344151,-0.004087974986429851,0.005808368114114881,0.018545595984100993,0.015157877690948228,-0.002185542189218493,0.009829385276168542,0.014931484939118738,0.020683208550522907,-0.006512388637412994,0.004014935781862139,-0.0040900777216969445,-0.0006102092618142842,0.01413525093542045,-0.008634922442805384,-0.006490663056444317,-0.006620747660662694,0.002086991105171008,0.0012735623743796553,0.006138471085882721,-0.003212602617306608,0.0005683668337689182,-0.00245978949990817,0.007265332500566316,0.007134449658567747,0.004299614176279643,-0.0026807361500404817,-1.3932102809317484e-05,0.005826472858059245,0.000689247746005624,-0.0055269064607478295,-0.007113241108769527,-0.0019708035764374053,-0.00012974721574537636,-0.003778999134641667
256,0.016552813206660612,0.06367215283273119,-0.0010131080422258437,0.007805617647719803,-0.007626494551482993,-0.0006383009822625895,-0.008543481335590828,0.00533464395669615,-0.01618575667077236,0.01423529902411959,0.007400700798930477,-0.0003627410036748788,0.004505200412993814,-0.01576775492908812,-0.004426506598066549,0.0029898676947591302,0.012278857816384152,-0.0037301870812706693,0.0021502704817699487,-0.0013738613033245511,0.0029096219796099156,-0.004826960295481304,-0.014422753343470257,-0.00913682093111641,-0.0012635896467740745,0.013700435418506886,-0.02199250520490866,-0.0032490758650634854,-0.006076275562673528,0.0031714568051103126,0.0020170815403592413,0.005438518453913957,-0.013163057158627003,-0.008626523601087224,-0.012188229758877504,0.007933909225622933,-0.009844439582524617,0.02948645211182293,-0.011571909839367227,-0.00811912790540951,0.011209063544667733,-0.012124251116784258,0.0015973908100799514,0.02437099405034369,0.0029577429260258105,-0.010823014940191432,-0.012918182548899869,-0.006112332283527703,-0.0008601131785129046,-0.015391816207459887,0.015003072810207742,0.003120327836965003,-0.005000207649735636,-0.004146203126270784,-0.0021605755717276887,-0.0029432486475490967,-0.009644908848923299,-0.004951257396633992,0.007715829329605236,0.005080510235059198,0.010936052840861087,-0.014329423067445505,-0.00497402699163484,0.003979374902081417,0.007227319764505768,-0.004636038137972025,-0.008982292951846549,0.004364899048578055,-0.0004255372315487131,-0.002371744797136022,0.01533110806686699,0.004046419827675921,0.009173906069332959,0.0003353576127737001,0.0026803463698339843,0.005631958055100501,-0.0036891231132971398,-0.0020912873282165744,-0.0013452707127795743,0.007506062134621949,0.0054668263689552545,0.002768551271473004,0.008504109485166332,-0.006642256631873299,-0.005589230666892817,0.0010160880782768037,-0.013331826943450194,0.0012297196465774027,0.00017320509663820664,0.006325170828831822,0.0023669947821758353,0.011783206146474106,-0.00012904696513530375,-0.0017448787039495899,-0.00822449091940576,-0.0012110705841156207,0.0006380676150709397,0.009764734879431056,-0.003336297982109658,0.002457150566025487
257,0.019091165405821918,0.05973960822463202,-0.0011950849047041685,0.005271694708323346,-0.008753086957073546,0.0012573202423349617,-0.0075001544405049764,0.001953329484549064,-0.018198754751500543,0.010179714537280539,0.008362629681227043,-0.0038512818554464665,0.0028279593133863474,-0.018770978372657714,-0.006749174911262253,0.0034998815493306346,0.007491795048707668,-0.002086094690952653,0.000679909550353837,-0.0017182095976844558,0.0075834526293685565,-0.005910411732374732,-0.0173991567737699,-0.009817905974510563,0.0009305659867346914,0.008655462034331981,-0.02382826833704013,-0.008044962310864103,-0.0085697542182542,0.008018624081029067,0.0048758963586855745,-0.0019038105933544367,-0.023265285649610407,-0.020192125853999016,0.00036847125877030476,0.01482016180557198,-0.00024390939736638938,0.000394991662885708,-0.004925222458981743,-0.009451553080374282,0.01126031183470259,0.0010385696577315017,0.0047435848358118385,0.013475964170327067,0.003143257076737071,0.000875904730861552,0.0034479047584541718,-0.011170187878992639,0.005882244800210677,-0.007337257992336329,-0.005559342804009805,-0.0003511398931889553,0.0008075672271017236,-0.007088638294785313,-0.0021435979893688166,0.0020585562098533834,-0.006269279041104913,-0.0034585208139526697,0.006049941022068564,0.005441054107573093,-0.005659729073163061,-0.006014677798119334,0.002785034299492291,-0.00768486681449004,0.005989462668070104,-0.005355858151820473,-0.004718080835644204,-0.0023229950523946485,-0.0035960092356152333,0.002755947634291121,0.004778274761948295,0.006890593160040968,0.004946474512671038,0.0037645564321015365,0.003032309778422574,0.0037579934303331747,0.001580762133265563,-0.002642956735842697,0.004609328511991726,0.0031237782410591893,0.006087468523790699,4.452432958488843e-05,0.005481043989655165,-0.010842121435827747,-0.006569392477685958,0.0007244684126706143,-0.0003047375286972601,-0.002834004927011843,-0.00037633488644206773,0.0010079733095668538,-0.0034472366153156454,0.0014352250797650293,0.0063640894137157915,-0.003414638833511042,0.005002529212097304,-0.0017965797519225418,0.007234098902347024,0.0009365942687214292,-0.0032966180448040306,-0.004865757259568373
258,0.018643034081102974,0.06444689889018847,-0.003936881088451747,0.0028911598477382064,-0.005376279599871383,-0.001996958360803627,-0.006231913903358352,0.001913623265322367,-0.016358056238799608,0.00798680987160456,0.007008478841053145,-0.0007377981302452279,0.002620800139190715,-0.0129859626103452,-0.0029255502642868574,0.0026183081418635853,0.006574170773007837,-0.0052525766894536705,0.0023261239623663457,-0.0012416870374025598,0.006067429170623389,-0.005493715459378809,-0.013123739548063625,-0.009640486367784312,-0.000390327265758097,0.011695419454153155,-0.0202321927888847,-0.0037384891623400565,-0.003362427158462233,0.0015640756478480947,0.0030926278249604135,0.0012135813924905295,-0.008234362960276574,-0.007934634553952434,-0.005244127170171787,0.012807976548533532,0.0003324497128071396,0.005490659162301242,-0.004551569197893528,-0.002426984146187115,0.00995630171827674,-0.010252401229432209,0.010025108055268803,0.01879677129630404,-0.002361864371636409,-0.005467394724373924,-0.003990514267286112,-0.013175199482221848,0.0030188699591592646,-0.004071734356095477,-0.0031827320212303063,0.000866365921909333,-0.0006589568212578994,-0.001593675222208391,-0.007332844053189737,0.004796004694611995,-0.004380365631155062,-0.004721914643610838,0.00427038565111607,0.002577335143289317,-0.003444467138170095,-0.0029760415595297806,0.006604269035821523,-0.008924044049581305,0.00045417792821222523,-0.0026151033121507524,-0.002003958378731066,-0.0037683795345221436,-0.002588021786421253,-0.00065063737492135,-0.004642717279648188,0.004891125042943498,0.0017129904295653704,0.0010552698638746844,0.009708475696151327,0.004522213700574076,0.00011039503427391728,-0.010256981538591186,0.006572131329826161,-1.4741957714889929e-05,0.008202514721447018,0.0034391081668608916,-0.0005955300233367527,-0.012656323690288986,-0.007950666032015575,-0.0002837265538049892,0.0013835428513953763,0.002236057739893032,-0.00418227085501947,-0.0025882908473272726,-0.011631316163707257,0.0034930432006058006,0.006031714432080767,-0.004007858910801798,0.0012922815695796243,0.00096198497395318,0.00040327487800326527,-0.001846445409025391,-0.007112410493059029,-0.005785124025633915
259,0.34901871123052275,0.01786669577475657,-0.012418448597689456,0.07666662419064496,0.2977309671313693,-0.01501340619827202,0.005698252655815346,-0.10639511614162458,0.0380415829941881,0.16850755408229576,-0.030918655868168582,-0.05753363641525504,-0.17368367086716194,-0.03062929887506148,0.008551826487242216,0.008553867208912245,-0.002486172317767549,-0.019270836578427878,0.0745648044984241,0.006287360678463498,0.009917687862156743,-0.00930325997835092,0.000537367957455525,0.012308438375538692,0.007649286280786669,-0.0008452765071822105,-6.347174498396856e-05,0.0008102730257969823,0.0021904857191472576,-0.0014630967161612962,-0.002940790030698355,-0.0021260894590790624,0.0034672602525920547,0.000759517005009628,0.002706710002715806,0.0002729558403665892,0.001668756160990426,-0.0005153525172186422,-0.00019266334450024738,0.0017273553308378344,-2.2703969316099096e-05,-0.0006206436520510244,0.0014421215776588528,0.00014019185668284268,-0.00044201687800916076,-0.0011112124967467404,-0.001077417384616595,-0.0008489799395482594,0.0006349849324357277,0.0007923430162970714,-0.00017491751739272726,-0.00010511774042954033,-2.8187419720157765e-05,0.00020608750227067837,0.0006301760593006369,0.000570540811382425,-0.00047435428850822324,-0.00040950986214373874,-0.0006674988063017394,0.0008095362072724349,0.000688749427695391,3.412725314974217e-05,0.0002139093525026503,-0.00040611775382875414,-0.00022356821933696845,-0.0001933892767006087,0.00011641280862391861,2.6540403184747334e-06,0.00028317881064538765,0.0003877739473511783,3.134743883296165e-05,-0.00031459334231113425,0.0006381303168703561,0.00021996714954642256,0.0005550677588438878,0.00013823261677816927,0.0001832289703610876,-0.0005692992689542596,9.578284434436459e-05,-0.00035912327613699113,6.263361242914397e-05,-0.0005535588400279467,0.00026909085012029386,-7.754439065428098e-05,0.0003214981041381522,7.151060884294145e-05,-4.478938660692885e-05,-0.0001775043701326103,0.00016975988781109202,0.00018196522607178428,0.00033190933924956856,3.723578856503927e-05,-0.0003608733000389241,9.1780104664449e-05,-3.7818377339766864e-05,-7.998313345908875e-05,2.719566519350416e-05,0.0001313157736846283,0.00012272160003160893,0.0004669862574122371
261,0.02192112453806873,0.056822108460310744,-0.004132471078153511,0.009673450803113826,-0.008058355529604435,-0.0025552873434305265,-0.005739643148829969,0.0009241567422917434,-0.01914757344433957,0.008404562924456018,0.014193476685203084,-0.0035057574866900723,0.0049172366089576085,-0.017245527058344312,6.722940954400169e-05,0.002541958822546507,0.010006434814196398,-0.002348172314375065,-0.0005304493005333738,-0.0022927900211840778,0.013149247589425943,-0.009239802894457147,-0.019594136480695176,-0.011636093524628695,0.0006115541497905706,0.009739388046690887,-0.024716781917742077,-0.0038676241158728795,-0.011380776830281669,0.006279460220017892,0.0004938451538570063,-0.0043163710921300955,-0.017970525550503984,-0.009445554589161577,-0.0032274778980627846,0.011605979416672603,-0.00032693734075751494,0.0023302058492062697,-0.0015482189349101225,-0.006940826141225796,0.001615912233251749,-0.003728303065505084,0.0035484808431276438,0.006510918913961457,0.008263163228570403,-0.010683662985367938,-0.0008777589683924505,-0.014256747572183566,0.009100499704035177,0.011880423424298014,0.00019541900257332454,0.007883412406877528,0.005054720091620546,0.006465844886198901,-0.003552281905168273,0.0018875979305245378,0.0011875749813421608,-0.0023748436972537857,-0.003026202167770034,-0.006433382319889953,-0.0025393695701370488,-0.0023369568493466814,0.0005722730927423375,-0.009077881688360245,0.006003339955418098,-0.0047256025449597325,-0.0055920750831275215,-0.00448922885314852,-0.005646078661970621,-0.00889410712241412,-0.003541563587516938,0.00400579536805671,0.01438377699223336,0.003892541798459647,0.007906499068155494,-0.003146239013777126,0.0009440221522691711,-0.0064386898557832715,0.011105140358614351,0.0057389226262123975,0.011452675825533996,-0.012863398610093902,-0.0016599463164843015,0.004852860795422024,-0.0018299238061256998,-0.002877402628606562,-0.0052169658005342,0.0015003597633147846,-0.0059225141854986315,-7.12930376115238e-05,-0.0013637702521114667,0.0002856338747266401,0.009189759895268598,-0.0024061267808343874,0.0004709453559004511,-0.0006434741745890043,-0.0013375412093148994,0.0009500100444296428,-0.0010832482978804386,-0.005064067853010604
262,0.47956463043863984,-0.0017053363801636467,0.008487451744174866,0.06666273025358532,0.23646922650113375,-0.16858725273487532,0.018025012444745206,-0.1275482256717444,-0.0007376590862254399,-0.008523419801503665,-0.0016313132300889526,0.08771102365837187,0.12785034215740315,0.004955053523722988,-0.00698553677530402,0.004646181640709528,0.010725569487032426,0.008775427370429868,-0.15783745115289421,-0.03383209353365083,-0.018552554870051655,0.01569395283404033,0.005840014392783681,-0.0125114790305853,-0.005757747815451022,-0.00041008225617029503,-0.011899622767127438,-0.00040207496269842075,-0.00011221802656153235,-0.0002604463728322968,0.004401589639631977,0.0021922900993862184,0.0024056802683018164,-0.0028144758555541344,-0.002489031612377744,-0.0011475402406931853,-0.0001638314294825768,-0.0002541226714353174,-0.0018666627298995334,0.0006835905887463972,0.0002322105293049232,3.529593194701128e-05,0.001003927548954532,0.0009487967944787615,0.0007012486519850523,0.0006479450577495653,0.0009616108209898912,0.0001268092424161623,0.00019072650461780696,-0.000488494798427248,0.00011130496230216797,-0.0001699954293086658,-6.320465444072327e-05,4.689187966713901e-05,0.0004217075002665653,4.401251516584768e-05,-0.0003217456095081729,0.0006244225347822349,-5.005249416618631e-05,-0.0003145152781191422,-0.00013306856727082262,0.00013102565921352697,1.2901431212837522e-05,-0.00015172631728718196,0.00022232961926739784,-0.00015745888229238972,-0.0005106325481584199,0.0001241499189761166,0.000270861204900566,8.684096509964042e-05,-0.0001832863726204647,0.00018359311044164987,0.00036987113506973645,-1.9060009428426786e-05,-5.9603509953320326e-05,0.00012476765931468235,0.00018585723801848664,0.00042358512626380684,-0.00014381924082075976,0.0007178288216230073,-0.0002707700751601885,-0.0003722411991625926,0.000222118631592051,0.00025528576437293106,-0.00014548148631958338,0.00012091016483722951,-1.0272938141122701e-05,3.383421715655007e-05,-0.00016258918850055282,0.00019814757292862105,-0.00020680854803410502,-0.00015773221610908012,8.923164590294235e-05,-0.00034634288257859975,0.00011894767263075415,-0.00014909881362419153,-8.918729235038127e-05,-2.2490038797705076e-05,-0.00013267226439592802,-0.0004594416374884354
264,0.019626799160293397,0.06262989756642963,-0.0009573949587777226,0.00391397147237464,-0.004132368541107846,0.0007057192156082699,-0.0073233210340811795,0.00046713023800590763,-0.016631180090086493,0.006585577095164278,0.007951076926697432,-0.0032996543019416986,0.0039052777139233622,-0.014328795768752936,-0.0010240423173358902,0.0031832867912444484,0.008945424062295407,-0.00017693039473172726,-0.00032862157090803875,-0.004038751987790611,0.0104918552705194,-0.0051544380906601885,-0.01576940426465304,-0.014374534663432043,0.001074618596853362,0.013680932032376296,-0.016785759196004668,0.0032513345890873846,-0.004526399099746969,0.0014000917185366124,0.0006479809614252587,-0.001671091115465723,-0.00894003756279998,0.0003739933242128832,-0.0011828356687816012,0.00950166946610906,0.0031542132705479247,-0.002046648950811635,0.005704221851945468,-0.011742905378317119,-0.007976049443624194,-0.010357353224328215,0.0030525945192680973,-0.005952539729677206,0.004752111392368429,-0.018198696391877992,-0.008805299851987563,-0.012359218132281354,0.007050873756109467,0.03436164849939094,-0.0012355628309062053,0.005187560682922962,0.008110080911872175,0.011598930710246038,-0.011002561437261709,0.005177948184515064,0.012137543592192393,-0.0062875763704931704,-0.007021018387001662,-0.0028724653216394584,-0.004508305581794211,0.0038072150478411634,0.0018087858092208856,-0.0009458092931866284,0.0008852714451567466,-0.010552687025350648,0.0036729341845293485,-0.012763641981342604,-0.001165721641303663,-0.010893348893654937,-0.005668654475026083,-0.006142359157014842,0.014755592545128843,0.0069785384029577785,0.0032254422876849425,-0.005933029759192248,-0.004739611903750961,0.004695471900283902,0.00412556787305863,-0.010806344538603234,0.004733274509021012,0.002962221619218108,-0.008798011443129498,0.020039319191098377,0.003826687393730703,-0.0007637899381134531,0.0008289494839933955,-0.00045947294731057937,0.002028006255709788,0.00455581170618415,0.005425273835044904,-0.00020739011793393178,-0.006675530683964362,-0.003192877699440208,-0.00022137084838269873,0.0010211551553992247,0.006509456943715202,0.0046034220158812774,-0.004364141673245581,0.0030950986778900346
265,0.6788073019818762,-0.07562844837661643,-0.2069238471247955,-0.016301732051141635,-0.04747232615292643,-0.07884436413464109,-0.002527044173966668,0.011549452606458638,-0.036375928192409264,-0.06084278251471521,0.01970913168218654,-0.03696007009002122,-0.03129180188220479,0.00460712984900102,0.009707740774399702,-0.0023863634819336075,0.0007886549269929307,-0.0006030523072457862,0.009403865045742695,0.000910550000872012,-0.01183165159543617,-0.08889101355473757,-0.004297847402176422,-0.037381311915966726,0.006628720287196032,-0.048747154608373554,0.012485328438447487,-0.0033226766992784976,-0.0011956107851733458,0.00720363011457143,-0.002323302630244673,0.00020253145120445654,0.003482451408272682,0.002345486508191386,-0.0009842554958880588,0.0003776180984180795,0.000391799207088248,0.0012634227704539864,6.43948793790577e-05,0.00046349792133131587,0.0005277608773095853,0.0001851241281946729,-3.2301546983267926e-05,-9.44244664120603e-06,-0.00031780473556042516,-0.00031662979020092934,-0.0012764786408041608,0.0005005265295024086,-0.0007276327603724076,-0.0007891469497629324,-0.0009279947484501787,4.5688211815322986e-05,0.00017664235570173084,0.00014471002092745762,-0.0005902321718371433,0.0001722161518243341,-0.00042515186488178736,-0.0001402166782187332,0.00038426731368416527,0.0007951833583872076,-5.3217868258547446e-05,0.0004889817212457804,0.0003603048267684086,0.00036668180759706506,-0.0007409981702259553,2.911367452891027e-05,0.0003629743538802246,-0.0002859638998516477,3.65269761809148e-06,0.0004317040785249828,0.0005511238960821144,0.00017457453039695367,-0.00041650010955780986,6.667649172603493e-05,8.318167924557216e-05,0.00036493192913415707,-0.0007850124178985264,7.274227343485096e-05,5.587209680662521e-06,-0.00015836458606745003,3.604570064829769e-05,0.0003627850576183342,-0.0003426628877818887,-0.0003679844161031539,0.0003395571256149614,0.0003899857996417345,2.2979451147712434e-06,0.00018356353421850716,5.244001235768351e-05,3.0614913905368255e-05,0.0001280856466032788,-0.0003159570496240239,-0.00018018007874475488,0.0002531064080337429,-0.00048613441622253316,7.248778254789957e-05,0.00010342110412994609,-0.00011961050556245635,-1.3849162791852233e-05,0.00013403821170290738
267,0.02337694850057317,0.07027886939145131,-0.0009471286385277001,0.013100483544462969,-0.007076889549047833,-0.0013530829866453763,-0.005437812758957688,0.0036486584331893437,-0.01251844243483825,0.008858058717114283,0.009749879711162694,-0.0028369598084833393,0.0038238608734915257,-0.013524435395274821,-0.0015988177192477091,0.0007335394127047903,0.0075695564339358645,-0.0036432866184627653,-0.00022484542899572305,-0.005777767968263752,0.010140866903560046,-0.006079583703204515,-0.015658209001226327,-0.014496675565794918,0.00021173875277378062,0.01539198642226325,-0.01871912666150676,0.00044304217854264946,-0.009956677122049997,-0.001533885530101833,-0.00015181899689734426,0.002332286661343845,-0.0002501061048822713,0.0028492811745510346,-0.0018421954068217148,0.0022897964520930004,-0.004636015433101563,0.0032161749722349592,0.0038686180808093266,-0.014452058862678897,0.0009133765126534155,-0.013646456456084756,0.0026448929410372063,-0.0019812876286326112,0.007488943630828533,-0.014600373097233263,-0.0049674112741988526,-0.01274487308972688,0.0002564472469770116,0.017234255510028555,0.009836402886977987,0.004472817512784699,0.005186396101228743,0.008067855308198413,0.003746306400546703,0.003605395192165263,-0.000799169342553546,0.0010441592254605526,0.004430723062105428,-0.002045547264481021,-0.006152121749754495,0.0053885585780661695,0.0034877095583457653,-0.006592029679609038,-0.0005366957957061841,-0.004255293547594417,0.0002004495845499659,-0.006251787645278152,-0.0029808794766149477,-0.010632039087609893,-0.0032801699692112294,-0.004627756902336408,-0.0007870765510066323,0.004501040286242008,-0.001163738917022236,-0.005885344586279524,-0.007871199136139503,-0.000451425649633401,-0.0007678244667409822,-0.007169192363240609,-0.002495858598203198,-0.007235927558538934,-0.0007290883357712248,0.013548303857205565,0.002901949150236331,-0.0023206140662326664,-0.001321584145845292,-0.004293721712827244,-0.002272196526166778,0.0024868905825053507,-0.0037498494473805787,-0.0003576482690392397,0.001571810357713772,-0.0016213506830969244,-0.003956034181095442,0.004367289204499373,0.015483066635563422,0.009504396369936377,0.0015786839346520164,0.004190097336975659
268,0.4395264399257898,-0.026983448580788296,-0.1570565048413555,-0.014228453295186138,-0.05425426056659936,-0.11456986346298378,-0.04323597064953727,0.2388600999133845,0.13154721247582593,0.1844306035509488,-0.06618607968786552,0.0682328792193364,0.06383274821693223,-0.008379250142749728,-0.02716618257630449,0.013728714880709186,-0.011841350171070327,0.004264970380179524,0.0013071309598341964,0.006685500714140347,0.00837930462945733,0.014621863955378988,0.0021625811169316903,0.0025967197191822133,0.0007698426385921558,0.003979023892410751,-0.002936843814857838,-0.0013582341344179666,0.0030333323163873878,-0.000900802271089272,0.0013417220425273435,-0.0018037650690674455,-0.0011402477807770537,-0.0017470238748699502,0.005553260436109717,-0.0013207698761009857,0.00031029312019843313,-0.003516760308167702,0.0007033489575056526,-7.58573419088987e-05,-0.0006675741493415906,-0.00015059039251636455,-0.00048583167965035975,0.0008941633662137949,-0.00047745371713771236,-0.0006708575637477913,0.0007612231406720464,0.0006417873157165995,0.0010752085359375955,-0.00010260937212058167,0.0012178919550829535,-0.000528269755710724,-2.5577206295266442e-05,-0.0010023499970351147,0.000640530567215919,-0.001214100989290964,0.0012038342052924172,-0.00023515217775558692,-0.000867836158812627,-0.0007977871524486762,-0.000598825333143496,0.000653156715063652,-0.0008337428361767938,9.983124907584518e-05,0.00047732578208026233,0.0005698208809631115,0.0003687796670015209,0.00046087001350701,-0.0001293306704086356,-0.00047366954613604066,-0.0008472443569169677,-0.0006680577797801146,0.0004978558145611137,0.0003177005279917565,-2.4344028280729032e-05,-0.001777674613202514,0.0013503207288619683,-0.0009139009398661307,-0.00027419853864860496,-4.167719512351354e-06,0.00038562009726250565,0.00014923172365332947,-0.00039117249755816705,0.00024520043804524797,-0.0007032928451904563,2.2232904364727975e-05,0.0002635927591858135,-0.00011333516917802792,0.00026080769835840317,0.0001331062698552012,-0.00010424491339166843,0.00024027200176173782,-0.00032967325825678147,0.0004130266090595112,0.00045357698637717376,-0.00041259036173052347,0.0002661948948652473,-0.0001478910830720418,8.44916303501981e-05,8.863488576960475e-05
269,0.01956384347117779,0.06713558026366691,-0.0014391800165585206,0.005886526764483482,-0.00365386758041777,-0.0024100846031626932,-0.003096672029188787,0.006549509145424213,-0.010448639963643794,0.009637065614735199,0.004189885232696534,0.001332906384266889,0.0048908902326124624,-0.011811136807280785,-0.002750601827450477,0.00298431316736677,0.004175570280588765,-0.006577693962617137,-0.0017321704219946203,0.001747264446630758,0.0043429532109096865,-0.00323370075517343,-0.010960651295725873,-0.011560675603772209,-0.0007305476304258494,0.014602646420826686,-0.0064105089575699084,0.002884908888759668,-0.012554086142217652,-0.007021980761224535,-0.0023629860620618575,0.002307828725731972,0.0022848565086951485,0.002508997221066911,-0.0007155869828364977,0.00010522380258318824,0.0011762489515783734,0.00968502311196151,0.0024509168122979702,-0.016434433678945752,-0.0025962815232311197,-0.009079291393906942,0.0013769595486459326,-0.005805416921891557,0.011669182794876082,-0.009066395137646467,-0.01216194040626559,-0.0019057362603557444,-0.0051788730477206665,0.011218570107252086,0.012515514192262194,0.003502653541760426,0.0007410902939030515,0.010086336625041298,0.00247358279154281,0.00747568384058328,0.003613207022766835,0.0052458334125826305,0.0005037968740488875,-0.0020516932212008825,0.0006893219017093221,0.012829309999116932,0.008414107934525036,-0.002201658586808839,-0.016897027915421966,0.0027619960181076227,0.0034464725331172287,-0.0030887831538346814,-0.009635831173972176,-0.007700586970646121,0.00382968421217963,0.0045416807029065275,-0.01272693512732307,-0.00028821082433156265,-0.00902577885681489,0.011954209652598686,0.00027503031712663767,-0.007165609640160124,0.0007100149154679163,-0.010755384839571244,-0.011317821036107333,0.008242344055914591,0.008412702067421786,0.003345119630323866,0.010373421039731824,-0.010451120710804576,-0.0021919771546822105,0.0069024400973847645,-0.007073144935733571,0.008926833674541028,-0.007022177608155231,0.00897448382581888,-0.00020399417027817102,0.004473543772589477,0.0076326492732241135,-0.005958465848429371,-0.00020552799813834324,-0.00803685821607175,0.0064034958025551685,0.0037957988791988036
272,0.6788073019818762,-0.07562844837661643,-0.2069238471247955,-0.016301732051141635,-0.04747232615292643,-0.07884436413464109,-0.002527044173966668,0.011549452606458638,-0.036375928192409264,-0.06084278251471521,0.01970913168218654,-0.03696007009002122,-0.03129180188220479,0.00460712984900102,0.009707740774399702,-0.0023863634819336075,0.0007886549269929307,-0.0006030523072457862,0.009403865045742695,0.000910550000872012,-0.01183165159543617,-0.08889101355473757,-0.004297847402176422,-0.037381311915966726,0.006628720287196032,-0.048747154608373554,0.012485328438447487,-0.0033226766992784976,-0.0011956107851733458,0.00720363011457143,-0.002323302630244673,0.00020253145120445654,0.003482451408272682,0.002345486508191386,-0.0009842554958880588,0.0003776180984180795,0.000391799207088248,0.0012634227704539864,6.43948793790577e-05,0.00046349792133131587,0.0005277608773095853,0.0001851241281946729,-3.2301546983267926e-05,-9.44244664120603e-06,-0.00031780473556042516,-0.00031662979020092934,-0.0012764786408041608,0.0005005265295024086,-0.0007276327603724076,-0.0007891469497629324,-0.0009279947484501787,4.5688211815322986e-05,0.00017664235570173084,0.00014471002092745762,-0.0005902321718371433,0.0001722161518243341,-0.00042515186488178736,-0.0001402166782187332,0.00038426731368416527,0.0007951833583872076,-5.3217868258547446e-05,0.0004889817212457804,0.0003603048267684086,0.00036668180759706506,-0.0007409981702259553,2.911367452891027e-05,0.0003629743538802246,-0.0002859638998516477,3.65269761809148e-06,0.0004317040785249828,0.0005511238960821144,0.00017457453039695367,-0.00041650010955780986,6.667649172603493e-05,8.318167924557216e-05,0.00036493192913415707,-0.0007850124178985264,7.274227343485096e-05,5.587209680662521e-06,-0.00015836458606745003,3.604570064829769e-05,0.0003627850576183342,-0.0003426628877818887,-0.0003679844161031539,0.0003395571256149614,0.0003899857996417345,2.2979451147712434e-06,0.00018356353421850716,5.244001235768351e-05,3.0614913905368255e-05,0.0001280856466032788,-0.0003159570496240239,-0.00018018007874475488,0.0002531064080337429,-0.00048613441622253316,7.248778254789957e-05,0.00010342110412994609,-0.00011961050556245635,-1.3849162791852233e-05,0.00013403821170290738
274,0.6659638577600409,-0.07447354619244533,-0.1972365588236087,-0.014377878722375833,-0.035384031526464944,-0.0917915190786618,-0.007747138219017031,0.040585497655325854,-0.05034116187329382,-0.09548099548079654,0.03196341026923901,-0.08227579292395465,-0.08642957722830395,0.013219382781073954,0.01643190758605183,-0.007291852545633313,0.006897791847773286,-0.004153646812969091,-0.016427506562326517,0.004165069761033864,0.026533304075841323,0.15388137763549556,0.012569001575961514,0.04985895460358991,-0.018625683603845537,0.06699249140928479,-0.01713488022132757,0.006172038389930577,0.0004401333765502235,-0.014407330399470845,0.0003532451539261332,7.610226196466391e-05,-0.004820812776186211,-0.002605217110769293,-0.0007209826507344395,0.00026021748046228544,-0.0005356227580903216,-0.00032998458701813675,-0.0012767436872450095,6.66458681528126e-05,0.0005514551322300495,0.0004942733699660764,7.419941469769846e-05,0.00022770488757213657,0.00045303256490614283,0.0011884397137668153,0.0020522463161132525,-0.000641660612470236,0.0007992794015949036,0.00011170021872983769,0.0003333431912830024,0.0005438349608915638,-0.00037676378071959066,0.00011549843965407295,-0.00014206429252276132,0.0005142708313510883,0.00020635284470141914,-6.747306813822095e-05,-0.0004551880034456483,-0.0005504672845900102,0.00032548584864959583,-0.0009750769202636029,-0.0001416235528568906,-9.064990837000818e-05,0.0005686619129062964,-0.0001767471563640023,-0.0003746344964499793,0.0003158476090396664,0.00019912806477315155,-0.00030384988023561034,-0.0005798796709551577,-3.186233979896044e-05,5.632671269667684e-05,-0.00026931873364273787,-0.0003803809506948409,0.0004904703609490382,0.0006796212846161097,0.0002985132329316387,0.00017986120467705714,0.00011828559860425501,-0.0003589610747764341,-0.0005594153058893951,0.0004969791503640787,0.0006018098705183282,0.00010681036244379248,-0.0006707785610487591,-0.0002019356888485305,-0.00020164922501976902,-0.0001786783590738459,-0.00035993805861425133,8.746499039869454e-05,0.0006155409785016159,0.00035679809447634983,-0.00029718869414157537,0.0002665618055846086,0.00015008613900025213,-0.00033303304510912926,0.0004453123632217229,-4.015850501427106e-05,-9.499564487474497e-05
275,0.020530628584458338,0.06684022360977666,0.0004510943642888017,0.010045621464182062,-0.005966109114943278,0.0018981496747188023,-0.009919825557300919,0.0048117453136086496,-0.016029410757040233,0.005964160882165713,0.005885704048301768,-0.003976385145716753,0.004997693778275411,-0.007738822393598466,-0.0009414693514243859,0.0023945752777651706,0.01040926656076226,-0.0048315844814440494,0.003145761149119331,-0.008801384704977619,0.01398611455742718,-0.006051433250042956,-0.010350348677918536,-0.014096516769062676,0.001674947213072469,0.017429646049090426,-0.01789037310443885,2.1494583200909523e-05,-0.006964662767505855,-0.0050966909900064085,0.003403542577080283,0.0007897014820057035,0.012800012323210104,0.010548998977059895,-0.0012403453981173049,-0.00820158002955496,-0.0061869509311058115,-0.00183375507306793,0.002140751988963994,-0.0053203849140852355,0.014673697903800326,-0.013059432486741575,0.00153978112434256,0.003487099049296338,0.008763774846823162,-0.002904665562722397,-0.0018903707258674024,-0.0014897597950720512,-0.0038623400415179593,0.012659437531238901,0.010741680891037783,0.0016909759007484027,0.006016354191239882,0.0008344034748648874,0.005067144485367458,0.012471461181934674,-0.0030124449766831987,0.006567988504547249,0.00810275708600868,0.006542523060481241,0.0015844072815448015,0.004409922164890549,0.009451435316581474,-0.008775621897174051,-0.009723306151015756,0.005237979418133871,0.0005129235059791921,-0.005147191473186535,0.002416104666068771,7.645308363161134e-05,-0.0030380576292046656,-0.0017954241413560708,-0.0037210796833841843,0.004181543503331318,-0.005146913374759587,0.01001947815305665,0.002481532938080741,-0.007864545189759061,-0.0003824564154657259,-0.0014594992070958842,-0.00174993225574084,0.002440245705990638,-0.0010491290302569994,0.003410704458490237,-0.004500716869179644,0.0031368220462712976,0.005565186130942383,-0.0059628390171055584,-0.014066997267138209,-0.005891078746813854,-0.010170784192036642,-0.0009452059774660616,-0.004348691767307889,-0.0017705562111801079,-0.0017397599146601595,-0.0020080055873146108,-0.004256197860238005,-0.010565782702401876,0.005696991254507876,-0.012595084911691628
276,0.022748694792288335,0.06979501754657998,-0.0005645570997385771,0.002658754971601811,-0.0013745464388871236,0.0009372813452954587,-0.007334782291512017,0.003426414019013438,-0.016726021117193752,0.008129168272716886,0.008576874670679349,-0.0009161668071317997,0.0034553663505334296,-0.01135226169333723,-0.0038367717273385077,0.0011463456581505792,0.0058783396635563815,-0.0027343357096854897,6.899613844548227e-05,-0.004685323350271946,0.006920219644964135,-0.0037513003622609,-0.010955253446474342,-0.014170404501886972,-0.0010911056137497988,0.016365008362619657,-0.012467541524935528,0.0031553184088581707,-0.007871824593862549,-0.001410207606054181,0.003934806439874498,0.0005002527472179977,0.006997901972179722,0.007660342660726244,-0.001196392852531594,-0.0014851557988150102,-0.001029785323325447,-0.002604877677196648,0.011625591079335126,-0.0031533457696184476,-0.0028293729606717255,-0.015292084396891338,0.0019844467152844146,-0.00678558526670384,0.0076543088903276366,-0.004349117973861399,-0.007534950096428518,0.0020971689739751162,-0.0077489207391690995,0.008122379244549878,0.005625622783392058,-0.005498076535679381,0.0012689624136623691,0.003440179520329626,0.005042528960532164,0.00699501923350865,-0.002765052980887852,0.009048021981724282,-0.0004573970806921316,0.0007818170073343459,-0.0034094598485839823,0.005373731529393726,0.011631217640008124,-0.004637041489119075,-0.01200412006542805,0.004247177938303637,0.005298647593717236,0.0036997448857223475,-0.0015723961531603815,0.008663518493904647,-0.0031636422606017276,0.006285392456786741,-0.008892098425399805,0.0011438540953316925,-0.005079395003150512,0.007005914016773692,0.004254655165459372,-0.0004512184287504412,0.0004980628815950887,-0.0014847387462841634,-0.001942134110964681,0.005445948376011009,0.00429601725287766,0.000450102144673658,-0.005275001967058236,0.003894950648550992,0.0021630419694868004,0.005609203390684859,-0.006566120208975642,-0.00485686898116859,0.00028238398363463645,-0.005306756133284133,-0.00647619023466457,0.0025439733252919077,0.003518637705045881,0.0075326757124516055,-0.005322258445046133,-0.00033580770485347884,0.008382510308196466,-0.0021820748010803596
277,0.6416962053635668,-0.07866267952611002,-0.22303721950805555,-0.02393725522036765,-0.1424206239938543,0.17258139303194447,0.0568017028135419,-0.2033875049242685,0.019123623966294915,0.043305219138088574,-0.02683443259478072,0.10720888676463694,0.10633838284323016,-0.01800463374418056,-0.006172209344153965,0.00106920566729587,-0.010953078690742815,-0.011466360326461507,0.0940079301224456,0.00933248451776386,0.012484050186653287,0.021937388372050417,-0.006604032882979564,0.03167605047805749,0.004525556118732959,0.02187287739629294,-0.0009666465288879126,-0.0001885966192990596,-0.0013581605735081919,-0.0033019312472139023,-0.0015122650172728807,-0.0012051272075448204,-0.00020258473631291012,0.0006575872540239852,0.00028376219165860274,-0.0007453880041774188,-0.00021693148257995426,-9.120175315855426e-05,0.0009840761419426716,-0.00018989738839254205,-0.0005933724055589501,-0.0004104491190225582,-0.0003470764531988064,-0.0007900168641550803,-7.492062617275841e-05,2.8773318454406702e-05,-0.00015260748178261247,-0.00012249532595615687,3.324982849739499e-05,0.0007560826348519497,0.00027648460976168853,-0.0002322823550878197,-9.328914725831956e-05,-8.757252689777672e-05,0.0002950353434426914,-0.00010105879487449521,8.734931594556682e-05,2.1467656028405268e-05,0.00023189616048702354,-0.0002494042385364921,0.00019114608315617867,-0.0002785108598549106,-7.061650074931383e-05,-7.693722634342772e-05,0.00019363908285564705,-1.3582218208096211e-05,7.5537391285569435e-06,0.00010005533062605575,-1.5010255711682549e-06,-0.00018644583156730713,0.00010361124640437461,3.380390193086371e-05,7.854419332826621e-05,-6.517632874468864e-05,-7.411341018685058e-05,4.057901443237051e-06,8.45555514435565e-05,0.00010577283286832107,-0.0001095249488179021,-9.353631666990045e-05,7.103968575308722e-05,-4.20815232746551e-05,3.301097795474614e-06,-5.88190324090211e-06,-6.948158911054041e-05,-0.00016144189298383002,8.412738965610885e-05,-5.2132038839848745e-05,4.818274610387632e-05,-1.7195569605335786e-05,-4.581315346459565e-05,2.3864916088924283e-05,-0.00011794214606583372,-0.00010670929008912408,0.00015930065899595798,0.00014764791080901034,-1.819508191779122e-05,1.4635017399964402e-05,-6.084804629310559e-06,0.0001616500895948702
279,0.023526501835338186,0.07098078336298727,0.002239457991162992,0.010461779245496258,-0.008734386356226509,0.00525361507260237,-0.005827445635454854,0.005547873731031384,-0.006612599990167572,0.004507683640367157,0.011788075623359904,0.0016467050975161547,0.0024387316658841898,-0.012355632603486016,-0.00017227831610071808,-0.001632603484019368,0.006970326268524806,-0.0047413590992273075,-0.003501922394195333,-0.002071934882907574,0.012618469401913008,-0.005465090380303414,-0.011403277445614493,-0.01126508239518507,-0.000588517674302796,0.011505333566582185,-0.014640926621094699,-0.0009546360887432427,-0.009832061250292795,-0.00028265698060540623,0.0035978050025761866,-0.001888987458398621,0.013564994061531775,0.006874985560290531,-0.0025292677458390368,-0.0035384058585247254,-0.004248698486968967,-0.0010270768761220029,0.008034489178518841,-0.0011842040657559661,-0.00012939674307396558,-0.01445799462302111,0.0033595568906786585,-0.0016089262989492823,0.009471146796267727,-0.0057122945669178865,-0.00023989998877107087,-0.013653897518076994,0.0008278498992396213,0.00531906262275343,0.00785013553341933,-0.0013818248628916304,-0.008279193956768833,0.001458375723773358,0.007258072633897457,0.002967110519011162,-0.015747238548230357,0.00405564574066213,-0.0029521584048906534,0.01214179221594223,0.0051150867646935,-0.002633864438825485,0.014585444070811355,-0.01253764826845136,-0.00022358403486705787,-0.006433623255435386,0.00965085760138321,3.936951643681635e-05,0.008268657908011855,0.001449247413303338,-0.00934060176832005,-0.010954888137927388,-0.01197613457311061,-0.009619405902556081,0.005350677855362683,0.0036545487075804253,0.0024064099641842576,0.0027698574339284675,-0.013478067051104865,0.002561029260270041,-0.008128502375992065,-0.004584650478384484,0.009743223594627285,-0.004499693883327514,0.002655793242831243,2.7674737626005387e-05,0.012390046736013462,-0.01202429193558836,0.003321330820328226,-0.01087826892935296,0.001910775726054141,0.0077787922896856805,-0.007172751603278793,-0.006971227507527978,-0.009376166832015075,0.004290289681113129,-0.010389976913190739,0.0005593085550575369,-0.0042722481437213475,0.0017499874782531315
280,0.6267766303572331,-0.059242341965904735,0.10643408327753588,-0.0013291938446543293,-0.042162512543479136,0.33740291238080106,-0.0037590415538816136,0.03827095039237852,0.03641561326918653,0.05056919303835044,-0.00395515729430376,-0.045007145882800956,-0.0645555352718965,0.004573163958182292,-0.0027890951087011905,-0.001147040272493221,0.016342451569121234,0.0173618621838984,-0.14199455243471143,-0.014051587028147003,-0.019421514846885705,0.01819950305898341,0.002406129900568097,-0.04988567952669021,-0.02388301405620257,-0.026442661448173577,-0.003218691160707697,0.0030351030471488624,0.004255101102742173,0.004951950195321422,0.007675689933946007,0.004224925002875521,-0.0007319443241690228,-0.0021515785849284706,-0.0008096503446865327,0.0009594768828108943,0.00024059505323505175,-9.853658756351194e-05,-0.0008089429814574987,-0.0003347533015305355,0.0008068887499172214,2.0630733984929175e-05,-8.881486481811468e-05,0.00017307953918661585,-9.118475061444129e-05,0.0007769380760435335,-0.00046820790811297864,0.0006872474523348242,0.0003034087758799983,-0.000683319131455873,-1.9252270694609724e-05,0.0004726963352991065,-0.0005885768745077733,0.0001775722847568761,-0.00039945826981402583,0.0004803509836010827,0.00031047093870294163,-0.00029555182229070635,2.7759999404573885e-05,-0.0001052185705237036,-1.765108337472157e-05,0.00016678075848592907,0.00022546440625353313,0.0001278740555665802,-0.0008578008812436599,0.000512741672576978,-0.0001377165917955585,-0.0002475533667035094,0.000393221539810449,-0.0002469820024923506,7.585768839481124e-06,-0.0002895641379391927,0.00017013489053984072,0.00013621170095565145,-0.00040616052384065464,0.00020339627248488058,-0.0001541569317102514,-0.0002707616199059419,0.00027891503033033104,0.00014304072967768496,0.000261014704332689,0.0001854514895013494,-0.000297629635977605,0.0004629542997382772,-2.980567239601915e-05,-6.862957771335075e-05,-0.00018521640756056026,0.0001591752358574441,-4.5100414303144104e-05,0.0001306718430184895,5.983760466877877e-05,-0.00021300095041147145,0.00011134757766991278,-0.00014998014784624368,9.887248779986697e-05,-0.0002385827591736605,-0.000358984908384306,-0.00012813345899241415,3.608663059656979e-05,-0.0002846963875602184
281,0.01867426466229836,0.06781590461759518,-5.1146598219961795e-05,0.009438107666849233,-0.00787012249501421,0.001430649659450091,-0.009659418885518476,0.003298247077177552,-0.016314567267485525,0.005457619022318953,0.007782485437510976,0.000796701755059463,0.0010229599380101623,-0.014568566614842689,-0.002889359731331276,3.566573990747719e-05,0.005157384539091097,-0.007058408137856512,-4.7594262351227425e-05,-0.007533915906091885,0.008366383143250371,-0.003968913220950975,-0.011748883352721128,-0.013100445403593838,0.003580066330964528,0.017123054037290572,-0.01748057125504547,0.0022496212249034663,-0.011222516209043309,-0.0057995941820008085,0.013705406048103868,0.0019128704351104254,0.017900446953729467,0.00686616092154704,-0.0011535772649371992,0.0007937644052847944,0.0035664802720347805,0.001328455340861782,0.0003702513264286294,0.005531547592984364,0.003895776034872177,-0.007719342248063615,0.003133546118928,0.0033354347722553577,0.005303121469996871,-0.003155400194384734,-0.004403133377884458,-0.003461085608216239,-0.001997296324969729,-0.002191425338240575,-0.0009557949995701306,-0.007513944125679581,-0.0009896739391695524,0.0033613503709000875,0.0029565962674067297,0.0027471087927603698,-0.009925914411190956,-0.0016237312751512473,0.005572142678272668,0.009774411530029139,0.007103803682692946,-0.0011306933624396047,0.004398374395766113,0.001516327072023284,-0.004524372983652052,-0.0003602456319429974,0.010317618856296484,0.003975241813067831,0.008988900172256738,-0.000670143927814167,-0.00822102346419468,-0.005760343314141029,-0.01611352833670686,-0.0024700278502172127,0.013018090541582285,-0.00013645475374740444,-0.0045954149950313454,-0.0021214596939665136,-0.011861364218315669,0.005582400409310896,0.0006651241831922366,0.01118689903919505,0.006447778572545408,0.002946242193660104,-0.009993852725786088,0.00657003470611377,0.005006130718325134,0.006342129394104398,0.0054042095835759,0.005793506556478736,0.008323646433175595,-0.0006750006279185872,-0.0032146798342931435,0.0023954800798676322,-0.006334288901541576,0.00525028798746232,-0.0005187203842083506,-0.0022883367088639005,-0.0039216586840411126,-0.003403225425062124
283,0.016339873981269057,0.060100908049186906,0.0016993805597996386,0.012612025861379448,-0.009728977807090745,0.0025170698973582205,-0.008763152754983225,0.004147830961672258,-0.015300268923468726,0.008284712702802012,0.008345291969052097,-0.0035455354408798936,0.004645626039631965,-0.010727000848661565,0.00012216804086307787,0.00404557719219134,0.005225920127245129,-0.005073604473767359,-5.765410815026667e-05,-0.0090797091980618,0.01159425160737818,-0.007359950707779292,-0.012056382978733548,-0.010795870988404545,0.0010570613950996375,0.015668006051429838,-0.016601196892702126,-0.0029210569870631088,-0.0066392365661683975,-0.005761078344401649,-0.00015757060510931194,-0.0007936690307388818,0.020443908508619123,0.0071387023261308535,0.00594404670438482,0.0019234510094214262,0.004952973006907481,-0.009022060188151038,0.0013254046461302622,0.004427602689391037,0.006365387302216044,-0.0034552520887637913,0.006586297165509647,0.006886349265660173,0.002775077129470672,0.002262190798479101,0.0002409751546930291,-0.005631126272008447,0.0017273040654510376,-0.001769258714607267,-0.004270468811686951,-0.00434052812569679,-0.003129950468195843,0.002733175184765018,0.005770044489149133,-0.002719723281221244,-0.007991666539959212,-0.004774427383936602,-0.0040045877876690285,0.0004161900359556898,0.0014374395437722134,0.0010952009169478288,0.009703936127874964,0.001519843929040201,0.0028988862392408795,0.004555600878213466,-0.00025015061393215537,0.00850844045208929,0.008084694492410012,0.0035785391661793285,-0.007335105525854232,-0.003427533880517821,-0.004123340753036059,0.008187348866401272,0.0021750164105403557,0.0008202505030621605,0.0030367306607103806,-6.594403164883114e-05,-0.002600202566379685,0.00441993159446635,-0.0004833347649851282,0.00016996018497419132,0.0078317366088616,0.0011490562251981766,-0.00461565317595103,0.0012343164499433582,0.0004250723498511624,-0.0011769559290406675,0.008347936897240643,0.0007774786820986352,0.009375484556364956,0.005237196763482901,0.007982276662025802,0.00489881183675354,0.005456641238109779,-0.0023634703932963862,0.0029013519832111197,0.0024603180258274673,0.0026601285955764097,-0.0014294363406086356
285,0.624884210209879,-0.06914291475454899,0.39681748508117215,-0.058721050758492876,-0.06929522010300776,-0.030729568890294264,0.003765822293216634,0.01588930182139136,0.0038872908710287433,-0.00715467770294765,-0.0011407533342892798,-0.008199333071672029,-0.013446970223105119,-0.0004061641334533804,-0.004130763250477981,-0.001000217314525568,-1.635244714856261e-05,0.00898453516143376,-0.01911841011582652,0.00516531233649161,-0.03556831210107053,-0.08556405181537359,-0.004992312069970025,0.1251441289060971,0.06003047023682016,0.08091219650071166,-0.004240183516046024,0.0006955261759727477,0.0009788879139357462,-0.0012076079425717735,-0.0025426520632141534,0.00039809586522355914,-0.0005734758367484834,0.0002661323764069095,0.00039667789506677884,-0.0009749810307289355,-0.0001740467382287782,4.166049026077156e-05,0.002174030574606044,-0.002290531878332557,-0.0033569408568386626,-0.0009031782918655075,0.00012614594655186492,-0.0009696597381070558,-0.0008867741171676895,-0.0013665587311111472,-0.00012809305119267713,-0.00042303207038707675,-0.0015220163239454822,0.000874312610826041,0.0008503816260166233,-0.001001481126654117,0.0006087025730607227,-5.9971636171571e-05,0.0002611479086121238,0.00017288022071751337,0.00022126476405394065,0.0003262133410325902,-0.00014305715109897858,-8.389379026440451e-05,-0.0002469189600400865,-0.00012500280054279469,0.00044720604874932127,-0.00015446040619722222,0.0008652312143818425,-0.00036924907777534426,-0.00033351169657456256,-0.00030152767336991116,-0.0003049208410325822,6.81189064814571e-05,-0.0001902650486071438,0.0006427102026077441,-0.00015289140896573535,-0.0003289444731317718,0.00047533890108249335,-0.0005255183797250205,9.687291075062576e-07,0.00044798650039587013,0.0002746816817318761,-0.0002288105963942771,-0.0002545084014454596,0.0004620040315267983,-0.000193457568979888,-0.0002554172284077652,-4.170766582475858e-05,-0.0002721157210257031,8.150884698614994e-05,7.17320176767319e-05,-0.0001417999641316488,-1.1219069187984256e-05,-0.0004367888004239936,2.3246476388184218e-05,0.00017618773696246296,-5.9536178990728374e-05,-5.168532125434918e-06,7.554433060722777e-05,0.00027403781768665534,-0.0001624207157359374,-9.181614800796808e-05,-0.0005258614104715015
286,0.01737058328500738,0.06332406238720932,0.0003684186366305268,0.01264536891535595,-0.005239321066952207,0.00048652383567890925,-0.0089063502429786,0.0038811633418738287,-0.012412205408328611,0.006292031757080143,0.005416598646605964,-0.0019657787359479736,0.004776847836760303,-0.010798249364310761,-0.00047638717266428043,0.0029838576114225453,0.007800840659452652,-0.006878024516337902,0.0010339395886187817,-0.005485642697237032,0.009149575260928253,-0.005196850508337321,-0.01000928936537045,-0.011778211464430479,0.0002840654325739333,0.016651903224352074,-0.015149637238681138,0.0015419024213102716,-0.007063435196216239,-0.00572794235670404,0.005749661985356824,-0.00034120738099262563,0.01900770003059929,0.006165176098503876,0.0032112952010115454,-0.003763890294039543,0.0018558379102888622,-0.005182970350240011,0.009952367766961682,-0.002529998992524218,0.004823206350388461,-0.006913422171733562,0.006927319342273309,0.006730782122068451,0.005391138237246976,0.0019100196079376809,-0.006535672163170358,-0.003512117830531468,-0.0010735665234643714,0.0029427043473932374,-0.007394117967761291,-0.007189330966896297,-0.0022709340754322642,-0.0019448388310104635,0.0018294738989232699,0.0009163337305032182,-0.006719896557158757,-0.003699219184459325,-0.003125057845157672,-0.0004137972873005703,0.006606065669049465,0.0038419787685561755,-0.000760249042043958,0.005618281248209558,-0.002626395117776038,-0.002403123632042925,0.003658550979034744,0.0033238320043464404,0.008121927992432078,0.005226682052291669,-0.0006384392028820423,-0.004747150132517114,-0.010172521340700477,-0.00015235706257956297,-0.007870762900553503,-0.0030299556680831235,-0.003757486940147029,0.015047655243948056,-0.0022141452176657824,-0.001872494802150704,0.00064853022499562,0.008330273703604766,-0.00018299540267321214,-0.0032125538703996976,-0.0034504334068039336,0.008042018222997558,-0.0011124590779119235,0.005742561767262185,0.010210328073189511,-0.0034597777929023365,0.01064236600345463,-0.005129932532364668,0.0033756877874015663,0.0038178317348388593,0.0009145779438455439,-5.831228713300186e-05,-0.004046373459756156,0.005401865360161926,0.00243296972990847,-0.0003108457831555715
288,0.035642220751973624,0.09569668976388077,0.03170409327310672,0.1394327099182352,-0.03824361699999137,0.009531991803404192,0.008370361816035688,0.008198039714306972,0.01740618520625012,-0.00047507215496077505,-0.0026937248232094067,-0.005009489606614345,0.00838360201057828,-0.007381104835212924,0.06395999435173633,0.015683172254629466,0.012136991864503125,-0.052799723777539914,-0.026910436851003295,0.002695193682469341,0.04569520609326898,-0.010048425757340506,-0.02301855414940398,0.024341280203973893,0.002454441577950538,-0.04075178225170496,0.00774426705973495,0.010913170730299212,-0.06494922096342126,-0.11983836199643098,-0.07529040089003648,-0.03606888613893514,-0.003651254541401534,-0.005387191164409739,-0.005484839831585838,-0.008720702108894347,0.0007715472426198733,0.001162791813874015,-0.0063841957527104275,0.012932901890567608,-0.002552968462637029,0.0020854425111993214,0.0035001281711652143,0.002693424575879735,-0.003981906729516627,0.0015304538422895443,0.002452826373158876,0.0020624251630307895,-0.0011835958670371326,-0.0017514903185851497,-2.4438623118487512e-05,0.0021616674654459265,0.0013163369240136763,-0.001501431460756036,-6.11844521935143e-05,-6.788305910232908e-05,0.00035604236726746643,1.9987770264621844e-05,0.002400449471393656,0.0008980241190552982,-0.0034153907353098763,0.0002997044322936695,-0.0034133855349395606,0.0006774108557114632,-0.0002449984657735283,-1.703084968162348e-05,-0.0004438988978622218,-0.001962493993628448,-0.0019364054361451887,-0.00011255757187914568,0.003169359925224018,0.002457220353636488,0.0022728220891310874,-0.0003943257416879564,0.00034374546380905286,-0.0002389889733926499,-1.9106746564552647e-05,-0.0010237249807282256,0.0001629631290683496,0.0008873413129856033,0.0026031281654494256,-0.0003000691962798404,-0.0016370188413252073,-0.0006944825446897237,-0.0006599632181726509,-0.0013998792242898947,0.0005188672727076067,0.00017827535185621705,-0.0008181361006470226,0.0010853110313864035,-0.0004525957573762331,-0.0006209619676728391,-0.0016145140613832878,-0.0012063157868963596,-0.000240238784067601,0.0004415126047388921,0.00027729309464276657,-0.0016118259816235178,-0.002636497879563566,0.000696577896345903
289,0.02746857183819812,0.1103227906072211,0.023645085788269384,0.21290058380497,-0.04783298418483572,0.002631195180162849,-0.0035692450021049204,0.02009427177011209,0.035560039466031056,-0.08758329454895965,-0.10396422083034793,0.06187380483557368,-0.04491201431762889,-0.0796523405102995,0.03772694809832378,0.005946123737118141,-0.005882775948888218,-0.12200118254115165,0.009502810904868465,-0.02177476957087958,-0.04781301464526203,0.0009776074786025277,0.06445892763883872,0.015767034234280004,0.01343466395697671,-0.0415278731709883,-0.09234384785634304,0.035021459836703794,0.035745498540864576,-0.0011782045735088834,0.0337730799708442,0.01642014625423658,-0.001624308972078731,-0.005062530306910185,0.010545953565339376,0.006451277603639198,-0.00010690203622865303,-0.002199312453920336,0.006139489969488031,-0.0013594808073707427,-0.003788882219625209,0.00031319782358249515,-0.0005664894466646466,-0.0018856603990637327,-0.0015206451058165367,-0.0004639070360008851,-0.00011879826074355198,0.002283734248336689,-0.0003682469374980604,0.0017305279434125555,0.0005352914813510831,0.0003935604907591843,-0.0004794851749413845,0.0006122187091945138,0.00039152698327935025,-0.0011491835842862505,0.0015914308799902953,-7.61468080746174e-05,-0.0010404062021112908,-0.0009868119382267213,-0.0002525934043595289,-0.0005024962457680177,0.000894354696855132,-0.0005543535565205361,4.1926316275014626e-05,0.00016543923127636934,-0.0002589313037096563,0.0011738400877680571,-0.0008666549647148359,-0.00173951721290284,0.00012233768992750098,0.0006009947042057979,0.0003158427282434383,0.0005691530989712034,-0.00021949203115881238,0.0008975893623108349,0.00018745042441973487,-0.0012384336044460478,0.0010099339253171473,-0.0001862011017087575,0.00014892659815190376,-0.00041274680054784576,0.00026612850263746797,0.0006353219951577662,-3.302828732349121e-05,-0.0014328649911764081,-3.55599602291665e-05,4.64821785896408e-05,-0.0018635046381910746,0.0002297915208734786,-0.0005911086251769315,0.00019557798643351067,-0.0006335705377300076,0.0002872590457190641,-0.0006879607083063728,-3.620852301734775e-05,-0.0006018876232327004,0.00023315487545920023,0.0007360299931977992,0.0003319087319085406
290,0.4393027719380487,0.003564089465156611,0.08444622449340414,0.13374462955527142,0.27858530154095673,0.16581078137510247,-0.051434744056026174,0.15587870425738143,-0.043310639439312196,-0.11568999038405392,0.02738576455698926,0.02633717035910363,0.10573423666905295,0.028397188961916266,-0.007838885107891342,-0.0021911098977178836,-0.02165066450174143,0.006421331821166611,0.10425620765386337,0.0043132962662997786,0.011055823964622753,0.004148168460666686,-0.0033881922136102085,-0.0007061648363768226,0.002259677673422265,0.004500883989079316,0.012533180446496749,-0.0022346706335342682,-0.0035739234392434148,0.001690235259250852,-0.0027689065497341664,-0.0026801885652606708,-0.002028156745367599,0.00011943004439740211,-0.0007052110726924019,0.0014300769222286211,-0.001506116377067459,0.00048034387450869315,-0.0026599309439462745,0.00026911715746130867,0.0014448917933114545,0.0006933205440944178,-0.0015675562862595858,0.00010433058079055909,0.0005991390511849355,0.0004273762841322289,0.0006063678371154433,-1.9230153830065945e-05,0.0006575910562094275,-0.00011773135893119655,-0.0005118337900061103,0.0014601617301016052,-0.00010082551942576165,-0.00010381131211108474,0.00017472715188467726,-0.0008933192432246308,7.820628600503806e-05,-5.93845200394837e-05,0.0003732255957927053,-0.0001919665308509846,-0.00010208307690526665,-5.3717759025967296e-05,-0.0005039961718770213,0.00018275001474934744,0.0006600086210120352,-0.0005155365573866504,-0.0002482523144919555,0.00012998069871444744,-0.0003191788498749584,0.00026330159391350563,-0.00022326892020638743,-4.034540817664744e-05,0.00017816699727845622,-0.0002504252084258512,0.0005986524144356916,0.0001973854196859357,-0.00020415923611831802,-9.907239868303289e-05,-0.00034610046968087217,-8.116555810252666e-05,-0.00016184141824779444,-0.00023469968979807337,0.00019544762086946333,-0.0003824634583915347,6.7355357422481e-05,0.00029941946776268263,5.881655017577598e-05,-0.00018436378625253118,0.00015076896929204205,4.879648608252881e-05,-6.611269123423251e-05,0.00025154895208845515,0.00030256341048794214,0.00013732202446797468,0.00016445328976917692,0.00024654608530837304,0.00042289175000896476,-9.40919514299675e-05,-0.00018689286880750025,0.0003150519885089523
291,0.017484758966715145,0.061424471588145034,0.002630903448091142,0.01429422386411343,-0.012711561473452256,0.0074780677939380044,-0.006369754515178658,0.001430705183935187,-0.010263504489748611,0.004935290366289611,0.004569297276598638,-0.0008402249250403548,0.002622428929174993,-0.01116958672085767,0.005425590522607274,0.004505745696884659,0.004723975501884897,-0.01027924448011652,-0.0038299464612054687,-0.007344505334389997,0.01136946646857123,-0.005459776857111633,-0.01209837830655217,-0.00991851814841063,0.00021856529431768512,0.008271974302044098,-0.013683825281784422,0.0019251625230414517,-0.006199073719567145,-0.01434020527576763,-0.0018957329610879996,-0.005765553269925476,0.017828996571869517,0.0012884490403521419,0.0046129543835792715,-0.0014713617030829116,0.0008491238756986189,-0.006243389281582376,-0.0022709829881330137,0.0017806825749292338,0.0022185197692314042,0.0045802301960899865,0.0004511797170685439,0.0028080213898180597,0.004924669396144223,-0.0003836995989998162,0.00012949306249038648,-0.005060077700404517,0.004562568391500806,-0.002174987588032032,-0.008007179319855942,-0.0030100581065209612,-0.002559393854752799,-0.002439091537256518,0.002777608585812892,1.570670422601078e-05,-0.004661837040385341,-0.004984334210471883,-0.006940670935778916,-0.001257282352338794,0.0068232318422852,0.0018979461359929345,0.0037969850808825213,0.0024981890422532877,0.00884483895629645,-0.0028330184243856066,-0.0030158377417485826,0.009869205455079352,0.006056692507020143,0.00415801847862087,-0.01283209826469157,-0.011495680848213775,0.00025613460348331604,-0.0013818162022897207,0.0015042911732453372,-0.00031983187252135,0.0003662682987042565,0.01053012583753584,-0.0021928234046170395,0.0033343475218170805,-0.0069897241739782815,-0.007868787746942954,0.0012843456088290066,-0.0016728881218806971,-0.0016732681030515008,0.0056321092110470684,-0.009314291667257142,-0.0023894839556055938,0.008499052151282485,-0.0038097895990546237,0.003571295769824626,-0.0025415994871301442,0.006726726787302451,0.008113283796347834,0.00550015113038318,-0.0024082288163661523,0.006900050146364614,0.006476770179843541,0.003964357220946616,-0.00016703773918492885
293,0.5455629900329202,-0.044740689073328864,0.5017393315429066,-0.07638610078485464,-0.09704466249191898,-0.13047028732960664,0.012225313890320682,-0.037271446281422996,-0.005204239742976808,0.009196146382425338,-0.004416606731999375,0.015301923939478726,0.008276846412557434,-0.006958874989594687,-2.100399219204503e-05,-0.0004957417493689218,-0.004651827641152711,-0.011100944761982654,0.07863658783310337,0.007590828018518957,0.03342067685092336,0.0642146584231556,0.006176950210333149,-0.08850476130613322,-0.042597085389633575,-0.05684597169491117,0.004710139675355539,-0.0010565857563535413,-0.0008672105630421733,0.0008484820312517489,0.0010612710851624347,-0.0008289105124067753,-0.0001719117536312974,0.0003900887086121783,3.288568351616036e-05,0.0008272991294026613,0.00032092470284255954,0.0001784315970205732,-0.0006258400283454604,0.0015009955392802483,0.002706787553786473,0.0006395421819576676,-0.00012620479794767952,0.0007103689327137464,0.000788616042872414,0.0008536802946059938,-0.00022131106837919426,0.0003068004637154138,0.0013074489218233647,-0.00049055869672101,-0.0009867249398931325,0.0006237793321536077,-0.0003169662253190347,0.0002610895556390488,-0.0005781722416220278,-2.3588760769285844e-05,-0.00015308996604228295,-0.0004468481259212153,-6.927972756154671e-05,0.0001499291659033441,0.0001979713467279218,0.00011945627394542989,-0.0005731568503723641,4.4492474121898514e-05,-0.0008691627667464113,0.000273815974763267,0.0004670419222644792,0.0003104426910117853,1.21314802903771e-05,-4.322856320183302e-05,5.7068676476583697e-05,-0.0005927670382909096,4.1139469136592787e-07,0.0003080029054543063,-0.00038553266208891164,0.00037244708952530436,3.244108490404367e-05,-0.0004378247186593983,-0.00024469636980095096,9.997691422774125e-05,0.00039833472129181813,-0.0005123844028822825,5.680098357522558e-05,0.00022040891916345738,4.385004052430789e-05,0.0002139163223929398,-0.00012133168523967901,3.249471274520063e-05,0.0001361289238046424,-0.0001445601383840765,0.0004431326633587936,-5.485627397050953e-05,-2.238807420332716e-05,0.00015893660876431013,-0.00019089050541048612,-5.638256931242072e-05,-0.00027741170936434426,0.000268737509260192,0.0001347023965268057,0.00047905193532602744
294,0.0183284756161847,0.0682563785855613,-9.964249259817042e-05,0.007946410243341561,-0.005232161353607897,0.0014915924401422511,-0.009135447789842982,0.004020469128099162,-0.009081873064621179,0.0016908174199249438,0.004937834959547114,0.0007803769144113033,0.0018479084506808619,-0.017547696317397367,0.00021704751159424884,0.002496065588618396,0.0017978848452843603,-0.010579581155411227,0.001705864125654436,-0.006796942849822254,0.008065776671345339,-0.0030908495540443114,-0.004850345528009881,-0.008185459362666377,0.0023876037052592567,0.009027803738754463,-0.013332487054507767,0.0012559824595405336,-0.010871662771968252,-0.0037299353694705104,0.006923906841955432,-0.0019972734686944074,0.011773413929228113,0.001565270471764012,0.004120919272423331,0.00026564003832660376,0.004700624300507348,-0.007676513351108431,0.00223974085356304,-0.004855139738215132,0.0013238838297969496,0.004668611970411703,0.0009856443519083396,-0.0026915029519139493,0.004809183717347434,0.0005703067418639257,-0.005626743703028391,-0.006451795232706205,0.0003756056078155995,-0.005676974044767217,0.000332759203348899,-0.009944652135215101,0.009620935327495446,-0.0007328507706197375,0.004377851346431628,0.01202483574162083,-0.004435802644566976,0.003253962164743151,-0.0041818676499227134,0.005612371596495324,0.006687924535654308,0.013078694139456493,-0.0053387360527972876,0.0020409427300036487,0.004052464171406859,-0.0016488124394723302,0.0015702611791617764,-0.0009475968547823711,0.008630882437957982,0.005501438090649755,-0.0006621646419209463,-0.014378304627694863,-0.005343886247813204,-0.0036121771092056452,0.003604581345769731,-0.007135157121994153,-0.010769359797177615,0.013795368768116795,0.004327924936152759,-0.0020958743199379196,-0.008372240328441655,0.0014375661187691333,0.0003849177006038478,-0.007708868255032161,0.001733115943356622,0.005029748553678753,-0.0035802968009316354,-0.0004821944127759309,0.004785086164274426,-0.0035350138413816293,0.0034865442803583124,-0.007821049454686858,0.010608205852764086,-0.0025756759656404148,0.0032823191816974987,-0.013921549902855901,-0.0031278098933238438,0.002449597968109667,0.006581576595502052,-0.0059379605009356635
295,0.03241645157608816,0.09465532552308831,0.027606500276499548,0.15338373019247598,-0.039630238595141525,-0.0003284489431776608,0.0030453054376804725,0.004830702331823665,0.013475299976509768,-0.005108588293232103,0.00040986473206240664,-0.0005468987148939981,0.001784993267022106,-0.011223314371732462,0.06344950657136957,0.006450696665453576,0.008153924745539335,-0.035214296187183476,-0.0311849137107365,0.0016045180951783475,0.09652729069148731,0.017431082126370442,-0.04878834369810965,0.06655548287786874,0.00422138022511526,-0.056874935688682605,0.0018495524494644543,-0.060149589815813184,-0.004170736071053245,0.112158313655851,-0.03779189371596728,-0.01370309299118584,0.02419725960962669,0.016610519642635456,-0.0038786990186070835,-0.004268657458342841,0.0022533179913291983,0.005954611025103523,0.002727327922208362,0.0011590236530022316,-5.923157035023223e-05,-0.004025310418157043,0.0006807260427280333,-0.003489764821606141,-0.001346953448570329,-0.001195192371091791,-0.0038350429737388655,0.0033299589066715218,-0.0018338876370754776,-0.0008918833920982025,0.0004965297563983671,-0.0024992555498076245,0.002192899288684027,-0.0009702305835414329,-0.0003915839347595964,0.0005015106215708922,0.001138350788775303,0.0006835821375053973,0.004419511910349396,0.0022513724957328634,-0.0002077792154848491,0.0017271036853373529,-0.0011142448370504987,-0.0001332390330702943,-0.0011149858845056094,0.001424191517040502,0.0010353539273919667,7.757112506550725e-05,-0.00033628769991947893,-0.00023157396417875355,0.00028552899186794304,0.0016877393474798634,-0.0001987120997565183,-0.0004034606105685676,-0.0007410153892211412,0.0004185342819804314,0.0010000953478376247,0.0006176991670756958,0.00021171067729306364,-0.0009688834431416824,-2.3181783312220155e-05,0.002043571082124211,-0.0008883005116081455,-0.0013715535739090483,-0.00031651001455137333,0.001217523353741223,0.0012352524182937528,0.0007518581323252065,-0.0007594784625777068,0.0017558917206018467,-0.0016239222924202723,-0.001162758519233651,-0.0012089080703378767,0.0022257418507813853,0.00021052058887473547,0.0016779481307051562,0.0010312794266128893,0.0008455006749245784,-3.021581974596987e-05,0.0008423787599350736
296,0.015995719506796756,0.06594392427476814,0.0020274165639030646,0.01699050575399678,-0.011570467356835923,-9.506630536429888e-05,-0.010209844824669516,0.002533064802971772,-0.013862009183464774,0.008258162868104933,0.006873827911359082,-0.0038320467143592336,0.004536585211392858,-0.014366547388967766,0.0018313964531585629,0.003914106225828659,0.009549542003921805,-0.006853515391812154,-0.0020142829936960756,-0.007517962190084964,0.017003434783582894,-0.005076468768799063,-0.016798737480370866,-0.006744431533327824,0.002097878399730877,0.012587117741880163,-0.020276872744192893,-0.002172065725877667,-0.007070418720729102,0.0064465954265758435,0.006479645450542059,-0.004035051812284698,0.021436531849565496,0.002556494346936857,0.008911654560993567,-0.0021773744187525783,0.0049558976318230695,-0.005506147162478628,0.0037743513523765633,-0.00746235479693926,0.003937473088859539,0.004158183106006673,-0.001859702434635087,-0.001720884623780587,0.003600974910991404,0.0014618509893005642,-0.00027967555806145686,-0.00590020292375242,0.0015590609754265524,0.0043143040902367084,-0.020740556454452948,-0.0025588653053307277,-0.0010598279790152445,-0.004539466329443087,0.00041581597252826814,-0.004185907875343695,-0.0015684868608455474,-3.7761481043142807e-06,-0.012463304487674229,-0.004728374890801212,0.015152853934190807,0.0048707648115476525,0.0007866030069446855,0.009889025382202777,-1.877113705762727e-05,0.00015266694303280002,-0.004133046118040772,0.0026365823371362145,0.002939756737149012,0.011714116682115628,0.009755935946233371,-0.00010578623239187107,0.012520258629451674,0.006698220568631383,0.0006060233233502669,-0.0060002202280301925,-0.002792242572021423,0.002239253083085083,-0.002571621911557864,-0.0018376338399460435,-0.0007542440705723942,0.00217349740305467,0.0009898992681084144,0.002299401531885478,0.004589573072245829,-0.0007767615353210485,-0.006073348296407601,-0.00023496045835572386,0.01292569747124981,-0.006137856657495689,0.003159569977949792,0.015523890685565955,0.014962527857563355,-0.011165569409390546,0.015196089342630443,-0.004920852641829606,0.0029120503126155773,-0.01144555627831975,-0.002706248582349585,0.002185007668801671
298,0.030796320645868326,0.11630097921752067,0.010370007150118809,0.18909104578760505,-0.05294909093421452,-0.01909082293162261,-0.002484954016032528,-0.0045912298431329225,0.033452499165373926,-0.05041176444723835,-0.08500474777111353,0.04162874330845746,-0.04842967627525775,-0.05580532322994727,-0.005280485330402749,0.006376337598559757,-0.011114118367625565,-0.062100565869900655,-0.008907250695349563,-0.024941955677496665,-0.03445916067945489,-0.0019862242819687083,-0.011941752579266633,-0.06645528107298092,-0.008054242280619803,0.10014850946307972,0.13201674633725566,-0.019183442998377716,-0.020250837717854166,0.023606951156578675,-0.006543869042565928,-0.01010902550275074,-0.011005879390235392,-0.005498804422330059,-0.004760847845656286,0.0015909812362133913,0.003909255060513994,0.0053357653224932605,-0.004239253857538398,0.002786504362978221,0.001176140927929209,0.0032721070496377217,-0.0002632999063425779,0.001500575070292204,0.0008779436731168338,0.002421117312248441,0.0021086081308728274,-0.001095546238802786,0.0020870006979042803,-0.000458988707416874,0.0011315442204206628,0.0004009030215926916,3.0210488476913192e-05,0.00042739268474709764,-0.0011030276741148043,-3.63930393143166e-05,-0.0019460233927833764,-5.437596186593017e-05,-0.0005005153375585428,3.2382255739263434e-05,-0.0003623789766838352,0.0006296843776030874,-0.000483735950742903,-0.0011201203263787667,-0.00034714940422099353,-0.0001603357302556498,-0.000902884935221392,-0.001185049598052443,-0.0003101665637560292,0.00013932028939957347,-0.0007544288576684537,0.00020464015525949734,0.0018061646901487592,0.0003706330638691708,-6.479565321423927e-05,0.0009001291080316054,0.0003964364569228118,0.0002592254576660923,-0.0004772083286844329,0.00011959432151674101,-0.0004311646194395954,-0.0014902663208757481,0.0011226122527588245,0.0005803114356491473,-0.0011404673090562748,0.000778181915961137,0.0008630968013682372,-0.0011064863030215727,0.001371618004574256,-0.0012426372203462048,0.00030971922715250733,-0.0002114811095649611,0.001267203421751033,8.509804559460866e-05,3.959302506311449e-05,0.00041811982138960135,0.0005295019248997196,-0.0011886851350358613,-0.0008294610748491405,-0.0009807828870005751
300,0.020485840334111275,0.07046989789048676,0.0011437619739220297,0.009775676559437688,-0.006332165614620316,0.0010722817773007713,-0.010877021147381103,0.001033549204707435,-0.01268140223826493,0.0043477905015220746,0.005307779901247696,-0.004189339894809622,0.002714702036307532,-0.010138156078107472,-0.001686876236835863,0.004212985615203824,0.00711312409444577,-0.0057977570325742495,0.0006547340788562167,-0.011766001007271498,0.012073757507526978,-0.006485451714136899,-0.015128330436316142,-0.020519712951319696,0.0010770208525375448,0.02637218512840741,-0.006726620902382373,0.0010903375579012972,-0.004573183514815834,-0.0001417726670220317,0.008702226721020084,-0.0013506437913987977,0.020910863207702742,0.004595222941089714,0.017131416734081237,-0.007536966810260904,0.0038624428878035436,-0.009988134418154848,0.004195789884344404,0.007047804752440811,0.0044796059971292075,-0.0002319979514110437,0.007620103118111607,-0.0041955966893491145,-0.008894339210986112,-0.0004413568043375017,0.0019458869454168453,-0.0037815601776134264,6.955474114890227e-05,0.009839228411579377,-0.010275080912921706,-0.011707013202137621,-0.0016658678390022107,-0.008657737951196592,0.004225087393305816,0.0009018783670789498,0.0057576599840119935,0.0017468842525398408,-0.00018113784540180146,-0.00934967110845798,0.011702435775221504,-0.0022777212259088584,-0.001555266348458805,0.0035727358593913715,0.0025304243795670096,0.004270001248876279,0.006325336222536766,-0.0024271958884648243,0.004861107431259232,-0.007590333223923679,0.013052584255376328,0.004103807204146848,0.0017619215025703192,-0.0049600680804290755,0.006847806801608345,0.000384946731704085,-0.0005925246571978883,-0.00274124978967928,0.01170628937141971,0.003828322950795728,0.007145460856598812,0.006368948407693347,-0.015859918872796627,-0.010929777987709478,0.007029244423284672,0.0012672531299440493,-0.012464828727158721,0.01111307006013595,-0.010975792403679394,0.004227058367542943,-0.005866945832302663,0.0003865743014660401,-0.015340297949801343,-0.01272367800268961,-0.0014550633038694946,-0.004134181107831258,-0.009378577057740605,0.00594361418297297,0.0010982048670851795,0.014389707901513601
301,0.03157179791367437,0.096037510842592,0.017884587215030858,0.16622486704998593,-0.04407365011303262,-0.011829948993516403,-0.002926733601504654,-0.0100413521859651,-0.005054191420581356,0.016580397090167016,0.028945381501527433,-0.017594199119430724,0.007005023961260956,0.01996533868283619,0.0025883847844590684,0.0029520794446365496,-0.0009096524380413255,0.0062964451946820365,-0.010248870437478746,-0.0005378634265741805,0.06503873000426338,-0.007399428685173137,-0.04477153948015868,0.0257036093994104,0.005177474334821375,-0.022705748148122745,0.04407939300040813,-0.07688218586101257,0.057732425195950246,-0.06804905057531267,0.09735521796278536,0.04647949003013569,-0.01669801832774802,-0.0009460583219108191,0.004080992435723586,0.00520042842723377,-0.0030814987589742582,-0.0016120529255376783,-0.006823941586116702,-0.002340609332778732,-0.0015996229858349093,0.0026731055437896716,-0.005415147264637611,-0.003298838909752215,-0.00039179578713674675,8.483695670344471e-05,-0.001350138525314122,0.0009015198921885669,0.0008314482461903436,-0.0015533206709276743,0.0028723204808598457,0.0011903779125024296,-0.0019017584636724287,0.004196971073249248,0.0027579043032407947,-0.0002849580540711526,-0.0008273617444154755,0.0017698438439994356,-0.0011201946371481118,-0.00042774978511759117,-0.0011658080752509283,-0.00019659310530791596,0.001042207263865361,-0.0002263796228856806,0.0007510325527007315,-0.002300715062256209,0.0005927752970126414,-0.0014389746755142734,-0.0007606479159119407,-0.00021094794582830864,-0.0008897423921509392,-0.00012837860690018973,-0.0005622385766954732,-0.001108816224249471,0.0011691520144929675,0.0016317618731759589,-0.0006396014273864171,0.0003485272253122361,0.0004993150510621949,-0.001703123474048073,-0.001029793326249906,-0.0009184908378274552,-0.0002880597512464026,0.0007384353642477846,0.00012771214794751097,-0.0007111038955234868,-0.0005789505622526078,0.000672368355363999,2.48256160214742e-05,0.00013702953688471658,0.00011032794878443107,-0.00013956585832028195,-0.0006026079999717003,-0.0005844285780840518,-0.0005351170070281534,-0.0008693449043433149,-0.0011626370045211653,0.0006674976171717634,0.00027275079927592625,0.0004542013414092802
303,0.030901296427337504,0.10948225841823732,0.010456793808606195,0.22597995652470523,-0.05096893288186884,-0.021826561359368155,-0.005456215169692774,-0.017200315586654705,0.018918459355908267,-0.05291179269666098,-0.06983023053254367,0.04457081060986112,-0.05837234115368144,-0.0696755055458152,-0.1013746841570238,-0.04378319690887062,0.004245820430410302,0.2251451268023662,0.007416395123307228,0.01569761352593953,0.019800156953355325,0.0022081209608085283,-0.00048280892180671076,0.008808591428691125,-0.00034371780046713507,-0.01890217730359163,-0.017247247143986018,0.017993742267114646,-0.009730241474436463,-0.00548447954205686,-0.014123373177890348,-0.003762145094884559,0.007579833348751769,0.0024075959687897466,-0.0003452465253145347,-0.0009510273939400443,-0.0008586594904788742,0.0001381221741958191,-0.0007711150702426927,0.0008884938785805809,0.000256850349399227,-0.0007222208134223039,0.0011221174214876334,0.0010321720131830922,-1.3695621821793678e-05,6.062343612198932e-05,-0.00011498867687049957,1.7682700315164283e-06,-0.0007255036526200758,0.0004941266028462395,0.0008452092747273862,0.00042655970773150867,0.0006578157491271268,-0.0007489561446959946,-9.202526673445759e-05,0.00039790472457796103,0.0007488036898847639,0.0007876329230968309,-3.703919951158913e-05,-0.0003566212922887288,0.0002508314621137846,0.0002356606739009057,0.00015396533904507684,0.0003965357229879405,0.0006127712440572382,0.0008270992204171194,-0.0010592342177345147,0.0003459653719262968,0.0006204494132349152,0.00041398882076317407,-0.00037137867743980337,-0.0009681770988047789,4.7128104260259667e-05,1.2448776162108814e-05,0.00023553548742574775,0.00031866438661363615,8.97209506399126e-06,-5.245532941244194e-05,0.0005230848945857267,-0.0002762046237256962,-0.00023302393480010994,0.00043083167114342535,0.0006862235363215435,-0.0007313398657471034,-0.0005200008797635046,-9.826940615816129e-05,-0.0007003766890279029,0.0004007044568731008,-0.00016874632501953486,0.00017513354488320665,-0.00030313417597681677,-8.541042421140804e-05,0.0009352726257945301,-0.0005121796089927954,-0.0001089105981550785,-0.0006765386625877878,-0.00042164144446378023,-0.0004186706830202749,3.422789245421319e-05,-0.0003535662885511768
304,0.017669863291186402,0.0560573406478462,0.0029255644679374864,0.009643652005897202,-0.0065750705276179265,0.003992364004770473,-0.005176984388410674,0.0017689250302133366,-0.011782607732470467,0.003976422400647752,0.006564239065408949,-0.004391947817604512,0.003502994839716843,-0.006634738252990152,-6.234382814853611e-05,0.007843499650122432,0.004041946379242603,-0.003025052817903741,-0.0002817333766737596,-0.008194979639431233,0.013843595762448589,-0.007962475982765794,-0.013297650805974502,-0.015390210515436811,-0.000820698655005476,0.01843055992775469,-0.01293731371277147,-0.0021453452531345293,-0.00137540863358149,-0.006984354907529639,0.010750704059166736,0.0034955743582877298,0.029728428447751264,0.0016323981538387917,0.014437922944033581,-0.0106388601765599,0.0046702133970754805,-0.005861000208122651,0.00044555054881982836,-0.0011996448861223438,0.004913807539194249,0.007685939009946432,-0.008468262764426557,0.0022501531624820486,-0.00031838895253725086,-0.0014850459008985426,0.008422869366376217,-0.004073846038488747,0.0007563321399964677,-0.002348888352690325,-0.011773431784028541,-0.010636382096515663,-0.0016017244274842656,-0.003671241045170407,-0.008824085441858741,-0.0030370689955106396,0.0039052997932261984,0.007297126822754364,-0.004226369363108176,-0.013614252519767093,0.01117261224947199,-0.0015910410128391604,-0.0008917886388628978,0.012004363302280831,0.004098201413956703,0.01038966761120596,-0.002382396976811096,0.001835336823623818,-0.005350606461468231,0.00474764847266396,0.0086535546611721,0.004414820497763161,0.01119451992435987,0.005444439052755177,-0.0037045167732640636,-0.009748872000133265,0.0019371859452852057,-0.0037558810370879655,0.0002691386981944017,0.00010660456904228462,0.000669259993122606,0.0021278510774171474,0.002237164870081566,0.005180855152484025,0.008900721483417109,-0.003416329728790071,-0.001698399996708855,0.00010965699659805633,-0.005429405616352428,-0.0081476494992902,-0.007658516879486588,0.0024567813948610504,-3.61840903197198e-05,-0.000934073230320337,-0.0055130169651224185,0.007919251938792355,0.005320013400593044,-9.919099545509385e-05,0.0009272136850127811,0.0049383357458217874
305,0.01208005047954347,0.0638910140230943,0.0008777578996161127,0.00605815486311169,-0.003574970962743466,0.001266309680911487,-0.005062072545456611,0.0022597447619174533,-0.01124295936385464,0.00307193117034964,0.002749847930404562,0.0008655325714973593,0.0008427049790929845,-0.012821162384637968,-0.005915960573215063,0.0028596979288710144,0.0033036713526890123,0.0030490341673233656,0.00040129489357029134,-0.0026268069431681063,0.01077735818192991,-0.005672276058040288,-0.011230560210385172,-0.011949884830179005,0.0013500644004785917,0.018229008321038586,-0.013893822807794571,0.003737294496960749,-0.005788744128863112,0.002482691641896587,0.0033966239005033855,0.0012514515041617696,0.019813713835721725,-0.0023698700723944776,0.012107206015181539,-0.008278061448837354,0.003869248188162237,0.002063669959380207,-0.003782052733637991,0.007113632833675274,0.0027343208105703454,0.011671111918844729,-0.0018870817014219484,0.0024868129970430147,-0.00722226063028614,0.005767897889202267,0.010219519662047356,0.005379814809626928,0.0010560721227950269,-0.012520613406544492,-0.008043577593180066,-0.012063876221531145,-0.0042497562462079416,0.0009687466611082426,-0.01003061327955536,0.003624045929343174,0.004567986844615162,-0.0077145485314476184,-0.0020700582315671375,-0.0006969320342712343,0.0027945094044112017,-0.008576305700761962,-0.00723853562817906,0.013502169278514947,-0.0018521391371651966,-0.005357963196126432,0.0005660672804699785,0.004297948108730671,0.0027890385512543765,-0.0021658409176044413,-0.0023118620943826424,0.005701586354762795,-0.00036996427781480065,0.003582722758968837,0.003400563560050098,-0.004116258097981984,-0.006047823535027283,-0.004408310649404072,-0.006242372839179112,0.002779359053749382,0.007669863976223884,-0.003335918442120649,-0.012875114494972681,0.006198054149403296,0.008813273298505479,-0.00804773814657332,0.004190041095234755,0.006149072838765394,-0.01000679113651911,0.006252125470798421,-0.00431515546999973,0.0031775867052256813,-0.012050958603403002,0.0059064269884219174,-0.006157691260645594,0.005068432702557387,0.0043506102213647715,0.006402979888676395,-0.004094176327549221,-0.0009394022303581374
308,0.02699496457478951,0.08560078920175587,0.006383539515003951,0.12916198686516073,-0.0487783609675268,0.004830157619350368,-0.0030902884807740916,-0.019892488722290907,-0.012818683972785606,0.044550358412450135,0.057149027036577545,-0.04108101591704908,0.027647579197571732,0.0700096122889786,-0.029663158003710333,-0.0005502413902179614,-0.009449409864034707,-0.001363882492803107,-0.008651818511113579,-0.01817075955974171,0.10765571005970016,-0.036228590149108404,0.18113574671288346,-0.020163998720322946,0.013921362872954923,0.03669043297718681,0.005205054903209349,0.002613060686955687,0.0052560414820538625,0.01077976895883823,-0.015594116434937548,-7.096272202449437e-05,-0.0067739835814098585,-0.01869361301788566,0.003629276614014004,0.007017918675416672,0.006138972524187123,0.005566449270798891,0.0011514327949288582,-0.0004360309305790602,-0.006680796759687717,0.002886953158325156,0.0007454449559877649,0.00357222284407388,0.001856364617993581,-0.002323699118794462,-0.003614795276767993,-1.5731370799572778e-05,0.0005863768529593757,0.0006525992474915903,-0.0006658520325930213,-0.0007168791437743671,0.0013497428331224167,9.289849332223364e-05,-0.0012979604797863995,-0.0006317842695137544,-0.0015127696770886661,0.0009691660294756846,-0.0008678089398275376,0.0021654080243089864,-0.0010773745108834804,0.0017426428072852178,-0.001022717955813663,-0.000558301920276165,-0.0002116689926550692,-0.00197041336526698,0.0013509454167756865,-0.0014261317074477189,0.0009441285681159175,-2.655466440529353e-05,0.0010480961546661949,0.0008238746524557219,-0.0012068916838044363,-0.0001615999496101398,0.0005840257729044385,-0.0002904303573357078,-0.0020380944742972294,-8.964400942185521e-05,0.00014103909537288104,0.0004966070323964806,0.00022981172106328733,0.0006446143713142326,0.00050875084334287,-0.0012118257169860165,-0.0009622400055755841,0.0011933734454271884,-0.00114645564789665,0.0006559634779643057,-0.0005895449590912897,-0.0015197049909390888,-0.00013202876092059088,0.0007045049979550202,2.985651797287933e-05,-0.00010116899518050469,-0.0005093830038141553,0.0005859429859791058,-0.00029231890282663953,-0.0008207680011964902,-1.2474775415278773e-05,0.0008236851771534999
309,0.032727479841769276,0.11442164613247953,0.01158776584421112,0.21519451236458964,-0.06682052388703354,-0.024067992716479802,0.0008519868626907788,-0.028718113849456276,-0.0004155117493105755,0.03796666332040114,0.06334164704555116,-0.06565116826859527,0.01444341499345516,0.1282898523653784,-0.19361295511554988,-0.012539498052954047,-0.07222712553314714,-0.07119345579147598,0.0063243611298767054,0.013932001851866726,-0.08657799974437161,0.02026389363361239,-0.038348654658986445,0.008118236567027043,-0.003338051295218465,-0.01939337576474316,-0.02241280080251008,-0.006698756713923488,-0.007929622287670987,0.007459034445002231,-0.01644652330311234,-0.010789666889636732,0.005449940526831987,0.007176849562447734,0.00047464629593531034,-0.0009436642633440988,0.0013946607193757712,-0.0016697178045704864,0.0029090758276845326,0.0022379919824466127,0.00013382914321846684,-0.0008446733539361128,0.0008801941997698411,-0.0011201046710537302,-0.0017784856004165214,-0.0018233261432151716,7.479532999323828e-05,0.0005922772632741468,0.00012891634394221477,0.0003824276491967575,0.00016655990007459303,2.5897501175367943e-05,-0.0006022076457505969,1.384905897689121e-05,-0.00045237263523375995,0.0014249526766258853,0.0004957607726493706,-0.0016804200439051232,-0.0006105695981438576,0.0004204450259615808,0.00022205669134461447,-0.00044097903257762585,-0.00018849298206607176,-0.0007921224153627438,0.0001836661501187908,-0.000187756010772106,-0.000991386272269392,0.0009624663731242773,-1.48251189096159e-05,-0.0008096225551343991,-0.0008004992206008345,-0.000614230585084739,0.0008348205191258702,-0.00012014548318768849,-0.0003794006911496596,-0.0007576027022213844,0.001130819186658862,0.0011119852061948952,9.764151435882071e-05,0.0004999736367133126,4.7342153270066596e-05,-0.0012587608074215088,9.497985429991816e-05,5.5361831995183605e-05,0.00035396369636330827,-0.00076575548968743,0.00030754382178431244,-0.0006364723601411551,0.0001115492625413828,-0.00034889584085902076,-0.0008820966101207159,0.00014974760679427595,0.0002219679234386196,-6.6487450125649e-05,0.0005099182783876354,0.00016265803465571375,-0.0001240759877000109,0.00020035775848419772,8.045165292100464e-05,-0.00011729206535443827
310,0.014800287266066197,0.060024489557349535,0.0010450263405922028,0.014391285923722078,-0.009580515377539288,0.0013628397782913927,-0.008128436574598644,-0.0004328682354241901,-0.01808638935021503,0.009710993073541,0.012767153352580498,-0.007462732485682589,0.005827071408544107,-0.005510298227757475,0.00038329463114557255,0.002474826482699986,0.004458904842410768,-0.00058366128831913,0.0016066426847181736,-0.009552824163960057,0.017999251752281578,-0.009683735857011001,-0.005063347524464609,-0.01646070172342332,0.0023064289406904935,0.020965783835255845,-0.012520887257248071,-4.324607475175289e-06,0.0020724483792796304,-0.003076850665481272,0.0033075732393114494,-0.0005399943150653847,0.02464683609962485,-0.00372049201608724,0.020621207979849857,-0.0036992161260132393,0.0027962271650110566,-0.00908597394293681,0.004760715305852454,0.004541536341449271,0.002620175594132537,0.00464838597253905,0.004855561715263535,0.001813530130038367,-0.0002577940580727222,0.007021598664105219,0.00764707124659796,0.0002311749852465251,0.0015607625619069579,-0.007453195214844177,-0.007377614225407613,-0.005075891732403959,-0.0034231757546772977,-0.0038607898168557114,-0.005885293575877115,-0.0030901076181674776,0.0067066926263322,-0.003807401654367745,0.0007054067727101599,-0.004695103155655526,-0.001255739567331855,-0.010477510385906878,-0.0012802958194238366,0.004295594306498099,0.008021720766557161,-0.0010909163905640333,-0.00733043777955927,0.01262511406509852,-0.009808146208742688,-0.007143904083371524,-0.013529632944837446,0.0021838615474704544,-0.0031935142631159532,0.0018184564034255677,-0.0012612875536583276,0.0012759441973838668,0.009093808481121112,0.0003718619555776556,-0.0052478593309787875,0.0028755291058546605,-0.004055660287179127,-0.008279487933052542,0.000713002178732406,0.01163656331350661,0.0058408821036420875,-0.008580481539168506,0.0038300947295755896,-0.00014190234344078003,0.004027937050589189,0.008066707977653523,0.003620017916236681,-0.003670738944500343,-0.0005963555508256479,0.011140975420574902,-0.0015979432078912445,0.005772370737118818,0.008169721470671003,0.007758915052197699,0.0036285280712926513,-0.004742278314772216
312,0.015848216552151382,0.06574560685774919,-4.937239757196428e-05,0.008680523149676225,-0.007064491192427,0.00030507954442573993,-0.008581026909353947,-0.0015739409221144534,-0.015023924235229713,0.006099820645853971,0.009393947092316819,-0.009317654717134052,0.004100788387541181,0.0011218695068745525,-0.008989824093329449,0.0025313674018186847,-8.867541702245056e-05,-0.003796988439848137,0.0032205887815806096,-0.009406437513408217,0.008060971593172034,-0.004070925762289649,-0.014840596941556268,-0.015132040572589898,0.001452597713970359,0.021441385095828373,-0.01782867795817808,0.002737885622833966,-0.002760819013405034,-0.002614289099140765,0.007438945890353265,0.0008756703905146901,0.029516308490418995,-1.3888569129238018e-05,0.0171160305303114,-0.00937996519036326,-0.001952936138235454,-0.003873089345734988,0.0030603031413924957,0.0027758005674674156,0.003258004606551121,0.006655081995231402,0.0014358838768017755,0.0029528649787691195,-0.003940471862625946,0.010162848098815697,0.005922468138589422,0.006447841784713714,0.0017640674631675983,0.0028290720589833427,-0.007611808768427751,-0.008930644251499656,-0.002256907653007117,-0.006755778748827097,-0.007939693027926001,-0.0034993036933924095,0.013113618797711486,0.0041146729067240255,0.0025966165367713023,-0.002823010932366259,0.008465334189538326,-0.003172223866751215,-0.001100590531073452,0.008392933485987986,-0.009513098552779086,0.010489784969480666,-0.002742595119515483,-0.0032960408322844346,-0.0010344467374630896,-0.000743970590672979,0.01246939933949656,0.003233522275278057,0.006663248619323148,-0.0031638831595559294,-0.0004955548754234534,0.004948084424082364,-0.005891045808950447,-0.009043317393317044,0.003593292590813085,-0.007794109324464125,0.0011390584435366227,0.016981260563596508,-0.008205145338193753,-0.0002303611207735619,-0.0085473951412619,0.005203196663663834,-0.001992648838147981,0.008451518893809039,0.004672929882557424,0.005879744775548547,-0.006570438096593308,-0.017575697768183962,-0.0015543775227185297,-0.007674470590018577,-0.008599968873499625,-0.0022518697196894804,-0.002674830820208256,-0.0033518717654053196,-0.0016212637999510641,-0.002390059078387615
313,0.02900473272968342,0.08613466737730101,0.012340795068600186,0.13116765987541512,-0.03837716341488691,-0.018638903833510738,7.27877584450544e-05,-0.006756324219705911,-0.005988934087362162,0.041239099000061286,0.05398794851890939,-0.02937894453777458,0.03049044483436279,0.03492866201266731,0.05536565942838975,0.014055139439523835,0.015261009403791938,0.00641755388795278,-0.002467783966001519,-0.003056939037772763,0.028845249299483417,0.00203850351407703,-0.05650683453823205,0.015303273033543263,0.0073201209785891015,-0.01141843894094422,0.05164934105517032,0.1628185101086667,0.0255417372694888,0.024894587440891406,0.022969867471195313,0.00935946310725932,-0.007971859015016992,-0.010079583965109565,-0.00386993194601725,0.011078564478628945,-0.0017787849690414936,0.0008907727270092578,-0.0006329145413744569,-0.0015662707460180605,0.005347817656720184,0.0014834906541519777,-0.002089461493963376,0.001999804188894788,0.000323167236146797,0.0014549584044118505,0.0006483464229967303,0.00016899892242766437,-0.0008831668648553588,-0.0034485854234348303,0.0004768505645745968,0.002413541223957753,-0.0006961982362376717,-0.00163695900481304,2.8591287069404473e-05,-0.0011524448650008046,-0.00169035084399999,-0.00010673675320814209,9.01361579029536e-05,0.0006958113689643471,0.0009572058513422689,0.0008344357369368686,0.002003022461709059,-0.0007380538770737434,0.0005619463863818582,0.00021985596075516542,0.001944817170355079,-0.00029271535936277015,0.0015624811055267725,0.0009884034805416842,-0.0007018997490914007,-0.0005411531435083156,-0.001612404825825006,0.0009555658024889471,0.00024377773023090003,0.00034575807406783487,-0.00028488073729612503,0.001519722981491025,-0.0003004150026181004,0.00053985058058711,-0.0004041996034870376,0.0007058271958177014,0.0008120955761405114,-0.0005772568995137656,0.00036776806328623187,0.0012411221465242395,-0.0002563407029675546,0.0001334637652382955,-0.0009325581242224702,-0.00044749514685482004,-0.0008406709179934708,4.7317804474260734e-05,0.0003871383776038578,-0.0010036542191538254,0.0005371798593366501,-2.549936758557852e-05,0.0004673128194496311,4.439643705946957e-05,0.00032608171146345037,0.0005374897760230121
314,0.019539217144176453,0.06540188800929242,-4.832242613088619e-05,0.011348786768012882,-0.009237465709864478,-0.0002126640994903634,-0.009490193232945515,0.0004668841257274092,-0.018116207834436723,0.009341163246640444,0.008624428029016026,-0.007014425553545717,0.0062214412192210964,-0.005655222176104813,0.0020547194392005743,0.003923263043518884,0.005989923767995917,0.0013123139768616665,0.0008087261420440666,-0.009083953246615893,0.017028070612038083,-0.009459516335619908,-0.015566588878990494,-0.017428319204192553,0.0015388513336101113,0.0206878578041625,-0.014232473246750013,0.009260534104055931,0.0015334985537388737,0.0014795842351861869,0.006105363790165632,-0.0011373107766845204,0.023349302737696517,0.0008956847825600388,0.013349653592769871,-0.005431446219496942,0.004201545733864559,-0.000734369228141562,0.0030075309553088277,-0.003805681564560237,-0.0027589378289360742,0.005572446471189641,0.002202455179225606,-0.0037920010801936487,-0.0022332035561059478,0.0015270441431164382,0.006960911313860369,0.0044442504153064675,0.0033938452732742855,0.0014355618041706965,0.0005355185362981111,0.004959778950371134,-0.00236392789614745,0.000992595641345343,0.0008379553718581535,-0.003545323715574744,0.005692588466952398,0.0012994377303625665,0.00022484123476336566,-0.005330888850494892,-0.00016014665636167948,-0.0032032520775855345,-0.0050520435318705224,-0.0053980824868768516,0.003131640890791535,0.004909606692914383,-0.004016990506902567,0.006268411006548812,-0.004552164515164876,-0.0021039104903263824,-0.00368581248192477,0.0017035970100210943,0.005767587006049176,-0.0021913475995256632,-0.005050146801294014,-0.0012844796994216673,0.004338718557341312,-0.004002395058748869,-0.0026990962693965886,0.0035967494782117525,-0.0003603711338581317,-0.01138764286166691,0.005638686574675094,0.007753660642976997,-4.787544897010836e-05,-0.004216314174270195,0.003482090964857635,-0.005780584038178561,0.00024171939934097836,0.005177286664839673,0.0023145075943826624,0.0008934776418325354,0.00046396078182177824,0.0059479235065633485,0.0102956749158805,-0.0056097393580387435,-0.008286300510969305,-0.008088364427113252,-0.003367656735633666,2.2455386235387627e-05
316,0.01591799639845847,0.05910953719533585,-0.0005789453977640849,-0.0028920709978954673,-0.002365621043032066,0.00020795217505426304,-0.0040762531726944405,-0.0013359521559955954,-0.0073736704191188366,0.0022225586526704987,0.010999852463565172,-0.005243948489175622,0.0028539122936082476,-0.008368086966710498,-0.0063390512373008604,0.0008027954989950161,0.003692943686712426,-0.0029264697260983027,0.0009641468326611641,-0.005159323073331266,0.007343608711046685,-0.0032658813360744903,-0.011412570993086308,-0.014379303483571197,0.0021451859564647043,0.01628098877788299,-0.012208604927282197,0.002692781627224634,-0.0023900963313677787,-0.0007586554485191661,0.00592078695357253,-0.0033105831297116665,0.014536422414213789,0.0025822179219468595,0.01293098197591136,-0.007213829268212781,0.007510867797728954,-0.0022173245066977655,-0.0006684056087827873,0.0021611555218638582,-0.008359217440773548,0.004022197608975056,0.0033826736124553886,-0.012717192394185957,-0.005739384508361656,0.010501919001477778,-0.004581356761173301,0.013233101846320764,0.0001186938377378642,-0.007828870637827064,0.010108269145292276,0.009703750094048754,-0.0018830382114743197,0.001473974120924049,-0.0010016895631615643,-0.004241784147537616,0.004965270754921041,0.006743460396718226,0.007252423166634913,0.0012371002347652384,-0.011251727681923627,-0.0021312614869021147,-0.004750606902123861,-0.004277898894268838,0.002082042668608166,-0.00043081762692366094,0.0070675574714622064,-0.005128633142377764,-0.010461070388549784,-0.0036919127322319546,5.350879537371027e-05,0.0033317536250275985,-0.0015901861417817467,-0.0050052985132592286,0.0017933107329419493,-0.0033497381040949142,0.001540176926591025,-0.0010644415744770581,-4.238188905315877e-05,0.0005400230263844242,0.0033911160912218304,0.0014850576564202863,-0.00039361178621398246,-0.0019462581630764178,-0.000480193335308365,0.006993937985848475,-0.0036603661062516103,-0.015758017913073782,-0.003087984214800777,-0.0037997604617685376,-7.12233794851111e-05,0.006955565234190804,0.0074473374295459145,0.00781879662855768,-0.012787304415561772,0.0006515883621212848,-0.0018334550883567263,-0.00023993595766476437,0.0069529234856153576,0.0012588441544051515
320,0.01647910128903619,0.06577151998019504,-8.869264170730875e-05,0.011526104326204685,-0.005274004532824835,-0.00014545490279165967,-0.006951159698535356,-0.0020030667626717443,-0.01225151810148625,0.009442939827936151,0.010802306902811665,-0.009749023204659691,0.005834655424705843,-0.0039997757149155344,0.008665553488644855,0.0048003666686574865,0.013566707603672493,0.004639624467304134,0.004382424049640798,-0.009457737585523365,0.008325521866158238,-0.006303127211744728,-0.010381972990939781,-0.014063341532533318,0.0032809360552050635,0.01896769421958158,-0.015348315888646921,0.0032424886947074504,0.0004222210577570389,-0.0017444433321473108,0.006793511821174346,0.0008058751065829577,0.021229112483308474,0.001939347034606256,0.014648791384872052,-0.012212926707889581,0.002642782217433935,-0.0007474165663275184,0.0026056114815479823,-0.0009566077091373009,0.0016284950068849045,-0.000791695403127937,0.002020618232048615,-0.005574538314563599,-0.0032102481480008565,0.010492236076451226,0.0008549547006184894,0.006849424061958603,0.0011693634040168483,-0.001297619292146724,0.0057568645001306795,0.01821344908920553,0.0020355495202752385,0.004199090631670002,0.0005457133831041645,0.003541783665655777,0.005340698919796123,-0.004543175569611781,0.003749989077410529,0.00019910811685702176,-0.010942737567213362,-0.00649666565447556,-0.01032170130386047,-0.008540494120548052,-0.0018506812033645293,0.005826639113109575,-0.007441453046852408,-0.0008333028020271078,-0.009266317156377718,0.00032870880193323237,0.002277049028546802,-0.002803669356548739,0.0016111765838927655,0.0021847657116813085,-0.008911722132376248,-0.0014829737000193201,0.003952683293498553,-0.002948777016836958,0.006149933250575539,-0.0017386895919476925,0.0030398530614002706,-0.006943690009288197,0.003889830988865222,-0.010575818090367083,-0.011890126451458663,0.006206003810608922,-0.0010705325345840436,-0.013782690646615208,-0.004928530377074187,-0.0016752664024629856,0.0034162012091511883,-0.0009373289656582496,0.001439655189796672,0.005917572877388268,-0.0011655196033768139,0.001533749881402494,-0.004089679665732707,-0.0020745681438535117,0.0057689883885012035,-0.009656037832148462
321,0.014424290655046556,0.057433806271444635,-0.0007332289730109825,0.002788794687684892,-0.004741508284500562,0.001818069548464285,-0.00445634939512337,-0.00042035866810867387,-0.009140532989235124,0.004447172766300934,0.007140243353999327,-0.0028897596529584395,0.0031665389752916816,-0.006738094678900021,-0.0001740533929362755,0.005000933555887174,0.009791539089231202,0.0014138642794013327,0.0015278153021855642,-0.0054362802862187205,0.003504149779348855,-0.004028068809670424,-0.00942888981844633,-0.013297229160773328,0.001964747299505688,0.016060715155392483,-0.018692295801267363,0.002361029037876822,-0.002289242209290894,0.003190309504882019,0.004192536072993562,0.0011612837620033753,0.012384218719306537,0.005535417734486206,0.009263679981160395,-0.006956605367636489,0.005989341849610034,-0.0002781085300799336,-0.003166946006621852,0.008572138948930264,-0.0018817571928085941,0.007135394061676027,0.0007766146147877847,-0.008098088987072398,-0.005164315900271611,0.00903588782509123,-0.0049125781229076545,0.012978285687839016,-0.0016852308816184157,-0.008676883886817402,0.018548134442138656,0.016681036405865643,-0.0026686869959978957,0.0076076298842293845,0.0023382113287013315,-0.0025445968461052988,0.005291531752198245,-0.00022045377405487246,0.002161386887694814,-0.0008662859955862877,-0.018144156646089395,-0.0033998128231274662,-0.008320837804111669,-0.005778063758963726,-0.002121239152331846,0.0011762327338743612,0.004271841106709221,-0.011767008422108843,-0.007813699857593729,-0.00724372163765533,0.004402027152517868,0.002491845482331223,-0.0016149332244566608,-0.0038867580922953477,-0.001464409539902837,-0.004033088489688282,-0.0035492494427166762,-0.001795746427437786,0.002005689689117743,-0.0018084289794791171,0.0037997694765014123,-0.003563905120661049,-0.009699931276862469,-0.008971784637628983,-0.004836168450678105,0.007416016493486088,-0.0028305694319262576,-0.006112497458370933,0.0009227109026328968,-0.005782086153452091,0.0006411789922375112,-0.0023709375741522904,-0.003918178513392059,-0.0004221799128611768,-0.005050391030311941,-0.00042275865523717416,-0.003444815659709058,-0.006047523617941842,-0.006364523588232201,-0.0017782103620621345
322,0.028141706078454745,0.10730219689128821,0.01125627317407545,0.19838770621932375,-0.05953882077783427,-0.022427278586633383,0.01617837856445485,-0.0036210793350184437,0.004570922212172208,0.06259935688957821,0.0733165138184886,-0.038735448235681195,0.03915386224568339,0.04498419546934929,0.18300136842112238,0.027296983800591996,0.038135398719347346,0.090746206258829,0.03882689459621587,-0.004951961458187683,-0.12986833315093962,0.01954770561314923,0.029433849671563487,-0.014231726305718279,-0.006860366950557767,0.011596464512158079,-0.01687120428782712,-0.03859023989954579,-0.010220092275187947,0.007608077974928651,-0.0011119491382766394,-0.004286523909196178,-0.0015718799489403273,0.004203157698227425,-0.0005777873665913534,3.5762149603722505e-05,0.0007385072354746936,-0.0014490587050318409,0.0007871069189698121,0.001150686082048047,-0.00014060772032456687,7.58977519257313e-05,-0.0020933657931591168,-0.0010178203776460525,0.0019621648050686417,-0.00081490257538047,0.0003767338865512885,-0.0014161707296418424,0.0007177631206866378,0.00168285095896687,-0.002668101668737694,-0.0053929100696488725,-0.00021641332804011638,0.0009470056072462106,0.00014563883908808871,0.0009195657213393138,-0.0004187002436013015,0.0009551925478515583,0.0010109137358599591,0.0005125355346726996,0.0014021903214310836,0.0009968244393684525,-0.00020555245005899003,0.0014322252699228955,-0.00044439345876561877,-0.00023953163722364803,0.0015266332181735217,0.00017884798761789783,0.0011095910892052843,0.0008565174064468449,-0.0009172471937906248,0.0010000764209557888,0.0006606851894545452,-0.00016069353181428348,0.000748114713815039,-0.0009572643483253949,-0.0006563358356365882,5.857038871271848e-05,7.384692671185588e-05,0.00029226312357211767,-0.000193461312422541,0.0013181687652193395,-0.0007066803513018558,0.0005525138538136589,0.0008491119873647481,-0.0006374296230206117,0.0007571052723044491,0.0002023521441614872,8.987020888038656e-05,-0.00015289983328033044,-0.0007406101904391445,0.0008289201837591831,-0.0007176790157890731,0.00011083233699212847,-0.000790049428354628,-0.0003158056231257204,0.0003704047928481754,-0.0006025045654208217,-8.690969060331854e-05,0.0001602014037398803
325,0.014583307011255582,0.06256332170379778,-0.000605690492246064,0.0012206296414949494,-0.007270737398036599,0.00017316835764087505,-0.006427970980126255,0.0014659950880575973,-0.011322185485693692,0.009946592047765898,0.009698438390996546,-0.00558459325240891,0.0071112314537393854,-0.006648771103969969,0.010498982464445262,0.0053211514268936815,0.0052781474146318735,0.004663644170899449,0.0026982339306467666,-0.006029961309017862,-0.0007481542545016056,-0.003470531559462516,-0.008682519645500143,-0.014275439717872294,0.0011256667130700303,0.016808008408659394,-0.014505542815558867,-0.002658643980002604,0.0013035554323809605,0.0014527102439327408,0.002173057941218167,-0.0028476273487099478,0.01690716338129655,0.0021388249132011958,0.014490208325987417,-0.0010012605942954088,0.012324641029111167,-0.002285174085357276,-0.002635352718515913,-0.0015555465121954283,-0.006414946520530163,0.006535652649605798,0.005564601989715186,-0.006682690743028854,-0.005336932959465111,0.007061977307963331,-0.001897931679764763,0.0056583721239511,-0.0036500716799245376,-0.00924009872488142,0.014420403846567575,0.01765787631382967,-0.0033495946063091904,-0.00038075952031806044,0.009225794956405428,-0.008939136201592581,0.002575525670417865,-0.0021715469133814194,-0.003896326003569548,-0.00020274874451616757,-0.012144099883425219,0.004515171180983865,-0.004389155494730796,-0.0034445940425518943,-0.004776668215105367,-0.001562415078887301,0.00014635720822332783,0.002715718444832075,-0.0057657692757581615,-0.002494246794956086,0.005387985410695145,0.0011592990988085674,-0.0014104808087146334,0.0006489820828443687,-0.004182862660412065,0.0015842646025277481,0.003944499259760081,0.0018221230462263183,-0.00039587154968985565,0.0009618065251994954,-0.0019421747813595457,-0.007417868855555423,0.004346751045564649,-0.0043230336256231275,-0.002312678608560314,-0.0060002948051559955,-0.001518514898184544,0.0022704510686324,0.004795344129969946,0.004926026323308533,0.0024218470874607005,-0.0045956208828726785,0.005542783164175987,-0.0007513093006018754,0.008028734485364735,0.0007369047098413358,0.0003703447976703951,0.0013195498028241472,0.0010803193406033445,5.6875241040719346e-05
326,0.015284638669114113,0.06462106713912795,-0.0008173532355353433,-0.004331983897131009,-0.0015666858018068236,0.000181211627238662,-0.0005942798653865818,0.0007073279134609606,-0.005970667385240213,0.004565479334059608,0.009790665929100002,-0.004406217159129303,0.003133976305942764,-0.013021600346392331,0.00015085927727268237,0.0015726083456436117,0.0020293505002381756,0.0012676172441171685,0.002146540072532494,-0.002723621205603735,0.0020964080213241015,-0.001414955422216546,-0.010639822201251042,-0.011035806766674065,0.0037108079390642335,0.012756263569241283,-0.013544150628095452,0.0012403760282512805,-0.009109053494489937,0.0062497774160209,0.002663769780296226,0.0007524462317683939,0.010721607535168593,0.004473510179690708,0.01745269772364924,0.005119344514868341,0.008320298027919995,-0.002124180279537097,-0.008665903996860397,0.005065883892841172,-0.01133350586029725,0.00821133366871724,0.00422421109094768,-0.011700235941055,-0.013012971976741358,0.00746474923189116,-0.004233742100569014,0.011581175218356407,-0.0028898924699984666,-0.015827345124017938,0.015537368781097464,0.014201983074923489,-0.010546093698177864,0.006087389450015446,0.017882756062177534,0.0028569902312062566,-0.006999799550752411,-0.010548387379276724,-0.0014572828554477472,0.006154118578428162,-0.02205594774566004,0.012298139593016209,-0.012629496594780567,-0.004803146022092544,0.0022808504866365814,-0.013869555180437445,-0.009258746295479056,-0.010683391824458202,-0.007840813101899687,-0.00914909922027339,0.000640336411392303,-0.009085891495874625,-0.004919085865398366,-0.016332709625286615,0.001799159909452061,0.00316955333419512,-0.004758402797186541,-0.004280122164234693,0.004304217106518555,0.005556395822504531,-0.0008032542610898655,0.004382964451339373,-0.004811060581004535,-7.984873856257404e-05,0.011127861660369508,-0.004793160646257454,-0.006347148939479787,0.017226516399604055,0.0015962690061828051,-0.011299561230111426,0.009034857307296525,0.00040743655225052196,0.00028037817404181635,0.0020750281105867442,0.005656272753224497,-0.005052738432422026,0.007818864663647167,0.005799281268251723,-0.01150911357399573,0.006738534032382057
