Doc_ID,Sentence_Rank,finbert_pos,finbert_neu,finbert_neg
2,23,0.02794606424868107,0.9216911792755127,0.050362728536129
2,38,0.027453351765871048,0.9311187267303467,0.04142793267965317
2,48,0.029278967529535294,0.9279767274856567,0.04274428263306618
2,78,0.09054994583129883,0.8492506146430969,0.060199424624443054
2,102,0.09284315258264542,0.8853545784950256,0.021802261471748352
2,103,0.06492993235588074,0.8979883790016174,0.03708166256546974
2,109,0.020724128931760788,0.9102066159248352,0.06906922906637192
2,119,0.053637079894542694,0.8477365374565125,0.09862638264894485
4,29,0.023525331169366837,0.9387795925140381,0.03769509866833687
4,98,0.05014629289507866,0.8896309733390808,0.06022268533706665
4,126,0.10101136565208435,0.8398431539535522,0.0591454952955246
5,77,0.045527249574661255,0.9312034249305725,0.023269351571798325
5,119,0.057749297469854355,0.9191322922706604,0.023118436336517334
5,157,0.09378120303153992,0.19646964967250824,0.709749162197113
5,162,0.10795845091342926,0.8404634594917297,0.05157807469367981
5,173,0.060383547097444534,0.9100877046585083,0.029528673738241196
8,24,0.026077551767230034,0.9372854232788086,0.03663700446486473
8,66,0.09300832450389862,0.8608877062797546,0.04610397294163704
8,85,0.3591632544994354,0.4241849184036255,0.2166517823934555
8,149,0.07161236554384232,0.8886917233467102,0.03969588130712509
16,75,0.09365720301866531,0.8628519773483276,0.04349086061120033
16,78,0.2465970516204834,0.7399989366531372,0.013404026627540588
16,100,0.1043398305773735,0.8761845231056213,0.019475676119327545
20,29,0.03734193369746208,0.9206833243370056,0.04197479039430618
20,30,0.048008739948272705,0.9121401309967041,0.039851147681474686
20,85,0.03136269375681877,0.9342308044433594,0.034406449645757675
20,90,0.029183417558670044,0.9249527454376221,0.04586389660835266
20,94,0.07998491823673248,0.8768556714057922,0.043159421533346176
20,97,0.04523725435137749,0.9195479154586792,0.035214852541685104
20,100,0.04773761332035065,0.9314773082733154,0.02078503742814064
20,102,0.025438250973820686,0.9404778480529785,0.034083880484104156
20,110,0.10154730081558228,0.8514418005943298,0.047010935842990875
20,121,0.022055132314562798,0.9174780249595642,0.060466866940259933
20,136,0.02142191119492054,0.9239063858985901,0.054671645164489746
20,144,0.029848698526620865,0.9249141812324524,0.04523710161447525
20,150,0.03470119461417198,0.9258236885070801,0.03947509080171585
20,153,0.0347011536359787,0.9371797442436218,0.028119079768657684
20,168,0.04162023961544037,0.9234600067138672,0.034919820725917816
20,184,0.11066018790006638,0.8320136666297913,0.05732616037130356
20,205,0.07079015672206879,0.883490800857544,0.04571905359625816
20,248,0.06635445356369019,0.8635215759277344,0.07012396305799484
20,249,0.0368158183991909,0.8933494091033936,0.06983478367328644
20,273,0.06453923881053925,0.9054120182991028,0.030048679560422897
20,280,0.04452105239033699,0.8948392868041992,0.06063973531126976
20,291,0.09313533455133438,0.8680564165115356,0.03880825638771057
20,295,0.07693016529083252,0.8804508447647095,0.0426190122961998
20,303,0.0710909515619278,0.910441517829895,0.018467474728822708
20,307,0.03563907369971275,0.9199528098106384,0.04440809786319733
20,335,0.3591632544994354,0.4241849184036255,0.2166517823934555
20,336,0.04020019248127937,0.8933404684066772,0.06645938754081726
20,355,0.04545038193464279,0.9217278957366943,0.032821718603372574
20,359,0.03463553264737129,0.9210149645805359,0.044349510222673416
21,1,0.05051160976290703,0.9109435677528381,0.03854481130838394
21,58,0.1469033658504486,0.8442589640617371,0.008837663568556309
21,60,0.034002821892499924,0.9291889071464539,0.036808259785175323
21,106,0.11004798114299774,0.8460515737533569,0.04390040412545204
22,29,0.08506692945957184,0.8744298219680786,0.040503229945898056
22,135,0.2074117511510849,0.773196280002594,0.01939200796186924
22,158,0.04251876100897789,0.9233325123786926,0.03414873778820038
22,172,0.03005199320614338,0.9347007274627686,0.0352473221719265
27,7,0.026881864294409752,0.9104928374290466,0.06262530386447906
27,15,0.022954586893320084,0.9162067770957947,0.06083858013153076
27,68,0.07357935607433319,0.91056889295578,0.015851764008402824
27,126,0.09565659612417221,0.8794741034507751,0.024869322776794434
27,128,0.036688778549432755,0.9120358228683472,0.05127537250518799
32,20,0.023705480620265007,0.9405302405357361,0.03576432541012764
32,28,0.023705480620265007,0.9405302405357361,0.03576432541012764
32,86,0.020298972725868225,0.932157039642334,0.047543980181217194
32,156,0.04649246111512184,0.9288951754570007,0.024612320587038994
33,2,0.06610584259033203,0.9151291251182556,0.018765075132250786
33,25,0.03886934742331505,0.9354496002197266,0.02568107284605503
33,76,0.0698201060295105,0.5957702398300171,0.3344096839427948
33,127,0.04152953624725342,0.9232897162437439,0.03518071398139
33,140,0.0653112530708313,0.9063439965248108,0.02834470383822918
33,144,0.0911746695637703,0.8707053661346436,0.03811992332339287
33,145,0.3591632544994354,0.4241849184036255,0.2166517823934555
33,190,0.026597976684570312,0.935797929763794,0.037604089826345444
33,192,0.02919887751340866,0.9310892820358276,0.03971179202198982
34,7,0.06944988667964935,0.9066810011863708,0.02386910654604435
34,15,0.09256149083375931,0.8811188340187073,0.026319725438952446
34,193,0.0371822714805603,0.9408677816390991,0.02194991335272789
37,3,0.031424179673194885,0.8719981908798218,0.09657756984233856
37,18,0.0321977399289608,0.9031268358230591,0.06467537581920624
37,152,0.053679682314395905,0.9228755235671997,0.02344484068453312
44,123,0.651965320110321,0.16035500168800354,0.18767975270748138
44,170,0.02313254401087761,0.8716724514961243,0.10519503802061081
44,181,0.05147412046790123,0.9020534157752991,0.04647247865796089
44,240,0.056861381977796555,0.9012086391448975,0.041929978877305984
45,38,0.05414768308401108,0.8696559071540833,0.07619637995958328
45,97,0.025907330214977264,0.9319167137145996,0.042175985872745514
45,137,0.03306584060192108,0.9124357104301453,0.05449850857257843
45,173,0.03394310548901558,0.9441832304000854,0.02187366969883442
49,26,0.04330649599432945,0.9235820770263672,0.03311135247349739
49,88,0.03667090833187103,0.9162997603416443,0.047029297798871994
49,89,0.0395059809088707,0.917239248752594,0.043254803866147995
49,159,0.05350223183631897,0.8754276633262634,0.07107013463973999
53,12,0.03941771388053894,0.9351603388786316,0.025421911850571632
53,29,0.45786356925964355,0.526366114616394,0.015770308673381805
53,31,0.15747615694999695,0.8271231055259705,0.015400729142129421
53,48,0.05350831523537636,0.8988829851150513,0.0476086400449276
58,63,0.038252223283052444,0.9346340894699097,0.027113717049360275
58,251,0.016798676922917366,0.2041400671005249,0.7790613174438477
58,263,0.036921512335538864,0.9153161644935608,0.04776236414909363
59,189,0.030824564397335052,0.5257499814033508,0.4434255063533783
59,274,0.08667140454053879,0.8730261325836182,0.040302421897649765
59,348,0.030417105183005333,0.9355179667472839,0.03406494855880737
59,360,0.05634298920631409,0.9171468019485474,0.026510266587138176
59,406,0.03236684575676918,0.945014476776123,0.022618697956204414
63,14,0.03316112235188484,0.8855426907539368,0.08129614591598511
63,54,0.3591632544994354,0.4241849184036255,0.2166517823934555
63,124,0.09982729703187943,0.860977828502655,0.03919480741024017
66,2,0.04928436130285263,0.9102795124053955,0.04043618589639664
66,30,0.0784686878323555,0.8988756537437439,0.022655626758933067
66,65,0.02062765695154667,0.9362371563911438,0.043135251849889755
66,74,0.02063733898103237,0.9323289394378662,0.047033701092004776
66,87,0.022867953404784203,0.9401459097862244,0.0369861014187336
66,106,0.02063733898103237,0.9323289394378662,0.047033701092004776
66,128,0.020653238520026207,0.9315863251686096,0.04776037111878395
66,143,0.020298972725868225,0.932157039642334,0.047543980181217194
66,155,0.03474719822406769,0.9275482296943665,0.03770456835627556
66,168,0.022209210321307182,0.933727502822876,0.04406331107020378
66,184,0.08965348452329636,0.8971192836761475,0.013227286748588085
66,266,0.035373665392398834,0.9160420298576355,0.04858436807990074
73,19,0.5494552254676819,0.39465904235839844,0.05588569864630699
73,28,0.10558512061834335,0.8676913976669312,0.02672341652214527
73,61,0.0347849577665329,0.9303443431854248,0.034870732575654984
77,20,0.03976035490632057,0.9163706302642822,0.043869055807590485
77,24,0.2130891978740692,0.1860189288854599,0.6008918881416321
77,46,0.09479375928640366,0.6834559440612793,0.22175027430057526
77,96,0.03241034969687462,0.912386953830719,0.055202730000019073
78,15,0.030471911653876305,0.9008734226226807,0.06865470856428146
78,94,0.03342589735984802,0.9203372597694397,0.04623689875006676
78,118,0.05588553473353386,0.926775336265564,0.01733909547328949
82,97,0.02063733898103237,0.9323289394378662,0.047033701092004776
82,166,0.019714554771780968,0.92374187707901,0.05654353275895119
82,229,0.02087891660630703,0.9256662726402283,0.053454816341400146
82,263,0.030788062140345573,0.9233702421188354,0.045841727405786514
82,320,0.05344346538186073,0.926151692867279,0.020404787734150887
82,442,0.06555821001529694,0.8347915410995483,0.09965023398399353
84,67,0.032978370785713196,0.9118675589561462,0.05515410378575325
84,73,0.10733367502689362,0.8525345921516418,0.040131669491529465
84,98,0.08520766347646713,0.8946318626403809,0.020160455256700516
84,110,0.035652365535497665,0.9243836402893066,0.03996402397751808
84,136,0.028048314154148102,0.9412294626235962,0.030722159892320633
84,165,0.02847478911280632,0.9265792965888977,0.04494593292474747
89,53,0.057986028492450714,0.9194583892822266,0.0225555170327425
89,56,0.03315228968858719,0.7735411524772644,0.19330662488937378
89,64,0.04621631279587746,0.9177632927894592,0.03602035716176033
89,127,0.04093637317419052,0.9022173881530762,0.056846216320991516
90,100,0.020611299201846123,0.9326446652412415,0.046744003891944885
90,132,0.02063733898103237,0.9323289394378662,0.047033701092004776
90,157,0.02280794084072113,0.9340372085571289,0.04315483197569847
96,6,0.027295980602502823,0.9288269877433777,0.04387704282999039
96,42,0.023757625371217728,0.9164230227470398,0.05981934070587158
96,125,0.04316222295165062,0.9274154305458069,0.029422365128993988
96,138,0.31901589035987854,0.6608410477638245,0.02014307677745819
101,5,0.028438381850719452,0.7346089482307434,0.23695272207260132
101,7,0.06352487951517105,0.8541253805160522,0.08234971761703491
101,21,0.12235495448112488,0.7766517996788025,0.10099327564239502
101,23,0.3591632544994354,0.4241849184036255,0.2166517823934555
101,30,0.03529178723692894,0.9297784566879272,0.03492980822920799
106,47,0.018940255045890808,0.9293089509010315,0.0517507940530777
106,86,0.02063733898103237,0.9323289394378662,0.047033701092004776
106,113,0.020298972725868225,0.932157039642334,0.047543980181217194
109,28,0.04889260232448578,0.9120365977287292,0.03907078877091408
109,48,0.03311537206172943,0.9190179109573364,0.04786667600274086
109,61,0.07084307819604874,0.8527675867080688,0.07638932764530182
112,9,0.09945296496152878,0.8643602728843689,0.03618670627474785
112,30,0.05972049757838249,0.8897219300270081,0.050557564944028854
112,113,0.11420819908380508,0.8426624536514282,0.043129369616508484
112,114,0.09313533455133438,0.8680564165115356,0.03880825638771057
118,110,0.03248488903045654,0.9423932433128357,0.02512185648083687
118,124,0.0360531359910965,0.7522881031036377,0.211658775806427
118,132,0.02496095560491085,0.9148762226104736,0.06016279384493828
128,25,0.019770681858062744,0.931779146194458,0.04845023900270462
128,36,0.02063733898103237,0.9323289394378662,0.047033701092004776
128,57,0.028641890734434128,0.9104718565940857,0.06088625639677048
128,59,0.021983133628964424,0.9045698642730713,0.07344706356525421
128,103,0.02063733898103237,0.9323289394378662,0.047033701092004776
128,154,0.01937035284936428,0.9264864921569824,0.05414313077926636
128,157,0.01937035284936428,0.9264864921569824,0.05414313077926636
128,209,0.09441102296113968,0.8826947212219238,0.02289428561925888
128,341,0.047608353197574615,0.9144086837768555,0.03798298165202141
130,21,0.06540577858686447,0.8917695879936218,0.04282465949654579
130,63,0.033130645751953125,0.21236974000930786,0.754499614238739
130,79,0.029568355530500412,0.9227426052093506,0.047689035534858704
130,95,0.026395156979560852,0.9409518241882324,0.032653000205755234
130,118,0.02468259073793888,0.9374586939811707,0.03785876929759979
133,94,0.02063733898103237,0.9323289394378662,0.047033701092004776
133,144,0.02123350091278553,0.9331134557723999,0.04565304517745972
133,332,0.03207840397953987,0.936362624168396,0.031558990478515625
133,345,0.036630239337682724,0.9126970767974854,0.0506727360188961
136,40,0.05865687504410744,0.8974766135215759,0.04386652633547783
136,69,0.048123493790626526,0.8890138268470764,0.06286269426345825
136,73,0.0342208631336689,0.9204317927360535,0.04534737393260002
136,98,0.07147552073001862,0.8950831294059753,0.03344130888581276
138,56,0.052546426653862,0.9329694509506226,0.014484177343547344
138,73,0.039685774594545364,0.933529257774353,0.026784973219037056
138,77,0.03315835818648338,0.9352217316627502,0.03161991387605667
140,18,0.044835496693849564,0.9062063694000244,0.048958178609609604
140,43,0.03238245099782944,0.9259957075119019,0.0416218638420105
140,75,0.03718477115035057,0.8949176073074341,0.06789764016866684
140,129,0.041198618710041046,0.9302914142608643,0.028509976342320442
142,21,0.04822555556893349,0.9243916869163513,0.027382709085941315
142,86,0.036541230976581573,0.940705418586731,0.022753341123461723
142,178,0.034124597907066345,0.9205859899520874,0.04528938978910446
142,248,0.036199770867824554,0.9444486498832703,0.01935160532593727
142,342,0.06355652213096619,0.8547468781471252,0.08169664442539215
144,33,0.030292654410004616,0.9360184073448181,0.033688969910144806
144,44,0.0470174141228199,0.8676780462265015,0.08530454337596893
144,127,0.030230160802602768,0.9191049337387085,0.05066489055752754
144,232,0.04994555562734604,0.9253716468811035,0.024682795628905296
144,246,0.032485224306583405,0.939174473285675,0.028340253978967667
148,65,0.020708279684185982,0.9340294599533081,0.04526231065392494
148,87,0.019432883709669113,0.9305225610733032,0.050044503062963486
148,92,0.02189529314637184,0.9367101192474365,0.04139457270503044
148,103,0.034825075417757034,0.9195482134819031,0.045626722276210785
148,107,0.018871638923883438,0.9039398431777954,0.07718852907419205
148,110,0.02063733898103237,0.9323289394378662,0.047033701092004776
148,140,0.15577878057956696,0.8062435984611511,0.0379776805639267
148,183,0.02063733898103237,0.9323289394378662,0.047033701092004776
148,192,0.02123350091278553,0.9331134557723999,0.04565304517745972
148,198,0.0287838913500309,0.8931199908256531,0.07809614390134811
148,249,0.025209585204720497,0.9438812732696533,0.03090917132794857
148,275,0.21506346762180328,0.38549166917800903,0.39944490790367126
148,331,0.020342640578746796,0.9313952922821045,0.04826202988624573
152,52,0.0928606390953064,0.87061607837677,0.03652328625321388
152,73,0.04052285477519035,0.8422310948371887,0.11724604666233063
152,74,0.048467740416526794,0.6535667777061462,0.29796549677848816
152,98,0.07465241104364395,0.8725669980049133,0.05278060585260391
152,168,0.044145919382572174,0.9121144413948059,0.043739598244428635
152,173,0.037673477083444595,0.9101352095603943,0.05219132453203201
152,181,0.06330551207065582,0.882490336894989,0.054204173386096954
152,187,0.09735321998596191,0.882255494594574,0.020391246303915977
158,37,0.02161026932299137,0.9386823177337646,0.039707332849502563
158,51,0.05323616787791252,0.8996947407722473,0.047069136053323746
158,89,0.02161026932299137,0.9386823177337646,0.039707332849502563
158,92,0.020848192274570465,0.9333065748214722,0.045845210552215576
158,126,0.021271182224154472,0.9443101286888123,0.03441867604851723
161,40,0.02063733898103237,0.9323289394378662,0.047033701092004776
161,66,0.02057759277522564,0.9335271716117859,0.04589526727795601
161,70,0.020324598997831345,0.9321458339691162,0.047529563307762146
161,72,0.050449106842279434,0.559033215045929,0.39051762223243713
161,80,0.02063733898103237,0.9323289394378662,0.047033701092004776
161,123,0.02515469118952751,0.9389649629592896,0.03588026762008667
161,125,0.02063733898103237,0.9323289394378662,0.047033701092004776
161,142,0.04865821823477745,0.9255925416946411,0.025749312713742256
161,166,0.020006339997053146,0.9223102331161499,0.05768337845802307
161,205,0.036163028329610825,0.5853755474090576,0.37846142053604126
171,112,0.3694000542163849,0.5403767824172974,0.09022316336631775
171,194,0.026265982538461685,0.9194758534431458,0.05425819382071495
171,223,0.034026868641376495,0.9352343678474426,0.030738744884729385
175,23,0.04273230955004692,0.9163936376571655,0.04087400808930397
175,49,0.12432275712490082,0.7612516283988953,0.11442559212446213
175,74,0.0766318291425705,0.9083006381988525,0.01506752334535122
177,17,0.22930194437503815,0.7506082057952881,0.020089853554964066
177,56,0.1185711920261383,0.8671367168426514,0.014292072504758835
177,107,0.050980329513549805,0.5886647701263428,0.36035487055778503
178,91,0.047191228717565536,0.9238147139549255,0.028994087129831314
178,130,0.03328930586576462,0.9165257215499878,0.050184931606054306
178,209,0.07379627227783203,0.4501100182533264,0.47609367966651917
180,22,0.025209585204720497,0.9438812732696533,0.03090917132794857
180,26,0.02228749357163906,0.9369426965713501,0.04076981917023659
180,78,0.025209585204720497,0.9438812732696533,0.03090917132794857
180,125,0.020006339997053146,0.9223102331161499,0.05768337845802307
180,139,0.022644922137260437,0.9294313788414001,0.04792369529604912
180,154,0.019432883709669113,0.9305225610733032,0.050044503062963486
186,17,0.06481508165597916,0.9081150889396667,0.02706979028880596
186,22,0.3591632544994354,0.4241849184036255,0.2166517823934555
186,39,0.3591632544994354,0.4241849184036255,0.2166517823934555
186,50,0.03868845850229263,0.923364520072937,0.037947025150060654
186,59,0.07724203169345856,0.896031379699707,0.02672656439244747
186,67,0.3591632544994354,0.4241849184036255,0.2166517823934555
186,80,0.21585994958877563,0.7607496976852417,0.02339033968746662
186,106,0.3591632544994354,0.4241849184036255,0.2166517823934555
186,153,0.026839524507522583,0.9407078623771667,0.03245266154408455
186,154,0.027861109003424644,0.9400987029075623,0.03204014524817467
187,102,0.02842661924660206,0.930173397064209,0.0414000079035759
187,111,0.03368309512734413,0.9411678314208984,0.025149131193757057
187,114,0.06108766049146652,0.9145346283912659,0.024377692490816116
198,2,0.02982829511165619,0.9402744770050049,0.029897209256887436
198,34,0.08011603355407715,0.8855203986167908,0.034363556653261185
198,55,0.02670520730316639,0.940997302532196,0.0322975255548954
201,31,0.019925812259316444,0.9251050353050232,0.054969172924757004
201,37,0.02106473781168461,0.9399339556694031,0.03900132700800896
201,51,0.02106473781168461,0.9399339556694031,0.03900132700800896
201,68,0.02106473781168461,0.9399339556694031,0.03900132700800896
215,2,0.03645578399300575,0.9016230702400208,0.06192117556929588
215,12,0.036940429359674454,0.9078422784805298,0.05521724745631218
215,197,0.03466592729091644,0.9191241264343262,0.046209897845983505
215,209,0.7604592442512512,0.11040858924388885,0.12913216650485992
215,213,0.04891320690512657,0.8459432125091553,0.10514354705810547
215,282,0.059493131935596466,0.8960811495780945,0.04442569613456726
215,366,0.02261408418416977,0.9274514317512512,0.04993445798754692
218,7,0.03021339885890484,0.940265417098999,0.029521232470870018
218,13,0.043589625507593155,0.9227497577667236,0.03366067633032799
218,27,0.05537315830588341,0.18123863637447357,0.7633882761001587
218,28,0.026780081912875175,0.5442684888839722,0.4289513826370239
218,29,0.06881926208734512,0.20081965625286102,0.7303610444068909
218,46,0.16208946704864502,0.8157145977020264,0.022196002304553986
218,87,0.11477255076169968,0.8011465072631836,0.08408099412918091
218,95,0.12235495448112488,0.7766517996788025,0.10099327564239502
218,100,0.05281463637948036,0.9246726632118225,0.022512763738632202
218,123,0.08140461146831512,0.8715202212333679,0.047075189650058746
218,137,0.06927132606506348,0.9136648178100586,0.017063863575458527
218,141,0.08580536395311356,0.8704177141189575,0.043776899576187134
218,142,0.11913847178220749,0.8299117088317871,0.05094977840781212
218,149,0.05709204077720642,0.8842061758041382,0.058701835572719574
218,152,0.04582253098487854,0.9275206327438354,0.02665683440864086
218,158,0.21899564564228058,0.7453691363334656,0.03563520312309265
218,182,0.0911746695637703,0.8707053661346436,0.03811992332339287
222,63,0.08717742562294006,0.8740733861923218,0.03874920308589935
222,68,0.06378106027841568,0.9084019660949707,0.02781698852777481
222,99,0.04348926991224289,0.8788890838623047,0.07762166112661362
223,23,0.038781773298978806,0.9184640645980835,0.042754121124744415
223,73,0.054078880697488785,0.9123883247375488,0.03353273496031761
223,92,0.039787132292985916,0.9225066900253296,0.03770618885755539
224,11,0.030752917751669884,0.9284407496452332,0.04080628603696823
224,21,0.06429845839738846,0.9062759280204773,0.029425613582134247
224,29,0.024043792858719826,0.6657562255859375,0.31019994616508484
224,37,0.056047238409519196,0.9116367697715759,0.03231598809361458
226,12,0.06549413502216339,0.9125765562057495,0.02192929945886135
226,113,0.03759466111660004,0.9176974296569824,0.04470786824822426
226,136,0.03608930483460426,0.9281101226806641,0.035800643265247345
227,23,0.020611299201846123,0.9326446652412415,0.046744003891944885
227,29,0.06948734819889069,0.7749660611152649,0.1555466204881668
227,35,0.05855749547481537,0.913577675819397,0.02786480262875557
227,57,0.020611299201846123,0.9326446652412415,0.046744003891944885
227,82,0.021998906508088112,0.9362776875495911,0.04172346368432045
227,145,0.025107569992542267,0.6633846759796143,0.3115077316761017
229,48,0.03366890177130699,0.9266002774238586,0.03973081335425377
229,68,0.023189103230834007,0.9332478046417236,0.043563101440668106
229,86,0.022985216230154037,0.9216324090957642,0.05538241192698479
229,93,0.020611299201846123,0.9326446652412415,0.046744003891944885
229,106,0.04764954373240471,0.8787983059883118,0.07355210185050964
229,116,0.028051823377609253,0.9175721406936646,0.054376017302274704
229,119,0.04488235339522362,0.9203396439552307,0.03477802872657776
229,166,0.08967239409685135,0.7209155559539795,0.18941205739974976
229,179,0.020611299201846123,0.9326446652412415,0.046744003891944885
229,199,0.020380467176437378,0.9206833839416504,0.058936066925525665
232,47,0.019850408658385277,0.9178232550621033,0.06232630833983421
232,58,0.02050676755607128,0.9150876998901367,0.06440556794404984
232,226,0.06755004823207855,0.9161141514778137,0.016335781663656235
248,143,0.0723363384604454,0.890196681022644,0.037467025220394135
248,145,0.06673157960176468,0.9110344052314758,0.022234076634049416
248,197,0.036199770867824554,0.9444486498832703,0.01935160532593727
248,230,0.050113070756196976,0.9100093245506287,0.03987761214375496
251,14,0.10402737557888031,0.8700705766677856,0.02590198814868927
251,16,0.10593091696500778,0.84095698595047,0.05311215668916702
251,40,0.052988748997449875,0.897110641002655,0.04990061745047569
251,59,0.3591632544994354,0.4241849184036255,0.2166517823934555
256,17,0.1332513391971588,0.8326729536056519,0.03407568484544754
256,18,0.10968711227178574,0.8347619771957397,0.05555092170834541
256,35,0.02675360068678856,0.9379267692565918,0.03531963750720024
256,114,0.031097205355763435,0.9415255188941956,0.027377333492040634
257,8,0.20879660546779633,0.7776447534561157,0.013558692298829556
257,23,0.022253096103668213,0.9040050506591797,0.07374192029237747
257,65,0.020380467176437378,0.9206833839416504,0.058936066925525665
257,73,0.029057780280709267,0.8788323998451233,0.09210984408855438
261,58,0.020380467176437378,0.9206833839416504,0.058936066925525665
261,68,0.020611299201846123,0.9326446652412415,0.046744003891944885
261,85,0.026105057448148727,0.9303706884384155,0.04352431744337082
261,103,0.020611299201846123,0.9326446652412415,0.046744003891944885
261,125,0.09735534340143204,0.8502188920974731,0.052425816655159
261,156,0.020588930696249008,0.9333342909812927,0.04607674479484558
261,196,0.021704426035284996,0.9365404844284058,0.041755057871341705
261,198,0.02224157005548477,0.9427400827407837,0.03501829132437706
262,25,0.06320018321275711,0.9086701273918152,0.028129683807492256
262,34,0.07680203765630722,0.8980005383491516,0.025197478011250496
262,42,0.0784187912940979,0.9069960713386536,0.014585129916667938
262,85,0.05273500829935074,0.92975914478302,0.017505820840597153
262,97,0.06274286657571793,0.9150586724281311,0.022198453545570374
262,103,0.04049032926559448,0.9311285614967346,0.028381051495671272
267,0,0.06524073332548141,0.8179925084114075,0.1167667806148529
267,60,0.022238457575440407,0.9157434105873108,0.06201816722750664
267,147,0.05301320552825928,0.9164579510688782,0.030528848990797997
268,9,0.08830166608095169,0.8315907120704651,0.08010765165090561
268,13,0.08502736687660217,0.8439813256263733,0.07099131494760513
268,15,0.07386408746242523,0.892266035079956,0.03386986628174782
268,128,0.030487243086099625,0.9332820773124695,0.036230698227882385
271,29,0.207217738032341,0.7462990880012512,0.046483203768730164
271,35,0.020611299201846123,0.9326446652412415,0.046744003891944885
271,50,0.020611299201846123,0.9326446652412415,0.046744003891944885
271,54,0.038337063044309616,0.9323911070823669,0.02927185595035553
271,77,0.020380467176437378,0.9206833839416504,0.058936066925525665
271,101,0.019985267892479897,0.930359959602356,0.04965481534600258
271,111,0.022248562425374985,0.9354640245437622,0.042287468910217285
271,126,0.020611299201846123,0.9326446652412415,0.046744003891944885
271,188,0.0911746695637703,0.8707053661346436,0.03811992332339287
271,256,0.02917037159204483,0.9440999031066895,0.026729755103588104
277,66,0.02555163763463497,0.945334792137146,0.029113585129380226
277,85,0.020611299201846123,0.9326446652412415,0.046744003891944885
277,121,0.02123350091278553,0.9331134557723999,0.04565304517745972
277,164,0.02123350091278553,0.9331134557723999,0.04565304517745972
278,18,0.08045852929353714,0.8797192573547363,0.03982216492295265
278,116,0.15467886626720428,0.8305602073669434,0.014760909602046013
278,169,0.031857430934906006,0.9395438432693481,0.028598692268133163
280,21,0.023450752720236778,0.9393308758735657,0.03721841052174568
280,49,0.04273565113544464,0.919719398021698,0.037544917315244675
280,144,0.022888051345944405,0.9427397847175598,0.03437219187617302
280,166,0.03239462897181511,0.938127338886261,0.029478074982762337
280,182,0.026097718626260757,0.8958050012588501,0.07809735089540482
280,185,0.04032675176858902,0.9253890514373779,0.03428427502512932
280,212,0.02123350091278553,0.9331134557723999,0.04565304517745972
280,219,0.019988592714071274,0.9236030578613281,0.05640833079814911
280,235,0.024494718760252,0.9479653835296631,0.0275399349629879
280,240,0.020875565707683563,0.9319470524787903,0.04717736318707466
280,289,0.0222620852291584,0.9156482815742493,0.06208968535065651
280,306,0.02123350091278553,0.9331134557723999,0.04565304517745972
280,317,0.02123350091278553,0.9331134557723999,0.04565304517745972
280,319,0.08226437866687775,0.8456534147262573,0.07208218425512314
280,351,0.026512131094932556,0.9355537295341492,0.03793409839272499
280,362,0.023713501170277596,0.935035228729248,0.04125122353434563
280,368,0.022990748286247253,0.9346346855163574,0.04237451031804085
280,379,0.021704426035284996,0.9365404844284058,0.041755057871341705
280,416,0.03822413831949234,0.9188437461853027,0.04293208569288254
281,6,0.029575172811746597,0.9415820240974426,0.028842825442552567
281,23,0.030272694304585457,0.9272905588150024,0.042436741292476654
281,47,0.02123350091278553,0.9331134557723999,0.04565304517745972
281,70,0.022888051345944405,0.9427397847175598,0.03437219187617302
281,127,0.028437554836273193,0.8970157504081726,0.07454667240381241
281,149,0.03239462897181511,0.938127338886261,0.029478074982762337
281,178,0.06475140154361725,0.9125276207923889,0.022720985114574432
281,187,0.02917037159204483,0.9440999031066895,0.026729755103588104
281,208,0.04041130095720291,0.9200677275657654,0.03952096030116081
289,1,0.06340567767620087,0.9060165882110596,0.030577782541513443
289,40,0.3591632544994354,0.4241849184036255,0.2166517823934555
289,89,0.022088846191763878,0.9110519886016846,0.0668591782450676
289,150,0.02590569481253624,0.9406551122665405,0.03343914821743965
289,167,0.03560241684317589,0.6953529119491577,0.2690446972846985
291,5,0.14179305732250214,0.7567312717437744,0.10147572308778763
291,36,0.3591632544994354,0.4241849184036255,0.2166517823934555
291,39,0.03868556395173073,0.8820697069168091,0.07924479991197586
291,47,0.021563585847616196,0.9427416920661926,0.03569468855857849
291,57,0.07270017266273499,0.8812255263328552,0.0460742823779583
291,84,0.0911746695637703,0.8707053661346436,0.03811992332339287
291,154,0.036548539996147156,0.9413023591041565,0.0221491027623415
291,161,0.04837638512253761,0.8848258256912231,0.06679780036211014
296,25,0.023748502135276794,0.9162917733192444,0.05995972082018852
296,27,0.1167939081788063,0.8578322529792786,0.02537386305630207
296,101,0.03787638992071152,0.9363641142845154,0.025759493932127953
296,105,0.04099598899483681,0.9041421413421631,0.054861847311258316
298,37,0.027126647531986237,0.9342401623725891,0.03863316774368286
298,69,0.06694845855236053,0.885826826095581,0.04722471907734871
298,76,0.06578661501407623,0.919725775718689,0.014487632550299168
300,39,0.02123350091278553,0.9331134557723999,0.04565304517745972
300,47,0.024553554132580757,0.9490047693252563,0.02644164301455021
300,52,0.019771462306380272,0.925926923751831,0.054301608353853226
300,69,0.02123350091278553,0.9331134557723999,0.04565304517745972
300,70,0.03852444142103195,0.9329701662063599,0.02850538119673729
300,83,0.13856540620326996,0.3650510907173157,0.49638354778289795
300,134,0.03925664350390434,0.9089093804359436,0.051834043115377426
300,137,0.018217459321022034,0.12582063674926758,0.8559619188308716
300,177,0.030896170064806938,0.9003058671951294,0.06879798322916031
302,4,0.0560714416205883,0.9106739163398743,0.033254675567150116
302,39,0.047809701412916183,0.9265444278717041,0.02564590610563755
302,151,0.04115929454565048,0.9324597120285034,0.026381028816103935
302,188,0.028360003605484962,0.9210337996482849,0.050606194883584976
306,5,0.08616301417350769,0.8729401230812073,0.04089687019586563
306,8,0.13919956982135773,0.8328925967216492,0.027907833456993103
306,16,0.07899598032236099,0.8639784455299377,0.057025566697120667
306,18,0.07969161868095398,0.9074786305427551,0.012829790823161602
306,58,0.029920650646090508,0.9383608102798462,0.031718526035547256
306,122,0.07231812924146652,0.8897051215171814,0.0379767008125782
306,153,0.4726140797138214,0.514298677444458,0.01308724656701088
306,154,0.029693281278014183,0.8977603316307068,0.07254639267921448
308,18,0.08633863180875778,0.8232713341712952,0.09039005637168884
308,49,0.02123350091278553,0.9331134557723999,0.04565304517745972
308,58,0.3582235872745514,0.580079197883606,0.061697233468294144
308,78,0.02123350091278553,0.9331134557723999,0.04565304517745972
308,92,0.023402707651257515,0.9409778714179993,0.03561941161751747
308,94,0.023402707651257515,0.9409778714179993,0.03561941161751747
308,104,0.023296331986784935,0.9376030564308167,0.039100609719753265
308,113,0.02031281776726246,0.9233925938606262,0.05629461258649826
308,127,0.020312141627073288,0.9319761395454407,0.047711778432130814
308,130,0.06643646210432053,0.9086284637451172,0.02493506669998169
308,206,0.04695804789662361,0.932380199432373,0.020661763846874237
311,154,0.028547871857881546,0.9214584231376648,0.04999374598264694
311,186,0.03970837965607643,0.9365567564964294,0.023734791204333305
311,195,0.022470975294709206,0.9370173811912537,0.04051162302494049
311,200,0.022470975294709206,0.9370173811912537,0.04051162302494049
311,212,0.023296331986784935,0.9376030564308167,0.039100609719753265
311,248,0.02123350091278553,0.9331134557723999,0.04565304517745972
311,292,0.02152716927230358,0.9389536380767822,0.039519209414720535
311,294,0.04058384522795677,0.9337968230247498,0.02561933547258377
315,13,0.04773461073637009,0.8976029753684998,0.054662372916936874
315,45,0.022086085751652718,0.9320071935653687,0.04590672254562378
315,77,0.04121140018105507,0.9393904209136963,0.019398177042603493
315,110,0.03102460876107216,0.9401459097862244,0.028829528018832207
326,113,0.07264914363622665,0.899295449256897,0.028055410832166672
326,120,0.024258388206362724,0.9074083566665649,0.06833329796791077
326,131,0.03936513140797615,0.9100556373596191,0.05057923495769501
332,36,0.028444966301321983,0.9438750147819519,0.027680017054080963
332,57,0.060304127633571625,0.9076927900314331,0.03200312703847885
332,116,0.06536466628313065,0.8942503929138184,0.040384937077760696
333,6,0.11956203728914261,0.4190444350242615,0.4613935053348541
333,9,0.10221076756715775,0.8763450384140015,0.02144419029355049
333,67,0.23036453127861023,0.7463418841362,0.02329363487660885
333,71,0.027131307870149612,0.40628504753112793,0.5665836334228516
336,10,0.04474129155278206,0.9301549792289734,0.025103718042373657
336,40,0.06352487951517105,0.8541253805160522,0.08234971761703491
336,170,0.07566723227500916,0.8539124727249146,0.07042030245065689
348,52,0.06054729223251343,0.9142950773239136,0.0251576267182827
348,138,0.07373028993606567,0.8635538816452026,0.06271587312221527
348,142,0.02872529812157154,0.9247153401374817,0.046559397131204605
350,46,0.025556020438671112,0.944257378578186,0.030186573043465614
350,101,0.02123350091278553,0.9331134557723999,0.04565304517745972
350,109,0.021585119888186455,0.9409507513046265,0.03746414557099342
350,116,0.019836973398923874,0.9298200607299805,0.05034291744232178
354,13,0.02856171503663063,0.7631258964538574,0.20831237733364105
354,58,0.054382532835006714,0.9195113182067871,0.026106104254722595
354,127,0.13537783920764923,0.7859618067741394,0.07866039872169495
354,155,0.03238946199417114,0.9150769114494324,0.0525335893034935
354,184,0.06784791499376297,0.9116402268409729,0.020511826500296593
354,207,0.08419128507375717,0.8603790402412415,0.055429697036743164
357,5,0.04335803911089897,0.9372421503067017,0.019399823620915413
357,108,0.0946328267455101,0.8825806975364685,0.022786464542150497
357,119,0.0404399037361145,0.9271288514137268,0.03243130445480347
357,127,0.04049450159072876,0.9165446758270264,0.04296080768108368
357,137,0.03021768480539322,0.9170909523963928,0.05269140377640724
357,207,0.07481357455253601,0.8989467620849609,0.026239609345793724
359,41,0.05204256251454353,0.898506760597229,0.04945068433880806
359,74,0.03856699913740158,0.8722524642944336,0.08918050676584244
359,78,0.19622084498405457,0.7637978196144104,0.039981305599212646
359,80,0.09928134083747864,0.8313835263252258,0.06933510303497314
361,34,0.03055613860487938,0.9177612066268921,0.051682714372873306
361,47,0.02143794298171997,0.934872567653656,0.04368945583701134
361,64,0.02143794298171997,0.934872567653656,0.04368945583701134
361,67,0.02123350091278553,0.9331134557723999,0.04565304517745972
361,71,0.02123350091278553,0.9331134557723999,0.04565304517745972
361,119,0.03371954336762428,0.9168835282325745,0.04939695820212364
361,184,0.020697344094514847,0.9388148188591003,0.04048788174986839
361,246,0.022597957402467728,0.9364888072013855,0.04091323912143707
361,276,0.055785395205020905,0.9275925159454346,0.01662202551960945
363,51,0.05511610582470894,0.17284780740737915,0.772036075592041
363,105,0.11386784166097641,0.8311240077018738,0.055008139461278915
363,108,0.04381740838289261,0.8817359209060669,0.07444663345813751
368,55,0.020546942949295044,0.8916141986846924,0.08783884346485138
368,88,0.02308155596256256,0.9082842469215393,0.06863415986299515
368,117,0.23487110435962677,0.7513972520828247,0.013731690123677254
372,43,0.03055613860487938,0.9177612066268921,0.051682714372873306
372,52,0.03853517025709152,0.9110252261161804,0.05043959245085716
372,56,0.02281229943037033,0.9366838335990906,0.0405038520693779
372,163,0.018695130944252014,0.8814712166786194,0.0998336523771286
372,173,0.020875565707683563,0.9319470524787903,0.04717736318707466
372,178,0.02281229943037033,0.9366838335990906,0.0405038520693779
372,180,0.0409756675362587,0.9336212277412415,0.025403141975402832
373,4,0.03620016574859619,0.9161179661750793,0.04768190532922745
373,13,0.02789091318845749,0.9452022910118103,0.02690679207444191
373,101,0.02767738699913025,0.9417345523834229,0.03058801032602787
373,141,0.4002775251865387,0.4512687623500824,0.14845366775989532
376,19,0.031093016266822815,0.9341650605201721,0.03474188596010208
376,164,0.07972143590450287,0.874133288860321,0.04614528268575668
376,175,0.05344807356595993,0.9275603294372559,0.018991641700267792
377,21,0.03542084991931915,0.127811998128891,0.8367671370506287
377,61,0.06715407222509384,0.835780918598175,0.09706497192382812
377,68,0.029358772560954094,0.8834236264228821,0.08721765875816345
378,8,0.11632557958364487,0.8319379091262817,0.0517364963889122
378,54,0.021187251433730125,0.9335039854049683,0.04530873894691467
378,56,0.03371954336762428,0.9168835282325745,0.04939695820212364
380,80,0.047392938286066055,0.9148768186569214,0.03773028776049614
380,84,0.05304519832134247,0.9162755608558655,0.03067922592163086
380,88,0.041245847940444946,0.9105010032653809,0.0482531413435936
384,5,0.06099900230765343,0.903508186340332,0.035492848604917526
384,6,0.06352487951517105,0.8541253805160522,0.08234971761703491
384,72,0.08717742562294006,0.8740733861923218,0.03874920308589935
389,8,0.07094307243824005,0.8973401188850403,0.031716860830783844
389,62,0.03387753292918205,0.9243733882904053,0.04174908995628357
389,79,0.040113434195518494,0.920049250125885,0.03983725979924202
396,51,0.027191726490855217,0.8484083414077759,0.12439987063407898
396,53,0.03055613860487938,0.9177612066268921,0.051682714372873306
396,56,0.025471432134509087,0.8677974939346313,0.10673101991415024
396,62,0.024157151579856873,0.8625376224517822,0.11330524832010269
396,85,0.0975002869963646,0.8604695200920105,0.042030222713947296
396,103,0.0245959535241127,0.8361348509788513,0.1392691731452942
396,109,0.024789901450276375,0.836466908454895,0.13874317705631256
396,115,0.024685410782694817,0.833191454410553,0.14212314784526825
396,116,0.04434976726770401,0.930707573890686,0.02494259737432003
396,142,0.025745939463377,0.8033052086830139,0.1709488332271576
396,144,0.03055613860487938,0.9177612066268921,0.051682714372873306
396,148,0.02432960830628872,0.8501375317573547,0.12553280591964722
396,167,0.03151664510369301,0.9361668229103088,0.03231650963425636
396,239,0.04053809121251106,0.9267693161964417,0.032692600041627884
396,248,0.03586029261350632,0.9380315542221069,0.026108205318450928
400,69,0.6713808178901672,0.1435832679271698,0.18503586947917938
400,70,0.1644323468208313,0.5420404076576233,0.293527215719223
400,141,0.027277454733848572,0.9361708760261536,0.03655163571238518
411,12,0.034000691026449203,0.8984606266021729,0.06753867119550705
411,32,0.043800558894872665,0.9300325512886047,0.026166869327425957
411,102,0.02417544648051262,0.9303361773490906,0.04548833891749382
411,114,0.03633074089884758,0.9398683309555054,0.023800864815711975
413,9,0.17543579638004303,0.7959024310112,0.028661763295531273
413,10,0.033275309950113297,0.9402197003364563,0.026504969224333763
413,14,0.04791933670639992,0.918088436126709,0.033992182463407516
413,17,0.03902874141931534,0.9429133534431458,0.01805790327489376
413,18,0.028963275253772736,0.9263970851898193,0.04463963583111763
413,73,0.040765319019556046,0.9116780757904053,0.04755662381649017
413,120,0.06042291969060898,0.9203462600708008,0.01923087239265442
413,139,0.0368158183991909,0.8933494091033936,0.06983478367328644
417,2,0.12003429234027863,0.8263111114501953,0.053654566407203674
417,5,0.060676075518131256,0.47680073976516724,0.4625232219696045
417,13,0.08174362033605576,0.8769078850746155,0.04134852811694145
417,43,0.02691049687564373,0.9046145081520081,0.06847494095563889
419,82,0.06983707845211029,0.8969931602478027,0.03316983953118324
419,97,0.02865818329155445,0.9216955304145813,0.049646299332380295
419,111,0.084034763276577,0.8989709615707397,0.016994323581457138
421,14,0.0317421555519104,0.915399432182312,0.05285836383700371
421,46,0.03055613860487938,0.9177612066268921,0.051682714372873306
421,88,0.0980423167347908,0.8530387878417969,0.04891892522573471
421,122,0.03598814085125923,0.9362434148788452,0.02776847779750824
421,145,0.03827066347002983,0.9186771512031555,0.04305219277739525
423,18,0.03055613860487938,0.9177612066268921,0.051682714372873306
423,26,0.02195235714316368,0.9237838983535767,0.05426371470093727
423,60,0.026456626132130623,0.9377564191818237,0.03578697890043259
423,101,0.03055613860487938,0.9177612066268921,0.051682714372873306
423,112,0.02384781651198864,0.9016339182853699,0.07451830059289932
425,71,0.06540577858686447,0.8917695879936218,0.04282465949654579
425,88,0.03257731720805168,0.5731951594352722,0.3942275047302246
425,102,0.1601877212524414,0.795192539691925,0.04461974650621414
425,203,0.030879061669111252,0.9417325854301453,0.027388406917452812
431,32,0.16822244226932526,0.7907084226608276,0.041069187223911285
431,42,0.04806477203965187,0.903954267501831,0.04798095300793648
431,56,0.06167658045887947,0.9145234227180481,0.023799968883395195
431,169,0.08104334771633148,0.8684718608856201,0.05048472434282303
431,196,0.10101136565208435,0.8398431539535522,0.0591454952955246
443,2,0.043451715260744095,0.9173229336738586,0.03922532498836517
443,53,0.031291600316762924,0.9346380233764648,0.03407038748264313
443,55,0.20186813175678253,0.7804883718490601,0.017643503844738007
443,57,0.46925583481788635,0.5130465626716614,0.017697643488645554
443,72,0.06492993235588074,0.8979883790016174,0.03708166256546974
444,16,0.03055613860487938,0.9177612066268921,0.051682714372873306
444,56,0.05055590346455574,0.9218410849571228,0.0276030246168375
444,58,0.113262839615345,0.8767576813697815,0.009979491122066975
446,14,0.024748601019382477,0.914522647857666,0.06072874367237091
446,37,0.07548242807388306,0.8948569297790527,0.029660632833838463
446,109,0.2328859269618988,0.746078610420227,0.021035464480519295
446,123,0.15598487854003906,0.7922390103340149,0.05177609995007515
446,124,0.04468873143196106,0.9379178881645203,0.01739334501326084
446,130,0.042854513972997665,0.9321825504302979,0.02496291697025299
454,60,0.0902705118060112,0.8698067665100098,0.039922717958688736
454,64,0.0368158183991909,0.8933494091033936,0.06983478367328644
454,107,0.08318788558244705,0.873691201210022,0.04312092065811157
454,113,0.04242436960339546,0.8903297781944275,0.06724584847688675
454,115,0.1492564082145691,0.8382917642593384,0.012451867572963238
455,15,0.07600240409374237,0.8414234519004822,0.08257417380809784
455,16,0.031409621238708496,0.9229418039321899,0.045648571103811264
455,62,0.03055613860487938,0.9177612066268921,0.051682714372873306
456,4,0.024571292102336884,0.9302583336830139,0.04517040774226189
456,8,0.08538082242012024,0.8565171957015991,0.05810192972421646
456,30,0.025027090683579445,0.9062064290046692,0.06876643747091293
456,67,0.02588045783340931,0.9329266548156738,0.04119285196065903
458,7,0.04089358448982239,0.9418759346008301,0.017230499535799026
458,14,0.038696836680173874,0.9282287359237671,0.033074479550123215
458,57,0.030751463025808334,0.9320700168609619,0.03717845305800438
458,76,0.041439324617385864,0.9198553562164307,0.03870536759495735
458,96,0.042929697781801224,0.9373721480369568,0.01969820074737072
462,19,0.06790678203105927,0.9122925996780396,0.019800633192062378
462,60,0.02743460051715374,0.9013665318489075,0.07119887322187424
462,78,0.04236534982919693,0.8760424852371216,0.08159218728542328
462,180,0.033430878072977066,0.932231605052948,0.03433747589588165
473,4,0.02314961701631546,0.9451090097427368,0.03174135833978653
473,61,0.031409621238708496,0.9229418039321899,0.045648571103811264
473,86,0.02495878003537655,0.9323965907096863,0.042644623667001724
473,104,0.029971415176987648,0.9348055720329285,0.03522298112511635
482,16,0.1308611035346985,0.8537667393684387,0.015372226014733315
482,138,0.02261611819267273,0.8223913311958313,0.15499253571033478
482,168,0.049790892750024796,0.9147632122039795,0.035445891320705414
482,218,0.06618822365999222,0.8442345857620239,0.08957716822624207
487,27,0.045545078814029694,0.9133632183074951,0.0410916805267334
487,102,0.03115979954600334,0.9390996098518372,0.02974051982164383
487,106,0.07715478539466858,0.895679771900177,0.027165457606315613
490,2,0.11946403235197067,0.8408896923065186,0.039646297693252563
490,5,0.07805249840021133,0.9072487354278564,0.014698724262416363
490,91,0.0803910568356514,0.8915923237800598,0.02801661379635334
490,110,0.43745437264442444,0.4777739644050598,0.08477167040109634
490,216,0.08444512635469437,0.8228420615196228,0.0927128791809082
492,5,0.03141774982213974,0.9301140308380127,0.03846825286746025
492,42,0.061317816376686096,0.912652313709259,0.026029929518699646
492,85,0.11282652616500854,0.8748192191123962,0.012354263104498386
492,97,0.3591632544994354,0.4241849184036255,0.2166517823934555
492,157,0.03640354424715042,0.6597777009010315,0.3038187623023987
500,32,0.03509194031357765,0.908740758895874,0.056167297065258026
500,38,0.3591632544994354,0.4241849184036255,0.2166517823934555
500,43,0.03411807119846344,0.9260347485542297,0.03984718769788742
500,66,0.05130794271826744,0.9106830954551697,0.03800901770591736
500,127,0.06352487951517105,0.8541253805160522,0.08234971761703491
500,155,0.08109693229198456,0.8745307326316833,0.0443723127245903
500,171,0.3591632544994354,0.4241849184036255,0.2166517823934555
500,177,0.06073887273669243,0.9141461253166199,0.025114959105849266
500,183,0.028806399554014206,0.906536877155304,0.06465674936771393
513,14,0.031530752778053284,0.931125283241272,0.037343963980674744
513,53,0.029363324865698814,0.9380951523780823,0.032541535794734955
513,75,0.03236203268170357,0.9234657883644104,0.04417219012975693
513,89,0.062383975833654404,0.9104509949684143,0.027165023609995842
518,18,0.027745788916945457,0.9320912957191467,0.04016292095184326
518,19,0.02631394937634468,0.9333861470222473,0.04029997065663338
518,94,0.04662949591875076,0.9321338534355164,0.021236708387732506
525,26,0.03236203268170357,0.9234657883644104,0.04417219012975693
525,35,0.02704450860619545,0.9336938261985779,0.03926164656877518
525,41,0.07286247611045837,0.8281499147415161,0.09898757189512253
533,56,0.18805867433547974,0.7148639559745789,0.09707741439342499
533,119,0.04563712328672409,0.8314163088798523,0.12294657528400421
533,151,0.021298997104167938,0.04841127246618271,0.9302897453308105
544,48,0.028010819107294083,0.935058057308197,0.03693108633160591
544,87,0.03236203268170357,0.9234657883644104,0.04417219012975693
544,104,0.03437212482094765,0.9442224502563477,0.021405495703220367
552,21,0.0510820597410202,0.8726440072059631,0.07627398520708084
552,61,0.02631394937634468,0.9333861470222473,0.04029997065663338
552,67,0.02705014869570732,0.9195858240127563,0.05336402729153633
552,150,0.03838576748967171,0.6966843605041504,0.264929860830307
552,173,0.025659658014774323,0.9448656439781189,0.029474694281816483
552,179,0.020419010892510414,0.911184549331665,0.06839648634195328
556,45,0.03236203268170357,0.9234657883644104,0.04417219012975693
556,52,0.028010819107294083,0.935058057308197,0.03693108633160591
556,94,0.028547871857881546,0.9214584231376648,0.04999374598264694
561,100,0.04146480932831764,0.9052011966705322,0.05333397164940834
561,116,0.040997713804244995,0.9175634384155273,0.04143886640667915
561,164,0.08636704832315445,0.8926662802696228,0.020966706797480583
565,55,0.08997068554162979,0.8959571719169617,0.0140721146017313
565,75,0.054548218846321106,0.9211638569831848,0.02428789809346199
565,81,0.1207776814699173,0.8377240896224976,0.041498199105262756
565,92,0.0533018596470356,0.9185547828674316,0.028143372386693954
568,8,0.08434554934501648,0.8849763870239258,0.030678030103445053
568,31,0.04679608717560768,0.9324372410774231,0.02076675184071064
568,42,0.05591251328587532,0.7869104743003845,0.15717703104019165
568,69,0.09230118244886398,0.8558424115180969,0.05185636132955551
571,1,0.03483551740646362,0.9391794204711914,0.0259849950671196
571,73,0.11920461803674698,0.8527653813362122,0.028029946610331535
571,78,0.284734845161438,0.7034178376197815,0.011847302317619324
571,93,0.16044160723686218,0.8144841194152832,0.025074323639273643
572,23,0.03715924546122551,0.9208371043205261,0.04200365021824837
572,59,0.05608304217457771,0.9191254377365112,0.024791505187749863
572,111,0.0994953140616417,0.8719958662986755,0.028508786112070084
572,112,0.08069638162851334,0.8727061748504639,0.04659745842218399
576,13,0.08479034900665283,0.8892300128936768,0.025979625061154366
576,86,0.050144392997026443,0.8165339827537537,0.1333215832710266
576,105,0.07127995789051056,0.9042724370956421,0.02444763481616974
576,178,0.07270017266273499,0.8812255263328552,0.0460742823779583
576,219,0.03511768579483032,0.9264666438102722,0.03841564431786537
579,17,0.028547871857881546,0.9214584231376648,0.04999374598264694
579,35,0.025027090683579445,0.9062064290046692,0.06876643747091293
579,49,0.02667890675365925,0.8995791673660278,0.07374189794063568
579,54,0.025519443675875664,0.9022729992866516,0.07220757007598877
579,76,0.022418344393372536,0.9334535002708435,0.0441281683743
579,80,0.02455112710595131,0.8932811617851257,0.08216767013072968
579,127,0.028547871857881546,0.9214584231376648,0.04999374598264694
579,139,0.02312273159623146,0.9274134039878845,0.0494639053940773
579,146,0.023629162460565567,0.9364942312240601,0.039876554161310196
580,8,0.2563202381134033,0.5793047547340393,0.16437497735023499
580,61,0.02970869094133377,0.9177038669586182,0.05258750542998314
580,155,0.09313533455133438,0.8680564165115356,0.03880825638771057
580,171,0.6360675692558289,0.3422348201274872,0.021697619929909706
583,7,0.03350610285997391,0.9324589967727661,0.034034959971904755
583,8,0.03166186437010765,0.9140227437019348,0.054315440356731415
583,13,0.07768253237009048,0.8996464014053345,0.022671060636639595
583,25,0.05612613260746002,0.8691262006759644,0.07474762201309204
583,48,0.06004461646080017,0.9216904640197754,0.018264923244714737
583,59,0.095298632979393,0.8526664972305298,0.052034892141819
584,92,0.1338719129562378,0.7882580757141113,0.07786998897790909
584,142,0.05186772346496582,0.9215282201766968,0.026604007929563522
584,162,0.028547871857881546,0.9214584231376648,0.04999374598264694
588,3,0.038785070180892944,0.9349395036697388,0.02627541497349739
588,19,0.04242436960339546,0.8903297781944275,0.06724584847688675
588,32,0.08299191296100616,0.857911229133606,0.05909682437777519
590,9,0.034044407308101654,0.9432545304298401,0.022701041772961617
590,18,0.020734399557113647,0.9368526935577393,0.04241292178630829
590,83,0.18674884736537933,0.6959910988807678,0.11726006865501404
601,35,0.05229385569691658,0.9005549550056458,0.04715115204453468
601,54,0.19089260697364807,0.7926212549209595,0.016486169770359993
601,103,0.11342132836580276,0.8430472016334534,0.04353143274784088
601,118,0.02986423671245575,0.6783421039581299,0.2917936146259308
601,126,0.3591632544994354,0.4241849184036255,0.2166517823934555
601,152,0.05561458319425583,0.7054604887962341,0.23892498016357422
601,166,0.05861340090632439,0.90560382604599,0.035782814025878906
601,186,0.06848850101232529,0.899100124835968,0.03241138905286789
602,41,0.04551921412348747,0.916971743106842,0.0375090129673481
602,74,0.03393718600273132,0.9157528877258301,0.050309918820858
602,82,0.03907255083322525,0.9109817743301392,0.04994572326540947
602,107,0.06213829666376114,0.8775850534439087,0.06027669459581375
604,7,0.08083029836416245,0.8728349208831787,0.04633473977446556
604,21,0.048123493790626526,0.8890138268470764,0.06286269426345825
604,109,0.15106995403766632,0.8251465559005737,0.023783467710018158
604,147,0.042868468910455704,0.8980752825737,0.05905618891119957
604,178,0.3591632544994354,0.4241849184036255,0.2166517823934555
604,260,0.06245157867670059,0.9075290560722351,0.030019352212548256
624,96,0.06162867695093155,0.9035414457321167,0.034829843789339066
624,110,0.07219851016998291,0.9020785689353943,0.025722889229655266
624,117,0.10332612693309784,0.8798182010650635,0.016855692490935326
635,5,0.0911746695637703,0.8707053661346436,0.03811992332339287
635,32,0.04320163279771805,0.9215567111968994,0.03524169325828552
635,47,0.021777378395199776,0.9166891574859619,0.06153345853090286
635,53,0.21820682287216187,0.7605199217796326,0.021273193880915642
635,61,0.04778946191072464,0.9361355900764465,0.01607489213347435
636,25,0.02447148784995079,0.9065483212471008,0.06898017227649689
636,30,0.022623522207140923,0.8971715569496155,0.08020487427711487
636,38,0.04637845978140831,0.8788068890571594,0.07481469959020615
636,78,0.21917347609996796,0.7269868850708008,0.053839605301618576
636,102,0.06357461959123611,0.9021456837654114,0.034279715269804
636,254,0.07044701278209686,0.8318257927894592,0.0977272093296051
638,6,0.02228468284010887,0.9311857223510742,0.0465296171605587
638,15,0.06424864381551743,0.8320448398590088,0.1037064865231514
638,53,0.21007166802883148,0.774296760559082,0.015631597489118576
641,27,0.19981367886066437,0.7798120379447937,0.02037433721125126
641,32,0.0911746695637703,0.8707053661346436,0.03811992332339287
641,80,0.06742250174283981,0.9091930389404297,0.023384450003504753
649,37,0.02579643577337265,0.9120789170265198,0.06212462857365608
649,50,0.03179032728075981,0.9075411558151245,0.06066850945353508
649,56,0.03506665304303169,0.9402499198913574,0.024683378636837006
649,104,0.02319512329995632,0.8879327774047852,0.08887214213609695
657,1,0.05817916989326477,0.8871136903762817,0.054707132279872894
657,4,0.03339088708162308,0.9283884763717651,0.038220688700675964
657,19,0.02925737574696541,0.9467592835426331,0.02398335188627243
664,61,0.04932626709342003,0.8435563445091248,0.10711734741926193
664,64,0.021585464477539062,0.8936702013015747,0.08474429696798325
664,88,0.05091724172234535,0.9105092287063599,0.038573503494262695
664,89,0.04534522816538811,0.8477109670639038,0.1069437637925148
664,126,0.29138728976249695,0.6913555264472961,0.017257187515497208
664,152,0.08668600767850876,0.8658827543258667,0.04743118956685066
664,175,0.030802268534898758,0.8191971778869629,0.15000054240226746
664,199,0.04233148694038391,0.9271728992462158,0.0304956566542387
664,214,0.04259896278381348,0.8900647163391113,0.0673363134264946
665,17,0.05817916989326477,0.8871136903762817,0.054707132279872894
665,21,0.04439434036612511,0.9279881119728088,0.027617504820227623
665,31,0.048123493790626526,0.8890138268470764,0.06286269426345825
665,90,0.027471771463751793,0.6311322450637817,0.34139594435691833
665,141,0.0684775710105896,0.8611059188842773,0.07041655480861664
665,170,0.12536835670471191,0.8549183011054993,0.019713371992111206
665,171,0.04422590881586075,0.9031460285186768,0.052628044039011
665,184,0.06960558891296387,0.8834394216537476,0.04695502296090126
668,31,0.0808870941400528,0.8747647404670715,0.044348202645778656
668,32,0.0368158183991909,0.8933494091033936,0.06983478367328644
668,42,0.030326487496495247,0.9375261664390564,0.03214741498231888
668,68,0.07248562574386597,0.9033753275871277,0.024138985201716423
670,13,0.3591632544994354,0.4241849184036255,0.2166517823934555
670,41,0.3611684739589691,0.5126144886016846,0.1262170374393463
670,42,0.0359625481069088,0.9283156991004944,0.03572176396846771
670,70,0.05375014618039131,0.8343645930290222,0.11188532412052155
670,97,0.05628587678074837,0.9291455149650574,0.014568639919161797
670,98,0.12235495448112488,0.7766517996788025,0.10099327564239502
670,135,0.1075848937034607,0.850580632686615,0.04183446243405342
670,142,0.057214077562093735,0.9094672203063965,0.033318739384412766
672,1,0.045825034379959106,0.9144197702407837,0.039755165576934814
672,29,0.11066018790006638,0.8320136666297913,0.05732616037130356
672,59,0.02101854607462883,0.7550997734069824,0.22388170659542084
672,62,0.04509236291050911,0.9339386224746704,0.02096894569694996
672,71,0.11286509782075882,0.7475091814994812,0.13962571322917938
672,128,0.022069687023758888,0.9343392252922058,0.043591029942035675
672,131,0.04644053801894188,0.9036547541618347,0.04990467429161072
672,134,0.08398348838090897,0.8810299038887024,0.03498658910393715
672,136,0.048123493790626526,0.8890138268470764,0.06286269426345825
672,144,0.043113742023706436,0.9192874431610107,0.03759882226586342
673,73,0.03533797711133957,0.9294942021369934,0.03516785055398941
673,94,0.06540577858686447,0.8917695879936218,0.04282465949654579
673,120,0.038641780614852905,0.9035816192626953,0.05777653306722641
673,123,0.036613352596759796,0.9367062449455261,0.02668038010597229
673,130,0.05051160976290703,0.9109435677528381,0.03854481130838394
673,154,0.024425804615020752,0.9098495244979858,0.06572470813989639
673,166,0.056571267545223236,0.8873264789581299,0.05610224977135658
673,170,0.039993513375520706,0.922643780708313,0.03736269101500511
673,199,0.030498294159770012,0.9353733658790588,0.03412832319736481
673,200,0.03392646834254265,0.609619677066803,0.3564538359642029
677,51,0.034808311611413956,0.7796651721000671,0.185526505112648
677,107,0.03917098417878151,0.925940215587616,0.03488879278302193
677,119,0.3591632544994354,0.4241849184036255,0.2166517823934555
678,8,0.03711656108498573,0.940718412399292,0.022165073081851006
678,29,0.10142068564891815,0.8563716411590576,0.04220769926905632
678,34,0.12319431453943253,0.8555859923362732,0.02121967077255249
678,35,0.05018613487482071,0.9305629134178162,0.019250888377428055
678,38,0.060820791870355606,0.909454882144928,0.029724374413490295
678,45,0.14433948695659637,0.7744746208190918,0.08118591457605362
678,54,0.09574425220489502,0.8198811411857605,0.08437459915876389
678,56,0.10016468167304993,0.8885063529014587,0.01132893469184637
678,60,0.03433747589588165,0.9345100522041321,0.031152494251728058
678,71,0.05780927836894989,0.9122692942619324,0.029921473935246468
678,72,0.04457613453269005,0.9317123889923096,0.023711547255516052
685,23,0.025027090683579445,0.9062064290046692,0.06876643747091293
685,56,0.023821745067834854,0.9172548055648804,0.058923471719026566
685,72,0.04086454212665558,0.9344536066055298,0.024681856855750084
685,81,0.021735796704888344,0.9124284386634827,0.06583581119775772
688,38,0.052403323352336884,0.919539213180542,0.028057431802153587
688,39,0.03635086119174957,0.9236568212509155,0.039992284029722214
688,46,0.029366668313741684,0.9375845193862915,0.03304876759648323
688,139,0.12206295877695084,0.827508270740509,0.050428759306669235
689,3,0.028800204396247864,0.8775239586830139,0.09367583692073822
689,34,0.020227590575814247,0.9360411763191223,0.0437311977148056
689,56,0.030535465106368065,0.9045334458351135,0.06493110209703445
689,105,0.026881864294409752,0.9104928374290466,0.06262530386447906
690,0,0.045740772038698196,0.898060142993927,0.05619913339614868
690,20,0.08415509760379791,0.8604773879051208,0.05536750331521034
690,25,0.09300868213176727,0.8624973893165588,0.044493891298770905
690,30,0.05750631168484688,0.8542353510856628,0.08825834840536118
690,34,0.04381768777966499,0.892817497253418,0.06336478143930435
690,41,0.06243298202753067,0.9094308018684387,0.028136182576417923
695,4,0.03614582121372223,0.9139317870140076,0.049922361969947815
695,8,0.03701924905180931,0.9260704517364502,0.03691032901406288
695,9,0.30701911449432373,0.5435561537742615,0.1494247317314148
695,59,0.030067933723330498,0.9452880620956421,0.024643978103995323
695,84,0.0368158183991909,0.8933494091033936,0.06983478367328644
695,86,0.06732069700956345,0.9099480509757996,0.0227312333881855
696,18,0.03244790807366371,0.9343003034591675,0.03325171023607254
696,56,0.061095062643289566,0.9070805311203003,0.03182442486286163
696,83,0.026128524914383888,0.8936560153961182,0.08021549880504608
696,115,0.04242436960339546,0.8903297781944275,0.06724584847688675
696,121,0.048402946442365646,0.8912064433097839,0.060390591621398926
696,159,0.03528410568833351,0.8744806051254272,0.09023533761501312
696,181,0.09817162901163101,0.8732552528381348,0.028573080897331238
696,194,0.02748427540063858,0.9235211610794067,0.048994533717632294
696,209,0.08327848464250565,0.8829044699668884,0.03381697088479996
696,211,0.03238790109753609,0.9390217661857605,0.028590360656380653
697,30,0.02579643577337265,0.9120789170265198,0.06212462857365608
697,39,0.025618499144911766,0.9329095482826233,0.0414719358086586
697,75,0.03892990201711655,0.9164419174194336,0.04462814703583717
702,5,0.042591556906700134,0.9060591459274292,0.05134931951761246
702,13,0.06604224443435669,0.9177417159080505,0.01621599681675434
702,15,0.3591632544994354,0.4241849184036255,0.2166517823934555
702,37,0.03527136147022247,0.9375545382499695,0.02717413939535618
702,60,0.11949317157268524,0.8080676198005676,0.0724392682313919
702,69,0.08383948355913162,0.8567652106285095,0.059395331889390945
702,70,0.09462067484855652,0.8627759218215942,0.04260342940688133
702,81,0.3591632544994354,0.4241849184036255,0.2166517823934555
702,83,0.042374737560749054,0.9226387739181519,0.034986503422260284
702,92,0.10154730081558228,0.8514418005943298,0.047010935842990875
702,94,0.0721069797873497,0.9142130017280579,0.013680062256753445
702,132,0.052672069519758224,0.9141296148300171,0.03319834917783737
702,139,0.092025987803936,0.8752094507217407,0.03276454657316208
702,196,0.3377763330936432,0.6498215794563293,0.01240209024399519
702,216,0.033460136502981186,0.9142765402793884,0.05226327106356621
702,231,0.3060140311717987,0.6848012208938599,0.009184755384922028
702,330,0.023533085361123085,0.932818591594696,0.04364829137921333
702,332,0.04010166600346565,0.8876441121101379,0.07225416600704193
704,8,0.023991048336029053,0.8716670274734497,0.10434190183877945
704,31,0.09187843650579453,0.8372415900230408,0.0708799883723259
704,61,0.02579643577337265,0.9120789170265198,0.06212462857365608
709,66,0.025027090683579445,0.9062064290046692,0.06876643747091293
709,69,0.021332010626792908,0.8976962566375732,0.08097171038389206
709,82,0.020687252283096313,0.9130517244338989,0.06626104563474655
709,121,0.02254463918507099,0.904929518699646,0.07252584397792816
710,36,0.11074453592300415,0.845740556716919,0.043514881283044815
710,40,0.0975002869963646,0.8604695200920105,0.042030222713947296
710,66,0.03030102327466011,0.22613073885440826,0.7435682415962219
710,83,0.03307570144534111,0.9413514733314514,0.025572849437594414
710,101,0.3591632544994354,0.4241849184036255,0.2166517823934555
710,149,0.09571529924869537,0.8757253289222717,0.02855939231812954
710,163,0.04113268852233887,0.8991847634315491,0.05968250706791878
710,175,0.02094489522278309,0.9199606776237488,0.05909438803792
719,32,0.05591835454106331,0.9205242991447449,0.023557329550385475
719,65,0.037087347358465195,0.9097811579704285,0.05313151702284813
719,67,0.044433798640966415,0.9367626309394836,0.01880354806780815
719,69,0.3100042939186096,0.6785167455673218,0.011478970758616924
719,144,0.05727841332554817,0.9015577435493469,0.0411638505756855
721,38,0.03705177083611488,0.9413983821868896,0.02154983952641487
721,77,0.0843343436717987,0.8940136432647705,0.021651964634656906
721,142,0.08717742562294006,0.8740733861923218,0.03874920308589935
731,19,0.03556085750460625,0.9130297899246216,0.051409345120191574
731,46,0.7680608034133911,0.21750418841838837,0.01443497184664011
731,48,0.030867446213960648,0.8883445262908936,0.08078805357217789
731,53,0.02448001503944397,0.9418003559112549,0.03371965512633324
731,54,0.03619026765227318,0.9258136749267578,0.03799605742096901
731,61,0.049792658537626266,0.8173767328262329,0.13283061981201172
731,65,0.06938904523849487,0.6582617163658142,0.27234920859336853
731,77,0.02612653560936451,0.9363261461257935,0.037547286599874496
731,90,0.3591632544994354,0.4241849184036255,0.2166517823934555
731,94,0.0497744083404541,0.932336151599884,0.017889417707920074
731,97,0.03339088708162308,0.9283884763717651,0.038220688700675964
731,118,0.04095566272735596,0.9137028455734253,0.04534152150154114
731,120,0.07899598032236099,0.8639784455299377,0.057025566697120667
731,146,0.09870097041130066,0.8458017110824585,0.05549730733036995
731,162,0.09300832450389862,0.8608877062797546,0.04610397294163704
731,177,0.11949293315410614,0.8182679414749146,0.0622391514480114
731,209,0.024667780846357346,0.7266503572463989,0.24868184328079224
731,232,0.04698514938354492,0.9278266429901123,0.025188228115439415
731,237,0.06188337877392769,0.9182659387588501,0.019850702956318855
731,238,0.03958985581994057,0.9189668893814087,0.04144325479865074
731,266,0.05526064708828926,0.8851051330566406,0.05963415652513504
731,275,0.020426567643880844,0.926241934299469,0.05333147197961807
731,277,0.02368737943470478,0.9022711515426636,0.07404150813817978
731,285,0.2383924275636673,0.7524242401123047,0.009183347225189209
731,313,0.3591632544994354,0.4241849184036255,0.2166517823934555
732,24,0.040796905755996704,0.924443781375885,0.03475937619805336
732,58,0.3591632544994354,0.4241849184036255,0.2166517823934555
732,63,0.05105052515864372,0.8793507814407349,0.0695987343788147
733,6,0.3591632544994354,0.4241849184036255,0.2166517823934555
733,55,0.05427704006433487,0.9237245917320251,0.021998386830091476
733,118,0.023897809907794,0.8963323831558228,0.0797697976231575
733,124,0.08231090009212494,0.883083701133728,0.03460537642240524
733,139,0.031354717910289764,0.9470143914222717,0.021630844101309776
733,146,0.07077985256910324,0.8928225636482239,0.036397598683834076
734,10,0.1087183728814125,0.8365303874015808,0.054751187562942505
734,13,0.050456974655389786,0.8939104080200195,0.05563266947865486
734,33,0.04627608507871628,0.8826611638069153,0.07106271386146545
734,38,0.048123493790626526,0.8890138268470764,0.06286269426345825
734,40,0.04242436960339546,0.8903297781944275,0.06724584847688675
734,75,0.08415509760379791,0.8604773879051208,0.05536750331521034
734,85,0.04274095967411995,0.8900507092475891,0.06720826029777527
734,89,0.3591632544994354,0.4241849184036255,0.2166517823934555
734,104,0.08180501312017441,0.8788790702819824,0.03931594640016556
734,105,0.3591632544994354,0.4241849184036255,0.2166517823934555
734,113,0.02387893944978714,0.9407746195793152,0.035346392542123795
734,157,0.050456974655389786,0.8939104080200195,0.05563266947865486
734,158,0.05195939913392067,0.9091335535049438,0.0389070063829422
734,165,0.02915644831955433,0.9393309950828552,0.03151261806488037
734,167,0.040853217244148254,0.9122194051742554,0.04692741483449936
734,184,0.02735903672873974,0.8951770067214966,0.07746392488479614
734,189,0.04274095967411995,0.8900507092475891,0.06720826029777527
734,211,0.04627608507871628,0.8826611638069153,0.07106271386146545
734,232,0.04755501076579094,0.8984288573265076,0.05401615798473358
734,259,0.07079015672206879,0.883490800857544,0.04571905359625816
734,260,0.10402737557888031,0.8700705766677856,0.02590198814868927
736,5,0.082428939640522,0.8711514472961426,0.04641960561275482
736,13,0.09286951273679733,0.8907739520072937,0.016356542706489563
736,17,0.15131400525569916,0.8160227537155151,0.032663218677043915
736,55,0.2173697054386139,0.7690898776054382,0.013540409505367279
736,93,0.16292761266231537,0.8217763304710388,0.015296060591936111
736,101,0.051621973514556885,0.9085459113121033,0.03983207792043686
736,108,0.07333854585886002,0.9019902944564819,0.02467120811343193
737,79,0.06694839894771576,0.9086906909942627,0.02436094358563423
737,89,0.03368693217635155,0.9498332142829895,0.016479846090078354
737,121,0.04013470932841301,0.9277109503746033,0.032154381275177
741,2,0.07841354608535767,0.8623661398887634,0.05922027304768562
741,16,0.024006465449929237,0.8910149335861206,0.08497859537601471
741,25,0.18032881617546082,0.805318295955658,0.014352859929203987
743,0,0.09427739679813385,0.8363949656486511,0.06932763010263443
743,31,0.042675137519836426,0.910439670085907,0.04688524082303047
743,44,0.03535120561718941,0.9288371801376343,0.03581162914633751
743,46,0.10815034061670303,0.8353690505027771,0.05648059770464897
744,42,0.11920618265867233,0.8343253135681152,0.046468477696180344
744,50,0.05129478499293327,0.9146621227264404,0.034043099731206894
744,59,0.04095570370554924,0.9033206105232239,0.055723708122968674
744,73,0.08506692945957184,0.8744298219680786,0.040503229945898056
744,84,0.11387357115745544,0.8545815944671631,0.03154483810067177
744,97,0.06692220270633698,0.8897651433944702,0.04331260174512863
744,142,0.1563032567501068,0.8161821961402893,0.027514565736055374
744,143,0.054078880697488785,0.9123883247375488,0.03353273496031761
744,159,0.08548043668270111,0.8695133924484253,0.04500618949532509
744,181,0.06727235019207001,0.8641722202301025,0.06855540722608566
744,185,0.06692220270633698,0.8897651433944702,0.04331260174512863
744,197,0.03980594500899315,0.918126106262207,0.042067937552928925
744,202,0.16722241044044495,0.8045545816421509,0.02822304144501686
744,213,0.05492989346385002,0.8930658102035522,0.05200430750846863
744,217,0.06886955350637436,0.880579948425293,0.05055047944188118
744,220,0.06792081892490387,0.8930423259735107,0.03903687000274658
747,10,0.2431686967611313,0.5383858680725098,0.21844543516635895
747,24,0.0368158183991909,0.8933494091033936,0.06983478367328644
747,27,0.06813652068376541,0.8777149319648743,0.05414857715368271
748,63,0.04928436130285263,0.9102795124053955,0.04043618589639664
748,109,0.034939516335725784,0.9386513829231262,0.026409149169921875
748,134,0.024512864649295807,0.3705763518810272,0.6049107909202576
748,140,0.028441237285733223,0.9028071761131287,0.06875158101320267
749,21,0.10266704112291336,0.8581458926200867,0.0391869992017746
749,28,0.033529624342918396,0.9190976619720459,0.047372717410326004
749,32,0.0911746695637703,0.8707053661346436,0.03811992332339287
749,40,0.0444103367626667,0.9218263626098633,0.03376331925392151
749,69,0.033326443284749985,0.6683669686317444,0.29830658435821533
749,115,0.061368178576231,0.7208905220031738,0.2177412360906601
749,155,0.07243452221155167,0.8960433006286621,0.03152211755514145
749,178,0.09895772486925125,0.8551449179649353,0.04589740186929703
749,213,0.028774119913578033,0.8960479497909546,0.07517796754837036
749,217,0.04928436130285263,0.9102795124053955,0.04043618589639664
749,218,0.092025987803936,0.8752094507217407,0.03276454657316208
749,267,0.05302719399333,0.8908591866493225,0.05611357092857361
749,279,0.027458738535642624,0.9190734624862671,0.053467780351638794
749,315,0.057944994419813156,0.9023705124855042,0.039684414863586426
749,351,0.9103169441223145,0.07112716883420944,0.018555866554379463
751,31,0.020687252283096313,0.9130517244338989,0.06626104563474655
751,146,0.025027090683579445,0.9062064290046692,0.06876643747091293
751,160,0.02333294413983822,0.9301170706748962,0.04654993861913681
754,1,0.07125091552734375,0.824268102645874,0.10448096692562103
754,28,0.06047166883945465,0.8463088870048523,0.09321942925453186
754,61,0.0911746695637703,0.8707053661346436,0.03811992332339287
757,10,0.032316748052835464,0.9457314610481262,0.021951710805296898
757,26,0.06800900399684906,0.8800560235977173,0.051934972405433655
757,58,0.07270017266273499,0.8812255263328552,0.0460742823779583
757,63,0.0716937780380249,0.8009275794029236,0.1273786723613739
757,100,0.11330316215753555,0.7318838238716125,0.1548130214214325
757,149,0.03744625672698021,0.8934643268585205,0.06908942013978958
759,8,0.012449580244719982,0.03675873950123787,0.950791597366333
759,17,0.033616803586483,0.932356595993042,0.03402656689286232
759,18,0.8703430891036987,0.09013032913208008,0.03952656686306
759,88,0.10579973459243774,0.8549371361732483,0.03926313668489456
759,97,0.22010238468647003,0.768407940864563,0.011489632539451122
759,167,0.09300832450389862,0.8608877062797546,0.04610397294163704
759,171,0.0947561264038086,0.8781173825263977,0.027126481756567955
760,25,0.10353369265794754,0.8775903582572937,0.018875980749726295
760,28,0.07107998430728912,0.8823599219322205,0.046560149639844894
760,39,0.04298359528183937,0.8987523317337036,0.0582641065120697
760,43,0.1657898724079132,0.8198392987251282,0.014370848424732685
760,71,0.028032196685671806,0.6260418891906738,0.345925897359848
760,116,0.07867272943258286,0.8880325555801392,0.033294741064310074
760,177,0.0821688249707222,0.8757376670837402,0.042093515396118164
760,192,0.09179883450269699,0.8895354866981506,0.018665717914700508
760,204,0.10781010240316391,0.8347815275192261,0.057408325374126434
764,21,0.06297914683818817,0.8841299414634705,0.05289094150066376
764,37,0.10588213801383972,0.8716121315956116,0.022505685687065125
764,97,0.025504082441329956,0.9347901940345764,0.03970569372177124
766,18,0.04467937722802162,0.9256511330604553,0.029669489711523056
766,28,0.027907637879252434,0.818879246711731,0.15321315824985504
766,30,0.13008582592010498,0.7803583741188049,0.08955580741167068
766,86,0.040484122931957245,0.9349900484085083,0.024525875225663185
767,34,0.0510820597410202,0.8726440072059631,0.07627398520708084
767,98,0.033250611275434494,0.9294697642326355,0.03727962449193001
767,122,0.04242436960339546,0.8903297781944275,0.06724584847688675
772,2,0.647685706615448,0.3338336944580078,0.01848066970705986
772,130,0.11588535457849503,0.7225790619850159,0.16153563559055328
772,152,0.07159450650215149,0.9055556058883667,0.0228499174118042
774,13,0.028416708111763,0.9495055675506592,0.022077713161706924
774,144,0.024051591753959656,0.8984473347663879,0.077501080930233
774,159,0.04110192880034447,0.8910946249961853,0.06780339777469635
774,212,0.0421404168009758,0.9304651021957397,0.027394520118832588
774,219,0.030703818425536156,0.931691586971283,0.03760465234518051
778,12,0.03934672847390175,0.9109203219413757,0.04973289743065834
778,30,0.07077985256910324,0.8928225636482239,0.036397598683834076
778,41,0.04242436960339546,0.8903297781944275,0.06724584847688675
778,51,0.09300832450389862,0.8608877062797546,0.04610397294163704
778,52,0.031823936849832535,0.9362778067588806,0.03189823403954506
778,81,0.07928469777107239,0.87947678565979,0.04123850166797638
778,110,0.04242436960339546,0.8903297781944275,0.06724584847688675
778,130,0.0776161178946495,0.8652707934379578,0.0571131706237793
778,141,0.02244911715388298,0.892435610294342,0.08511529862880707
778,173,0.10712862759828568,0.8682862520217896,0.02458515390753746
778,186,0.023238467052578926,0.9284919500350952,0.0482696034014225
778,190,0.3591632544994354,0.4241849184036255,0.2166517823934555
778,197,0.041420578956604004,0.926950991153717,0.03162848576903343
778,200,0.04675130918622017,0.9347371459007263,0.018511539325118065
779,6,0.04865821823477745,0.9255925416946411,0.025749312713742256
779,10,0.045634008944034576,0.9120645523071289,0.04230142757296562
779,84,0.05893299728631973,0.91678786277771,0.024279115721583366
779,99,0.08066755533218384,0.9018731713294983,0.017459344118833542
779,113,0.05142126977443695,0.9219493865966797,0.026629356667399406
779,119,0.025928005576133728,0.7904951572418213,0.18357683718204498
783,38,0.039708368480205536,0.8967931866645813,0.06349840760231018
783,41,0.02579643577337265,0.9120789170265198,0.06212462857365608
783,48,0.02832690440118313,0.9262486696243286,0.04542439803481102
783,64,0.02392818033695221,0.44078004360198975,0.5352917313575745
783,74,0.13008582592010498,0.7803583741188049,0.08955580741167068
783,77,0.0716937780380249,0.8009275794029236,0.1273786723613739
783,85,0.02579643577337265,0.9120789170265198,0.06212462857365608
783,106,0.02579643577337265,0.9120789170265198,0.06212462857365608
783,117,0.027800394222140312,0.9432579278945923,0.028941700235009193
784,0,0.023876972496509552,0.9350453615188599,0.041077617555856705
784,16,0.022020088508725166,0.9171274304389954,0.060852471739053726
784,24,0.025638988241553307,0.8415407538414001,0.1328202188014984
784,27,0.046320877969264984,0.9307495951652527,0.022929539903998375
784,28,0.04089798033237457,0.9060181379318237,0.053083885461091995
784,29,0.06235543638467789,0.801017701625824,0.1366269439458847
784,33,0.1003972738981247,0.8710671067237854,0.028535598888993263
784,43,0.022490015253424644,0.9334961175918579,0.04401383176445961
788,11,0.025049518793821335,0.9251222610473633,0.04982820153236389
788,167,0.09425407648086548,0.8841904401779175,0.021555539220571518
788,260,0.034121885895729065,0.9197211265563965,0.04615701362490654
793,23,0.061962373554706573,0.904621422290802,0.03341618552803993
793,44,0.0890745222568512,0.8895257711410522,0.02139964886009693
793,92,0.10831485688686371,0.8708555698394775,0.0208295751363039
793,101,0.07270017266273499,0.8812255263328552,0.0460742823779583
793,106,0.04331452399492264,0.9111244678497314,0.045560989528894424
794,2,0.032928381115198135,0.9302801489830017,0.03679138049483299
794,19,0.0498662069439888,0.7014366984367371,0.24869708716869354
794,51,0.09365720301866531,0.8628519773483276,0.04349086061120033
797,32,0.10562414675951004,0.8245918154716492,0.06978404521942139
797,39,0.21240690350532532,0.7586438059806824,0.02894933708012104
797,54,0.1281755268573761,0.8512361645698547,0.020588308572769165
803,37,0.02419544756412506,0.9398434162139893,0.035961128771305084
803,116,0.07421933114528656,0.8730945587158203,0.052686069160699844
803,123,0.15594646334648132,0.8335797190666199,0.010473759844899178
806,30,0.0911746695637703,0.8707053661346436,0.03811992332339287
806,37,0.04802760109305382,0.9142721891403198,0.03770027682185173
806,56,0.2986430823802948,0.6797326803207397,0.0216242466121912
806,97,0.043936219066381454,0.8874230980873108,0.06864070892333984
806,99,0.0911746695637703,0.8707053661346436,0.03811992332339287
806,136,0.06916486471891403,0.8627249598503113,0.06811021268367767
806,181,0.07431735843420029,0.854747474193573,0.07093518227338791
806,188,0.06524287909269333,0.8902711868286133,0.04448596388101578
806,212,0.024524517357349396,0.8937023282051086,0.08177317678928375
806,226,0.021660013124346733,0.9417741894721985,0.03656581789255142
806,245,0.031139452010393143,0.9125763177871704,0.056284163147211075
806,256,0.02310907281935215,0.9138964414596558,0.06299442052841187
806,263,0.12000581622123718,0.8227642178535461,0.05722992867231369
806,271,0.02814474143087864,0.9246930480003357,0.04716218635439873
807,3,0.03076019696891308,0.9245526790618896,0.04468715190887451
807,121,0.24537411332130432,0.7297690510749817,0.024856777861714363
807,174,0.05043996870517731,0.905875563621521,0.0436844639480114
807,180,0.09930365532636642,0.797193706035614,0.10350266844034195
809,25,0.072688527405262,0.9145748019218445,0.012736627832055092
809,26,0.8475437164306641,0.13848963379859924,0.013966736383736134
809,30,0.04047827422618866,0.92432701587677,0.035194702446460724
809,33,0.033918388187885284,0.9100964069366455,0.055985141545534134
809,51,0.021992526948451996,0.8823692798614502,0.09563815593719482
809,56,0.031544655561447144,0.912338137626648,0.05611715093255043
809,57,0.10733367502689362,0.8525345921516418,0.040131669491529465
809,82,0.08506692945957184,0.8744298219680786,0.040503229945898056
809,92,0.07806247472763062,0.8408232927322388,0.08111424744129181
809,100,0.05931767076253891,0.9028317332267761,0.03785061463713646
809,105,0.02859111689031124,0.8525151014328003,0.11889376491308212
809,111,0.128926619887352,0.8488687872886658,0.022204564884305
809,178,0.0832483097910881,0.883880078792572,0.03287164494395256
809,180,0.3591632544994354,0.4241849184036255,0.2166517823934555
809,181,0.03964497148990631,0.9282898306846619,0.03206523880362511
809,200,0.081966333091259,0.7957480549812317,0.12228564918041229
809,220,0.0911746695637703,0.8707053661346436,0.03811992332339287
814,4,0.13955463469028473,0.8382578492164612,0.022187521681189537
814,31,0.04216728359460831,0.7490569353103638,0.20877580344676971
814,40,0.0672641173005104,0.8983096480369568,0.03442621976137161
814,119,0.06419211626052856,0.913363516330719,0.02244436740875244
814,132,0.023986855521798134,0.8609680533409119,0.11504508554935455
814,142,0.038853969424963,0.9011024832725525,0.060043565928936005
817,2,0.3591632544994354,0.4241849184036255,0.2166517823934555
817,11,0.02312888763844967,0.9051129817962646,0.07175817340612411
817,39,0.09747697412967682,0.8645707964897156,0.03795219957828522
817,42,0.042397573590278625,0.9246101379394531,0.03299228847026825
817,54,0.03253434970974922,0.893954873085022,0.0735107883810997
817,113,0.22081822156906128,0.7588022351264954,0.02037956379354
818,6,0.08083029836416245,0.8728349208831787,0.04633473977446556
818,8,0.08773909509181976,0.8849478363990784,0.027313053607940674
818,20,0.025091836228966713,0.8586544394493103,0.11625370383262634
822,19,0.06086051091551781,0.9184616804122925,0.020677801221609116
822,67,0.16385523974895477,0.8198676109313965,0.016277164220809937
822,122,0.13788649439811707,0.8253898024559021,0.03672371432185173
825,47,0.0947151929140091,0.8682977557182312,0.03698703274130821
825,137,0.056399453431367874,0.8861937522888184,0.05740682780742645
825,140,0.03357608616352081,0.9379568696022034,0.02846699394285679
827,27,0.08712337911128998,0.8605910539627075,0.05228550732135773
827,36,0.049422912299633026,0.8595232367515564,0.09105385839939117
827,56,0.08002953976392746,0.892298698425293,0.027671795338392258
827,57,0.0699620395898819,0.8952497839927673,0.0347881056368351
827,61,0.11949293315410614,0.8182679414749146,0.0622391514480114
829,5,0.10924136638641357,0.8725314140319824,0.018227212131023407
829,40,0.15048962831497192,0.830926775932312,0.018583616241812706
829,47,0.023158088326454163,0.8981956839561462,0.0786462053656578
830,6,0.3591632544994354,0.4241849184036255,0.2166517823934555
830,42,0.04288351908326149,0.9257475733757019,0.0313689224421978
830,55,0.04721724987030029,0.8365917205810547,0.11619100719690323
830,75,0.038921914994716644,0.8452034592628479,0.11587465554475784
834,10,0.025878092274069786,0.9164127111434937,0.05770926922559738
834,33,0.02455112710595131,0.8932811617851257,0.08216767013072968
834,192,0.05837491154670715,0.9064326286315918,0.035192493349313736
836,31,0.13008582592010498,0.7803583741188049,0.08955580741167068
836,34,0.050654973834753036,0.46286943554878235,0.4864755868911743
836,37,0.3591632544994354,0.4241849184036255,0.2166517823934555
836,53,0.0646849274635315,0.8985753655433655,0.03673969581723213
836,115,0.04190317168831825,0.9157540798187256,0.042342666536569595
839,9,0.0782495066523552,0.86312335729599,0.058627158403396606
839,33,0.07412584871053696,0.896453857421875,0.02942029945552349
839,35,0.027347242459654808,0.9251678586006165,0.04748494550585747
839,37,0.05149507895112038,0.9307273030281067,0.017777586355805397
839,51,0.03433975204825401,0.9345884323120117,0.031071744859218597
840,19,0.09735534340143204,0.8502188920974731,0.052425816655159
840,140,0.02735469676554203,0.907618522644043,0.06502673774957657
840,170,0.035651933401823044,0.9259648323059082,0.03838329762220383
840,172,0.042249057441949844,0.8678092956542969,0.08994165807962418
841,8,0.0861535593867302,0.8771833777427673,0.03666309639811516
841,9,0.11258899420499802,0.8741170167922974,0.013294009491801262
841,15,0.05401811748743057,0.874968409538269,0.07101348787546158
841,17,0.04381768777966499,0.892817497253418,0.06336478143930435
842,11,0.05857815220952034,0.8428913354873657,0.09853051602840424
842,39,0.06501192599534988,0.9141069054603577,0.02088119462132454
842,64,0.20037724077701569,0.579172670841217,0.22045010328292847
843,1,0.09183233976364136,0.8468689918518066,0.06129874661564827
843,5,0.07117180526256561,0.891351580619812,0.037476569414138794
843,13,0.028186272829771042,0.9302830696105957,0.04153066873550415
843,25,0.029521923512220383,0.894061803817749,0.07641623914241791
843,28,0.03495318070054054,0.9059542417526245,0.05909256264567375
843,31,0.06341231614351273,0.9122448563575745,0.024342818185687065
843,33,0.09096930176019669,0.8299519419670105,0.07907875627279282
843,37,0.03726307675242424,0.9198342561721802,0.042902663350105286
843,38,0.0368158183991909,0.8933494091033936,0.06983478367328644
843,40,0.08515134453773499,0.861444890499115,0.0534038171172142
843,42,0.09371896833181381,0.8650417923927307,0.041239187121391296
843,58,0.04645710811018944,0.9245242476463318,0.029018599539995193
843,75,0.04629278555512428,0.8459525108337402,0.1077546700835228
843,84,0.05666555091738701,0.9175704717636108,0.025763992220163345
843,95,0.02695179171860218,0.8892408013343811,0.08380736410617828
843,105,0.04702012613415718,0.9329860210418701,0.019993886351585388
843,110,0.058978121727705,0.8429277539253235,0.09809412062168121
843,111,0.07759705185890198,0.8505952954292297,0.07180768251419067
843,153,0.09591273218393326,0.8669207096099854,0.037166569381952286
843,174,0.09278688579797745,0.8430143594741821,0.06419877707958221
843,186,0.03654909506440163,0.9226284623146057,0.04082242399454117
843,190,0.04092003405094147,0.9174892902374268,0.04159072786569595
843,192,0.3177104592323303,0.6670193672180176,0.015270226635038853
843,200,0.10243469476699829,0.8446284532546997,0.052936870604753494
843,212,0.11609424650669098,0.8328884243965149,0.051017314195632935
843,214,0.044092655181884766,0.919156551361084,0.03675077110528946
844,21,0.03819381445646286,0.8663312792778015,0.09547494351863861
844,23,0.026855167001485825,0.9382225871086121,0.03492220863699913
844,27,0.404049277305603,0.5840151309967041,0.011935572139918804
846,114,0.04281555488705635,0.9085925817489624,0.04859192669391632
846,264,0.042235057801008224,0.9210792779922485,0.03668563812971115
846,464,0.06782235950231552,0.8811356425285339,0.05104196444153786
846,492,0.03728024289011955,0.24941271543502808,0.7133070826530457
846,510,0.03461083024740219,0.8308932185173035,0.13449601829051971
850,18,0.043781451880931854,0.9240941405296326,0.03212440386414528
850,55,0.11450453102588654,0.8627758026123047,0.02271963283419609
850,76,0.03091033548116684,0.9309560060501099,0.0381336435675621
860,6,0.9337935447692871,0.03402901813387871,0.03217752277851105
860,47,0.029466692358255386,0.925851583480835,0.04468170180916786
860,48,0.05819813534617424,0.9186267256736755,0.023175153881311417
860,78,0.061962373554706573,0.904621422290802,0.03341618552803993
862,43,0.022565582767128944,0.925298273563385,0.0521361343562603
862,60,0.0975002869963646,0.8604695200920105,0.042030222713947296
862,69,0.09928948432207108,0.8284192085266113,0.072291299700737
872,37,0.023672373965382576,0.9090443849563599,0.06728319823741913
872,76,0.022740574553608894,0.8844870924949646,0.09277231246232986
872,112,0.02455112710595131,0.8932811617851257,0.08216767013072968
872,137,0.6095864176750183,0.37902364134788513,0.01138999592512846
872,205,0.03316885232925415,0.8893607258796692,0.07747043669223785
878,7,0.02988423779606819,0.9173093438148499,0.05280642956495285
878,28,0.023135822266340256,0.914899468421936,0.061964746564626694
878,56,0.04932626709342003,0.8435563445091248,0.10711734741926193
878,114,0.05432271957397461,0.8377784490585327,0.10789879411458969
878,161,0.029904885217547417,0.24006979167461395,0.7300253510475159
878,163,0.10886992514133453,0.8470171689987183,0.044112928211688995
879,8,0.04928436130285263,0.9102795124053955,0.04043618589639664
879,43,0.06583378463983536,0.9009020328521729,0.033264148980379105
879,80,0.11145967990159988,0.8537309169769287,0.034809403121471405
879,126,0.033079344779253006,0.8862126469612122,0.08070802688598633
879,156,0.11066018790006638,0.8320136666297913,0.05732616037130356
881,18,0.0566941499710083,0.9199703335762024,0.02333550527691841
881,70,0.020040864124894142,0.9315410256385803,0.0484180748462677
881,312,0.03242763504385948,0.9186686873435974,0.0489036925137043
881,320,0.035407863557338715,0.9277094602584839,0.03688269481062889
881,341,0.030585121363401413,0.9317423701286316,0.03767254203557968
883,11,0.10154730081558228,0.8514418005943298,0.047010935842990875
883,40,0.08918415009975433,0.8712311387062073,0.03958472982048988
883,98,0.02895103394985199,0.933243453502655,0.037805479019880295
885,13,0.030638210475444794,0.9195645451545715,0.04979727417230606
885,22,0.03522130101919174,0.8787837624549866,0.08599498122930527
885,25,0.02764861099421978,0.9109439849853516,0.06140746548771858
885,28,0.029521923512220383,0.894061803817749,0.07641623914241791
885,39,0.031154990196228027,0.9367117881774902,0.03213321417570114
885,72,0.07925280928611755,0.8872445225715637,0.033502575010061264
885,87,0.045537400990724564,0.9139159917831421,0.040546614676713943
885,91,0.037109971046447754,0.9328306913375854,0.030059272423386574
890,39,0.07372107356786728,0.8603125810623169,0.06596633046865463
890,47,0.08653972297906876,0.83626788854599,0.07719244807958603
890,53,0.08415509760379791,0.8604773879051208,0.05536750331521034
890,68,0.04295564815402031,0.9322580695152283,0.02478628233075142
890,97,0.04436144605278969,0.7535813450813293,0.20205718278884888
890,107,0.029905036091804504,0.9045618176460266,0.06553314626216888
890,120,0.05083707347512245,0.9170872569084167,0.03207572549581528
890,122,0.04451433941721916,0.9124882817268372,0.042997367680072784
890,130,0.07869306951761246,0.8874051570892334,0.03390180319547653
890,132,0.026169748976826668,0.9181653261184692,0.055664967745542526
890,150,0.04052729159593582,0.8458210825920105,0.11365160346031189
890,162,0.028068440034985542,0.9373956322669983,0.03453590348362923
891,1,0.05075579881668091,0.9149755239486694,0.03426874056458473
891,10,0.12990932166576385,0.8158093094825745,0.05428138002753258
891,41,0.043800558894872665,0.9300325512886047,0.026166869327425957
891,90,0.04689453914761543,0.9257335662841797,0.027371833100914955
891,119,0.047156333923339844,0.9205749034881592,0.03226877748966217
891,203,0.8492708206176758,0.14030513167381287,0.010424036532640457
896,2,0.022305907681584358,0.9425012469291687,0.035192884504795074
896,33,0.030068784952163696,0.9492184519767761,0.02071281522512436
896,62,0.019101152196526527,0.9026370048522949,0.0782618597149849
896,116,0.03255105018615723,0.9413238167762756,0.02612520009279251
897,2,0.047630857676267624,0.9100236296653748,0.04234551265835762
897,73,0.03881426900625229,0.5082204937934875,0.45296525955200195
897,83,0.05308365076780319,0.9304764270782471,0.016439899802207947
897,89,0.041299041360616684,0.9006599187850952,0.05804097279906273
897,97,0.03841235861182213,0.8930668234825134,0.06852079182863235
902,3,0.03850855678319931,0.928735077381134,0.03275638073682785
902,10,0.07199008762836456,0.8798071146011353,0.048202820122241974
902,59,0.04407539591193199,0.9337093234062195,0.022215308621525764
902,120,0.4354012906551361,0.5469667911529541,0.017631834372878075
908,18,0.027783310040831566,0.9343717098236084,0.03784499317407608
908,21,0.032261136919260025,0.9236488342285156,0.04409008100628853
908,71,0.043614692986011505,0.9266635775566101,0.02972172200679779
908,74,0.0939231812953949,0.8444831967353821,0.06159361079335213
912,13,0.0771978348493576,0.9090888500213623,0.013713359832763672
912,34,0.042309992015361786,0.9299802780151367,0.027709731832146645
912,41,0.0529027096927166,0.8908113241195679,0.05628596618771553
912,52,0.0805039331316948,0.8980002403259277,0.021495888009667397
912,57,0.03774544596672058,0.9322992563247681,0.029955295845866203
912,116,0.03659573569893837,0.9255991578102112,0.03780510649085045
916,17,0.12984244525432587,0.7942039966583252,0.07595361024141312
916,52,0.09735534340143204,0.8502188920974731,0.052425816655159
916,71,0.031266048550605774,0.8841512799263,0.08458272367715836
916,80,0.024307511746883392,0.9331627488136292,0.04252975806593895
922,6,0.8682958483695984,0.11593308299779892,0.01577099785208702
922,39,0.08351484686136246,0.8983274698257446,0.018157728016376495
922,55,0.22337432205677032,0.45367226004600525,0.32295337319374084
927,40,0.12984244525432587,0.7942039966583252,0.07595361024141312
927,83,0.0990864485502243,0.8686553239822388,0.032258205115795135
927,135,0.14471668004989624,0.8319997787475586,0.02328351140022278
928,12,0.03338257968425751,0.8839399814605713,0.0826774314045906
928,49,0.021000202745199203,0.6037322878837585,0.37526753544807434
928,67,0.04924570769071579,0.911681056022644,0.039073243737220764
928,81,0.030024787411093712,0.9030439257621765,0.06693125516176224
928,98,0.024291271343827248,0.9306504726409912,0.045058198273181915
928,116,0.03974198177456856,0.9259806871414185,0.034277379512786865
928,135,0.09260474145412445,0.8505947589874268,0.05680053308606148
928,190,0.029174795374274254,0.9402994513511658,0.030525697395205498
930,16,0.031359899789094925,0.9104966521263123,0.05814337357878685
930,59,0.0665116161108017,0.8999247550964355,0.03356366604566574
930,88,0.04231254383921623,0.9077280163764954,0.049959439784288406
930,139,0.027768874540925026,0.8815372586250305,0.09069384634494781
930,190,0.06385466456413269,0.9051247239112854,0.031020602211356163
930,213,0.06160478666424751,0.9181713461875916,0.02022382616996765
944,4,0.03329312801361084,0.8835850358009338,0.08312183618545532
944,19,0.05939541757106781,0.9098055958747864,0.030798902735114098
944,77,0.057059142738580704,0.9181515574455261,0.0247893575578928
953,43,0.04563973844051361,0.9023862481117249,0.05197405070066452
953,63,0.039770208299160004,0.926161527633667,0.034068312495946884
953,69,0.023381385952234268,0.9318583011627197,0.04476030170917511
953,122,0.053404055535793304,0.873781681060791,0.07281425595283508
959,10,0.05162545293569565,0.9079219698905945,0.040452588349580765
959,20,0.037888601422309875,0.943514347076416,0.018597034737467766
959,79,0.11871257424354553,0.8430934548377991,0.03819397836923599
959,83,0.03615466132760048,0.9232579469680786,0.040587421506643295
962,5,0.07950349152088165,0.8943055868148804,0.026190917938947678
962,9,0.04496972635388374,0.9172400832176208,0.037790246307849884
962,59,0.3591632544994354,0.4241849184036255,0.2166517823934555
962,64,0.03604349121451378,0.941197395324707,0.02275918237864971
966,22,0.03756052628159523,0.9353657364845276,0.02707366831600666
966,23,0.2479211539030075,0.7309180498123169,0.021160833537578583
966,36,0.3551192283630371,0.63494873046875,0.009932050481438637
974,18,0.0633450374007225,0.8928304314613342,0.04382457584142685
974,84,0.06073887273669243,0.9141461253166199,0.025114959105849266
974,86,0.07093683630228043,0.9131062030792236,0.015956973657011986
974,105,0.10251661390066147,0.8798895478248596,0.017593879252672195
977,17,0.09225931763648987,0.8669627904891968,0.04077785462141037
977,26,0.07513076066970825,0.895935595035553,0.028933634981513023
977,101,0.031979888677597046,0.9253360629081726,0.042684007436037064
979,11,0.07704941183328629,0.8887094855308533,0.03424108028411865
979,25,0.0322096049785614,0.9177584052085876,0.05003198981285095
979,100,0.04674076661467552,0.9248408675193787,0.02841838262975216
979,114,0.035112254321575165,0.9392073154449463,0.025680406019091606
979,131,0.05072016268968582,0.9217155575752258,0.02756430208683014
986,24,0.025136129930615425,0.9390937685966492,0.03577016666531563
986,33,0.058750201016664505,0.9160597324371338,0.025190085172653198
986,67,0.04499683156609535,0.9301400184631348,0.02486315742135048
987,34,0.057944994419813156,0.9023705124855042,0.039684414863586426
987,115,0.07006824016571045,0.8807417154312134,0.049189988523721695
987,164,0.026938071474432945,0.9255014061927795,0.04756050184369087
988,19,0.03196733072400093,0.8606775403022766,0.10735512524843216
988,43,0.06710763275623322,0.8888842463493347,0.044008079916238785
988,45,0.11781515181064606,0.80649334192276,0.07569155842065811
994,31,0.0510820597410202,0.8726440072059631,0.07627398520708084
994,33,0.025691363960504532,0.9379002451896667,0.03640841320157051
994,37,0.03565314784646034,0.9234939217567444,0.04085289686918259
996,5,0.05172259733080864,0.9103809595108032,0.037896398454904556
996,51,0.020492056384682655,0.8969841003417969,0.08252385258674622
996,53,0.05518803000450134,0.9039714932441711,0.04084044694900513
996,76,0.05882764235138893,0.9030155539512634,0.03815683722496033
996,83,0.03984644263982773,0.9088853001594543,0.05126827210187912
997,29,0.04399788752198219,0.9264513254165649,0.029550844803452492
997,130,0.3591632544994354,0.4241849184036255,0.2166517823934555
997,142,0.032411132007837296,0.9369385838508606,0.03065023571252823
998,7,0.05084769427776337,0.9092898368835449,0.03986240178346634
998,37,0.05142373964190483,0.9125173687934875,0.03605891391634941
998,51,0.058277856558561325,0.9158409833908081,0.025881126523017883
998,92,0.027554206550121307,0.9145990014076233,0.05784674361348152
998,93,0.0747557207942009,0.887270450592041,0.03797385096549988
998,96,0.038641780614852905,0.9035816192626953,0.05777653306722641
998,163,0.08068473637104034,0.8922392725944519,0.02707599848508835
1001,30,0.05857815220952034,0.8428913354873657,0.09853051602840424
1001,36,0.03697800636291504,0.9375156760215759,0.025506367906928062
1001,48,0.06346257030963898,0.8681427240371704,0.06839464604854584
1001,89,0.022768277674913406,0.8948961496353149,0.08233558386564255
1001,102,0.04182829707860947,0.9097784757614136,0.04839324206113815
1001,159,0.1072145327925682,0.8418061137199402,0.050979383289813995
1007,8,0.06608647108078003,0.9126630425453186,0.021250538527965546
1007,21,0.12337621301412582,0.8188536763191223,0.05777009576559067
1007,78,0.03075370565056801,0.9419572949409485,0.027288975194096565
1007,83,0.07329225540161133,0.903557300567627,0.023150485008955002
1012,22,0.0510820597410202,0.8726440072059631,0.07627398520708084
1012,66,0.027665909379720688,0.8670274019241333,0.10530666261911392
1012,104,0.06255994737148285,0.9044004678726196,0.033039581030607224
1012,111,0.1973121166229248,0.7869579195976257,0.015729930251836777
1012,154,0.02441413514316082,0.9378398656845093,0.037745967507362366
1012,225,0.04110192880034447,0.8910946249961853,0.06780339777469635
1012,229,0.03915008157491684,0.6977220773696899,0.26312780380249023
1012,245,0.03014347143471241,0.9233358502388,0.04652070626616478
1012,247,0.037232931703329086,0.880364716053009,0.08240240067243576
1014,89,0.03751137852668762,0.9348282217979431,0.02766045369207859
1014,245,0.027236446738243103,0.9145908355712891,0.05817275121808052
1014,287,0.09836632758378983,0.8529818058013916,0.04865184426307678
1014,292,0.044541213661432266,0.9305729269981384,0.024885864928364754
1015,61,0.044482678174972534,0.9137316942214966,0.04178565740585327
1015,75,0.031016351655125618,0.935413658618927,0.033570002764463425
1015,95,0.3591632544994354,0.4241849184036255,0.2166517823934555
1023,4,0.05712703987956047,0.8503715991973877,0.09250140190124512
1023,46,0.052426353096961975,0.9171732664108276,0.030400335788726807
1023,53,0.06252646446228027,0.8795938491821289,0.05787968263030052
1028,55,0.07755449414253235,0.8721263408660889,0.05031919479370117
1028,62,0.07755449414253235,0.8721263408660889,0.05031919479370117
1028,74,0.24995934963226318,0.7389811277389526,0.01105952262878418
1032,12,0.03387831896543503,0.8161171674728394,0.1500045210123062
1032,20,0.039305415004491806,0.8149547576904297,0.14573977887630463
1032,60,0.07499087601900101,0.9122198820114136,0.012789291329681873
1037,9,0.025035670027136803,0.9197105169296265,0.05525384098291397
1037,104,0.03493831306695938,0.9359269142150879,0.029134759679436684
1037,159,0.14445720613002777,0.8285163044929504,0.027026550844311714
1037,162,0.10101136565208435,0.8398431539535522,0.0591454952955246
1037,212,0.026251614093780518,0.861171543598175,0.1125769093632698
1037,241,0.04598665237426758,0.8972285985946655,0.05678481236100197
1044,21,0.088139608502388,0.8874141573905945,0.02444627694785595
1044,34,0.06670840829610825,0.882158100605011,0.051133476197719574
1044,35,0.06670840829610825,0.882158100605011,0.051133476197719574
1046,0,0.02929542027413845,0.9353622198104858,0.03534238040447235
1046,12,0.03701924905180931,0.9260704517364502,0.03691032901406288
1046,26,0.07715478539466858,0.895679771900177,0.027165457606315613
1046,27,0.05363089591264725,0.8821962475776672,0.06417284905910492
1047,17,0.0666707307100296,0.9180412888526917,0.01528790220618248
1047,38,0.030018387362360954,0.9400752186775208,0.029906412586569786
1047,124,0.03456418216228485,0.9095360040664673,0.05589982122182846
1047,125,0.06670840829610825,0.882158100605011,0.051133476197719574
1047,149,0.3591632544994354,0.4241849184036255,0.2166517823934555
1060,12,0.3591632544994354,0.4241849184036255,0.2166517823934555
1060,13,0.0343596450984478,0.9175105094909668,0.048129867762327194
1060,86,0.07899598032236099,0.8639784455299377,0.057025566697120667
1060,95,0.3591632544994354,0.4241849184036255,0.2166517823934555
1060,100,0.06801483035087585,0.9034141898155212,0.028570983558893204
1060,117,0.08616301417350769,0.8729401230812073,0.04089687019586563
1060,119,0.0820099264383316,0.8706966042518616,0.047293487936258316
1062,3,0.03735707700252533,0.9239938855171204,0.038649000227451324
1062,25,0.026099123060703278,0.8487593531608582,0.1251414716243744
1062,63,0.05696646124124527,0.7203258275985718,0.22270770370960236
1064,16,0.021891901269555092,0.9287043213844299,0.0494038350880146
1064,70,0.035882096737623215,0.9391798377037048,0.024938078597187996
1064,76,0.07077985256910324,0.8928225636482239,0.036397598683834076
1066,31,0.06691957265138626,0.9027516841888428,0.030328702181577682
1066,100,0.048123493790626526,0.8890138268470764,0.06286269426345825
1066,171,0.543765664100647,0.431345134973526,0.024889126420021057
1066,224,0.03505431488156319,0.9401959776878357,0.02474968135356903
1069,99,0.08600982278585434,0.8622035980224609,0.05178655683994293
1069,118,0.15990163385868073,0.7640950083732605,0.0760033130645752
1069,126,0.03987220302224159,0.9383347034454346,0.021793100982904434
1071,8,0.06413432955741882,0.8754586577415466,0.060406990349292755
1071,152,0.03583806753158569,0.9307764768600464,0.033385515213012695
1071,153,0.0345439575612545,0.9176986217498779,0.04775746166706085
1071,163,0.041558876633644104,0.9331888556480408,0.02525227889418602
1072,45,0.1338719129562378,0.7882580757141113,0.07786998897790909
1072,70,0.09260474145412445,0.8505947589874268,0.05680053308606148
1072,75,0.04085339233279228,0.9080448150634766,0.05110178142786026
1072,80,0.10131669044494629,0.8538694381713867,0.04481390863656998
1072,95,0.041054561734199524,0.931351363658905,0.02759413979947567
1076,25,0.038667354732751846,0.9276281595230103,0.03370456397533417
1076,53,0.035729292780160904,0.9293543696403503,0.03491632267832756
1076,72,0.05507047101855278,0.9272180199623108,0.017711469903588295
1078,79,0.3591632544994354,0.4241849184036255,0.2166517823934555
1078,100,0.03241732716560364,0.8967573642730713,0.07082531601190567
1078,154,0.04296853020787239,0.9181843996047974,0.038847122341394424
1078,188,0.1283331662416458,0.7957248091697693,0.07594206184148788
1078,189,0.3591632544994354,0.4241849184036255,0.2166517823934555
1078,208,0.037060800939798355,0.9202646613121033,0.04267458990216255
1078,209,0.09648317843675613,0.8464652895927429,0.05705149099230766
1078,216,0.03686128556728363,0.8516819477081299,0.11145675927400589
1078,225,0.05020102858543396,0.9221203327178955,0.02767862379550934
1078,231,0.12661497294902802,0.8442605137825012,0.02912445180118084
1078,234,0.08083029836416245,0.8728349208831787,0.04633473977446556
1078,238,0.06677881628274918,0.8775976300239563,0.055623624473810196
1078,239,0.07192814350128174,0.8853405714035034,0.04273132234811783
1078,250,0.09645891189575195,0.8651148080825806,0.03842626139521599
1078,253,0.3591632544994354,0.4241849184036255,0.2166517823934555
1078,256,0.09054994583129883,0.8492506146430969,0.060199424624443054
1078,298,0.05029531195759773,0.8867833018302917,0.0629214495420456
1078,304,0.026128331199288368,0.9114484786987305,0.06242324411869049
1078,340,0.07920972257852554,0.8527373671531677,0.06805285811424255
1078,341,0.07920972257852554,0.8527373671531677,0.06805285811424255
1078,342,0.29847636818885803,0.5889426469802856,0.11258099973201752
1078,356,0.04592141881585121,0.9199915528297424,0.03408706933259964
1078,368,0.05032949149608612,0.6707345247268677,0.2789359986782074
1078,388,0.022512486204504967,0.9270855188369751,0.05040203407406807
1078,429,0.03512433171272278,0.9240137338638306,0.040861908346414566
1078,433,0.02751951664686203,0.9267668724060059,0.0457136332988739
1078,447,0.05967140942811966,0.9226506948471069,0.01767795719206333
1078,453,0.0318039171397686,0.9101858735084534,0.05801015347242355
1078,467,0.08365859091281891,0.8498257398605347,0.06651561707258224
1078,493,0.0730811208486557,0.8983238935470581,0.028594976291060448
1078,521,0.1231955885887146,0.8300697207450867,0.04673474654555321
1078,542,0.025652041658759117,0.9283177852630615,0.046030186116695404
1078,545,0.04945136979222298,0.9083160161972046,0.04223259910941124
1078,575,0.10142068564891815,0.8563716411590576,0.04220769926905632
1078,581,0.07063141465187073,0.8830252289772034,0.04634338617324829
1078,592,0.07720880955457687,0.8783302307128906,0.0444609634578228
1078,593,0.0744604766368866,0.8865240812301636,0.0390155129134655
1078,612,0.025736164301633835,0.9314494729042053,0.04281437024474144
1078,615,0.04332028701901436,0.8868365287780762,0.06984322518110275
1078,618,0.02941787615418434,0.9147955179214478,0.05578666552901268
1078,633,0.022892333567142487,0.8859521746635437,0.09115548431873322
1078,634,0.0845581591129303,0.8492681384086609,0.06617365777492523
1078,649,0.10376084595918655,0.853973925113678,0.04226527735590935
1080,19,0.08968517184257507,0.856499195098877,0.053815606981515884
1080,88,0.5203171968460083,0.4340731203556061,0.045609697699546814
1080,90,0.10477603226900101,0.8461164236068726,0.04910751432180405
1080,98,0.056740064173936844,0.9248906373977661,0.01836937479674816
1085,9,0.04604874178767204,0.9228112697601318,0.031140048056840897
1085,90,0.09245817363262177,0.8939365744590759,0.013605281710624695
1085,117,0.020380450412631035,0.16395783424377441,0.8156617283821106
1090,16,0.12984244525432587,0.7942039966583252,0.07595361024141312
1090,56,0.034998469054698944,0.8770252466201782,0.08797625452280045
1090,57,0.0528235025703907,0.8447153568267822,0.10246112942695618
1090,100,0.05950411409139633,0.9219333529472351,0.018562523648142815
1091,13,0.10519745200872421,0.8748490214347839,0.019953545182943344
1091,50,0.12039933353662491,0.3634851574897766,0.5161154866218567
1091,61,0.04878095164895058,0.9163587093353271,0.03486032783985138
1091,121,0.19937847554683685,0.7659997940063477,0.0346217043697834
1092,7,0.029470056295394897,0.9484868049621582,0.02204316295683384
1092,24,0.022626280784606934,0.9137869477272034,0.06358681619167328
1092,118,0.031170086935162544,0.9253807663917542,0.04344913735985756
1094,26,0.039439648389816284,0.9246928095817566,0.035867467522621155
1094,34,0.6952922344207764,0.29565322399139404,0.00905455369502306
1094,154,0.04261205717921257,0.9345533847808838,0.022834578529000282
1095,15,0.041883036494255066,0.9367150068283081,0.021401995792984962
1095,64,0.0357840321958065,0.9443440437316895,0.019871985539793968
1095,84,0.06435474008321762,0.8313101530075073,0.10433508455753326
1096,39,0.1075848937034607,0.850580632686615,0.04183446243405342
1096,65,0.07421493530273438,0.8656285405158997,0.060156505554914474
1096,171,0.054893650114536285,0.892206609249115,0.052899718284606934
1100,24,0.02380247600376606,0.029620148241519928,0.9465773105621338
1100,29,0.07713088393211365,0.8616529107093811,0.06121619790792465
1100,31,0.05029743164777756,0.7602744698524475,0.18942807614803314
1101,10,0.05472254008054733,0.9169367551803589,0.02834067866206169
1101,41,0.05709204077720642,0.8842061758041382,0.058701835572719574
1101,45,0.04403010755777359,0.929325520992279,0.02664431557059288
1101,76,0.026569701731204987,0.947337806224823,0.02609250508248806
1104,15,0.05455528944730759,0.8977199196815491,0.047724783420562744
1104,53,0.29823389649391174,0.6897358298301697,0.012030278332531452
1104,89,0.22874879837036133,0.7480930685997009,0.02315809391438961
1104,95,0.06742250174283981,0.9091930389404297,0.023384450003504753
1111,22,0.018129700794816017,0.12115450948476791,0.8607157468795776
1111,64,0.3591632544994354,0.4241849184036255,0.2166517823934555
1111,120,0.09081978350877762,0.8926721215248108,0.016508081927895546
1112,7,0.021040000021457672,0.052220240235328674,0.9267397522926331
1112,29,0.04983793571591377,0.9162322878837585,0.0339297391474247
1112,33,0.03958108648657799,0.9192740321159363,0.041144851595163345
1112,58,0.09568849951028824,0.865744948387146,0.03856658190488815
1115,48,0.08911385387182236,0.8648654222488403,0.04602080583572388
1115,58,0.04905451834201813,0.9236936569213867,0.02725180797278881
1115,155,0.054193366318941116,0.905947208404541,0.03985945135354996
1115,174,0.03877117857336998,0.9273590445518494,0.03386981785297394
1115,204,0.04084455594420433,0.9299982190132141,0.029157202690839767
1120,28,0.047831352800130844,0.908458411693573,0.04371020197868347
1120,85,0.10672198981046677,0.8462311625480652,0.04704691469669342
1120,107,0.1489979773759842,0.8319486975669861,0.0190532635897398
1120,119,0.038327641785144806,0.9016604423522949,0.06001187488436699
1122,26,0.03814360871911049,0.9284823536872864,0.033373963087797165
1122,61,0.022419514134526253,0.9338605403900146,0.04371991381049156
1122,131,0.11477255076169968,0.8011465072631836,0.08408099412918091
1122,141,0.02631431072950363,0.9140105843544006,0.05967511236667633
1122,148,0.05186307430267334,0.9285597801208496,0.019577162340283394
1126,31,0.27020394802093506,0.6902373433113098,0.03955864906311035
1126,44,0.048123493790626526,0.8890138268470764,0.06286269426345825
1126,94,0.04259896278381348,0.8900647163391113,0.0673363134264946
1126,95,0.031852077692747116,0.9031350016593933,0.06501293927431107
1128,3,0.02839459851384163,0.9238134622573853,0.04779190942645073
1128,124,0.07019449770450592,0.8083476424217224,0.12145792692899704
1128,128,0.07500282675027847,0.900446355342865,0.02455083653330803
1129,30,0.03569502755999565,0.8754717111587524,0.08883325755596161
1129,51,0.052350349724292755,0.8811352252960205,0.06651442497968674
1129,71,0.03294629976153374,0.8271302580833435,0.13992340862751007
1130,10,0.04575390741229057,0.9022297263145447,0.052016373723745346
1130,91,0.10101136565208435,0.8398431539535522,0.0591454952955246
1130,115,0.09701138734817505,0.8886805772781372,0.014308026060461998
1130,121,0.05634298920631409,0.9171468019485474,0.026510266587138176
1135,15,0.5562323331832886,0.4219578206539154,0.021809756755828857
1135,25,0.03455936908721924,0.6701468825340271,0.2952937185764313
1135,127,0.09254607558250427,0.8724558353424072,0.03499803692102432
1135,139,0.12235495448112488,0.7766517996788025,0.10099327564239502
1138,76,0.024189569056034088,0.9287636280059814,0.047046784311532974
1138,90,0.04302519932389259,0.9249600768089294,0.032014790922403336
1138,120,0.06167658045887947,0.9145234227180481,0.023799968883395195
1141,6,0.052733227610588074,0.922005832195282,0.025260932743549347
1141,64,0.03640449792146683,0.9047132730484009,0.058882225304841995
1141,148,0.03109363652765751,0.9421447515487671,0.026761677116155624
1141,153,0.0523245632648468,0.918355405330658,0.02932005189359188
1141,161,0.037060800939798355,0.9202646613121033,0.04267458990216255
1141,211,0.12235495448112488,0.7766517996788025,0.10099327564239502
1141,224,0.10101136565208435,0.8398431539535522,0.0591454952955246
1141,263,0.040687594562768936,0.9196682572364807,0.03964410349726677
1143,36,0.10085942596197128,0.8451378345489502,0.05400274693965912
1143,50,0.0328323096036911,0.9412348866462708,0.02593284286558628
1143,95,0.04685964062809944,0.9259265065193176,0.027213815599679947
1143,279,0.06010773777961731,0.9198803901672363,0.020011907443404198
1145,58,0.3591632544994354,0.4241849184036255,0.2166517823934555
1145,117,0.04627608507871628,0.8826611638069153,0.07106271386146545
1145,148,0.11322479695081711,0.8410975933074951,0.04567762091755867
1146,9,0.3618346154689789,0.6104653477668762,0.027700049802660942
1146,41,0.050816331058740616,0.9215642809867859,0.02761935070157051
1146,67,0.23827658593654633,0.7509974241256714,0.010725968517363071
1146,113,0.07899598032236099,0.8639784455299377,0.057025566697120667
1149,86,0.2909817397594452,0.6950549483299255,0.013963263481855392
1149,116,0.08758005499839783,0.8711673617362976,0.041252583265304565
1149,137,0.036262691020965576,0.9142751693725586,0.04946209862828255
1149,142,0.027306905016303062,0.9267449378967285,0.04594814404845238
1150,18,0.10154730081558228,0.8514418005943298,0.047010935842990875
1150,69,0.021871408447623253,0.9407761096954346,0.03735246881842613
1150,74,0.04492674395442009,0.9364764094352722,0.018596850335597992
1150,76,0.03242180868983269,0.9100156426429749,0.05756249651312828
1152,10,0.050318095833063126,0.9246359467506409,0.025045908987522125
1152,51,0.029356932267546654,0.9420822858810425,0.028560731559991837
1152,77,0.07406380772590637,0.8989477157592773,0.026988470926880836
1152,125,0.030594242736697197,0.549311101436615,0.42009463906288147
1154,42,0.08668600767850876,0.8658827543258667,0.04743118956685066
1154,52,0.09800354391336441,0.8516619801521301,0.05033450573682785
1154,78,0.10441955178976059,0.8565818667411804,0.03899857774376869
1155,16,0.0664493516087532,0.9029892086982727,0.03056146763265133
1155,23,0.09736602753400803,0.8634183406829834,0.03921569511294365
1155,30,0.044461335986852646,0.8919360041618347,0.06360268592834473
1155,39,0.03647254407405853,0.9082695841789246,0.055257827043533325
1155,75,0.09632644802331924,0.8830906748771667,0.020582856610417366
1155,94,0.04072815179824829,0.9403183460235596,0.018953504040837288
1166,26,0.08284234255552292,0.8747056126594543,0.042451996356248856
1166,67,0.2271653562784195,0.7634671330451965,0.009367522783577442
1166,68,0.046723585575819016,0.9324110150337219,0.020865458995103836
1167,8,0.03547442704439163,0.9361628293991089,0.028362730517983437
1167,26,0.04119035229086876,0.9012694954872131,0.05754019320011139
1167,81,0.035182464867830276,0.8887359499931335,0.07608158141374588
1167,104,0.03545112907886505,0.9354747533798218,0.029074063524603844
1167,127,0.0824638307094574,0.896834135055542,0.020702090114355087
1167,153,0.09735534340143204,0.8502188920974731,0.052425816655159
1167,155,0.03949683904647827,0.9319823384284973,0.028520844876766205
1167,185,0.03453841805458069,0.8851131796836853,0.08034836500883102
1167,221,0.16265085339546204,0.8247848749160767,0.012564298696815968
1167,234,0.034366969019174576,0.9117880463600159,0.053844910115003586
1167,236,0.03268915042281151,0.9310021996498108,0.036308638751506805
1167,263,0.1957811415195465,0.7742936611175537,0.02992522157728672
1168,101,0.09343954920768738,0.8686323165893555,0.037928175181150436
1168,153,0.039777062833309174,0.9406780004501343,0.01954490877687931
1168,158,0.023734332993626595,0.9231323599815369,0.053133297711610794
1168,192,0.0694722980260849,0.9190495014190674,0.011478153057396412
1170,17,0.06073887273669243,0.9141461253166199,0.025114959105849266
1170,56,0.12243233621120453,0.7922142744064331,0.08535338193178177
1170,59,0.035905200988054276,0.92389976978302,0.04019507020711899
1170,95,0.07633204013109207,0.9023761749267578,0.021291786804795265
1170,97,0.03492031246423721,0.9347683191299438,0.03031141310930252
1172,37,0.07588893175125122,0.7747756838798523,0.1493353396654129
1172,57,0.08148390799760818,0.8619647026062012,0.05655132234096527
1172,61,0.06278041750192642,0.9148313403129578,0.022388238459825516
1176,99,0.06540577858686447,0.8917695879936218,0.04282465949654579
1176,141,0.026647396385669708,0.9112801551818848,0.06207241490483284
1176,161,0.02923811413347721,0.9163694381713867,0.05439244210720062
1187,18,0.048282425850629807,0.9260331988334656,0.025684313848614693
1187,24,0.06684701889753342,0.8746577501296997,0.058495260775089264
1187,48,0.07715478539466858,0.895679771900177,0.027165457606315613
1187,138,0.06037043780088425,0.77012038230896,0.169509157538414
1188,13,0.018756402656435966,0.903236448764801,0.07800712436437607
1188,128,0.04367052763700485,0.9259279370307922,0.03040154278278351
1188,145,0.3591632544994354,0.4241849184036255,0.2166517823934555
1191,2,0.06615716218948364,0.8849077820777893,0.04893502965569496
1191,38,0.025171397253870964,0.8752137422561646,0.09961483627557755
1191,51,0.038700658828020096,0.9376735687255859,0.02362578734755516
1191,68,0.06073887273669243,0.9141461253166199,0.025114959105849266
1193,21,0.0630449429154396,0.8866243958473206,0.050330646336078644
1193,24,0.05061013996601105,0.9165099263191223,0.03287998214364052
1193,25,0.11949293315410614,0.8182679414749146,0.0622391514480114
1194,2,0.04221765697002411,0.9083533883094788,0.04942897707223892
1194,25,0.11747624725103378,0.8616380095481873,0.02088567242026329
1194,53,0.019753163680434227,0.9149471521377563,0.06529969722032547
1196,27,0.028899088501930237,0.941329836845398,0.029771121218800545
1196,53,0.024258388206362724,0.9074083566665649,0.06833329796791077
1196,54,0.04699967801570892,0.9282335638999939,0.024766722694039345
1196,56,0.07270017266273499,0.8812255263328552,0.0460742823779583
1196,57,0.03904601186513901,0.9056113362312317,0.055342625826597214
1196,143,0.06073887273669243,0.9141461253166199,0.025114959105849266
1196,157,0.13502179086208344,0.8455810546875,0.019397126510739326
1197,17,0.0569966658949852,0.9105986952781677,0.03240462392568588
1197,22,0.027775295078754425,0.9205827713012695,0.05164195969700813
1197,62,0.040245793759822845,0.9351713061332703,0.024582942947745323
1197,115,0.03938978910446167,0.9351102709770203,0.025499891489744186
1197,145,0.05684501305222511,0.9264268279075623,0.01672816462814808
1200,49,0.2060645967721939,0.7624737620353699,0.031461719423532486
1200,57,0.04627608507871628,0.8826611638069153,0.07106271386146545
1200,92,0.7308642864227295,0.24423900246620178,0.024896739050745964
1202,20,0.04960167780518532,0.9130352139472961,0.037363070994615555
1202,86,0.06540577858686447,0.8917695879936218,0.04282465949654579
1202,110,0.17807559669017792,0.7656723260879517,0.05625205487012863
1202,142,0.057673901319503784,0.8992905020713806,0.04303562268614769
1203,1,0.04924570769071579,0.911681056022644,0.039073243737220764
1203,9,0.3591632544994354,0.4241849184036255,0.2166517823934555
1203,24,0.09183020144701004,0.8562251329421997,0.05194462835788727
1203,36,0.03848850727081299,0.904116690158844,0.057394839823246
1203,49,0.08099827915430069,0.8458157777786255,0.073185995221138
1203,87,0.3618316352367401,0.62320476770401,0.014963554218411446
1203,125,0.0333901084959507,0.93039470911026,0.03621513769030571
1204,48,0.06486133486032486,0.8649501204490662,0.0701884925365448
1204,68,0.9193267226219177,0.056909140199422836,0.023764047771692276
1204,69,0.033810004591941833,0.9463297724723816,0.019860221073031425
1204,107,0.11393074691295624,0.8475901484489441,0.03847912326455116
1204,169,0.0413123182952404,0.9211315512657166,0.037556108087301254
1206,11,0.10754343867301941,0.8280900716781616,0.06436646729707718
1206,71,0.3591632544994354,0.4241849184036255,0.2166517823934555
1206,79,0.07077985256910324,0.8928225636482239,0.036397598683834076
1206,129,0.05578971654176712,0.8805787563323975,0.06363151967525482
1213,9,0.03300698474049568,0.9380472898483276,0.028945699334144592
1213,11,0.03359995037317276,0.8897884488105774,0.07661154866218567
1213,102,0.021467600017786026,0.9324430227279663,0.04608942195773125
1213,103,0.05325179174542427,0.8868906497955322,0.05985760688781738
1213,117,0.07281137257814407,0.8544666767120361,0.07272191345691681
1213,118,0.06169600412249565,0.9149768352508545,0.023327166214585304
1213,167,0.0498790517449379,0.9283093214035034,0.02181158773601055
1214,44,0.032098714262247086,0.9284976124763489,0.03940366581082344
1214,47,0.12064817547798157,0.865256667137146,0.014095180667936802
1214,112,0.05737927928566933,0.9278054237365723,0.014815283939242363
1214,174,0.03427528962492943,0.9165894389152527,0.049135345965623856
1215,48,0.02414320409297943,0.6515477299690247,0.3243091106414795
1215,50,0.03980594500899315,0.918126106262207,0.042067937552928925
1215,51,0.020297212526202202,0.9099563956260681,0.06974630802869797
1217,3,0.11956610530614853,0.8644532561302185,0.0159805566072464
1217,25,0.03447679802775383,0.9403153657913208,0.02520778402686119
1217,102,0.041734516620635986,0.9336742758750916,0.024591194465756416
1218,15,0.11571967601776123,0.8695707321166992,0.014709636569023132
1218,17,0.14425620436668396,0.8137303590774536,0.042013462632894516
1218,32,0.024449747055768967,0.9296181201934814,0.04593215510249138
1218,75,0.054438523948192596,0.8919346332550049,0.05362685024738312
1218,108,0.09884437918663025,0.8612370491027832,0.039918605238199234
1218,154,0.05730327218770981,0.9014984369277954,0.04119829460978508
1221,18,0.08588642627000809,0.8799025416374207,0.03421103209257126
1221,22,0.08506692945957184,0.8744298219680786,0.040503229945898056
1221,40,0.06862043589353561,0.9084959030151367,0.022883638739585876
1221,47,0.04490967467427254,0.9074128270149231,0.047677453607320786
1221,48,0.014960621483623981,0.08785019814968109,0.897189199924469
1221,65,0.0549280159175396,0.9002598524093628,0.04481208696961403
1221,92,0.03200732544064522,0.9062495231628418,0.0617431104183197
1223,12,0.06279736012220383,0.9194016456604004,0.017800932750105858
1223,27,0.3591632544994354,0.4241849184036255,0.2166517823934555
1223,46,0.03715924546122551,0.9208371043205261,0.04200365021824837
1223,84,0.0918944701552391,0.8810587525367737,0.027046743780374527
1223,149,0.030701803043484688,0.9374046921730042,0.03189344331622124
1227,2,0.09207073599100113,0.86234050989151,0.04558875411748886
1227,60,0.02370515838265419,0.9309245944023132,0.04537031054496765
1227,62,0.14230971038341522,0.8394971489906311,0.018193164840340614
1227,74,0.06922011077404022,0.8139229416847229,0.11685696989297867
1235,27,0.028566034510731697,0.9352562427520752,0.036177679896354675
1235,53,0.030649667605757713,0.9453572630882263,0.023993028327822685
1235,94,0.04468994215130806,0.9323186874389648,0.022991426289081573
1238,12,0.09982729703187943,0.860977828502655,0.03919480741024017
1238,69,0.024469798430800438,0.9215894937515259,0.05394066870212555
1238,91,0.039303988218307495,0.926276445388794,0.03441959619522095
1238,120,0.12214729934930801,0.8229973316192627,0.05485529080033302
1238,127,0.028405455872416496,0.9143084287643433,0.05728606507182121
1238,131,0.12841592729091644,0.8001990914344788,0.0713849812746048
1241,16,0.06836363673210144,0.9012839198112488,0.030352450907230377
1241,40,0.036015816032886505,0.9370864033699036,0.026897748932242393
1241,95,0.10877103358507156,0.8684749007225037,0.022754022851586342
1241,109,0.09154752641916275,0.8772463798522949,0.03120613656938076
1247,18,0.03837326541543007,0.9318334460258484,0.029793275520205498
1247,66,0.04511141777038574,0.9200042486190796,0.03488437086343765
1247,108,0.09554816037416458,0.865166187286377,0.03928561881184578
1249,5,0.05081434175372124,0.9289878606796265,0.020197756588459015
1249,27,0.026948867365717888,0.920401394367218,0.052649740129709244
1249,35,0.04285955801606178,0.9250680804252625,0.032072409987449646
1253,60,0.0529027096927166,0.8908113241195679,0.05628596618771553
1253,64,0.1360097974538803,0.8483924865722656,0.015597726218402386
1253,88,0.07600240409374237,0.8414234519004822,0.08257417380809784
1255,23,0.06713571399450302,0.8906562924385071,0.0422079972922802
1255,70,0.2070484757423401,0.7208444476127625,0.07210708409547806
1255,74,0.048123493790626526,0.8890138268470764,0.06286269426345825
1256,19,0.09274043142795563,0.8642544746398926,0.043005045503377914
1256,37,0.026477552950382233,0.22842822968959808,0.7450942397117615
1256,95,0.029788358137011528,0.3355635106563568,0.6346481442451477
1256,199,0.04514210671186447,0.9279137849807739,0.026944052428007126
1257,73,0.07270017266273499,0.8812255263328552,0.0460742823779583
1257,78,0.048123493790626526,0.8890138268470764,0.06286269426345825
1257,104,0.039124298840761185,0.8851622343063354,0.07571344822645187
1257,158,0.031139085069298744,0.9276027083396912,0.04125824570655823
1259,12,0.053417839109897614,0.9167032241821289,0.029878992587327957
1259,39,0.04774237424135208,0.9130298495292664,0.03922770544886589
1259,47,0.03984644263982773,0.9088853001594543,0.05126827210187912
1260,69,0.06759507954120636,0.8374351263046265,0.0949697196483612
1260,88,0.03320487216114998,0.5386067032814026,0.4281884431838989
1260,99,0.04255758970975876,0.9256829023361206,0.031759489327669144
1262,48,0.3591632544994354,0.4241849184036255,0.2166517823934555
1262,78,0.11242089420557022,0.8713799118995667,0.016199203208088875
1262,83,0.038084983825683594,0.9286404848098755,0.03327460214495659
1264,6,0.04311234503984451,0.9151297211647034,0.04175792261958122
1264,15,0.03238245099782944,0.9259957075119019,0.0416218638420105
1264,32,0.03881154581904411,0.9350837469100952,0.026104774326086044
1264,54,0.07303901016712189,0.859943151473999,0.06701783090829849
1264,60,0.022447628900408745,0.9247379899024963,0.05281437933444977
1264,84,0.04665059596300125,0.9219344854354858,0.03141498565673828
1264,86,0.08140461146831512,0.8715202212333679,0.047075189650058746
1264,112,0.0692976638674736,0.8870910406112671,0.0436113178730011
1264,138,0.06684701889753342,0.8746577501296997,0.058495260775089264
1266,12,0.06740471720695496,0.8990497589111328,0.03354553505778313
1266,59,0.05125629901885986,0.9127495884895325,0.03599407151341438
1266,68,0.09361148625612259,0.8564109802246094,0.049977533519268036
1272,23,0.10439025610685349,0.8696741461753845,0.025935644283890724
1272,25,0.024527281522750854,0.9162530303001404,0.05921967327594757
1272,36,0.035351067781448364,0.7459093332290649,0.2187395691871643
1272,99,0.022337015718221664,0.9255853891372681,0.052077651023864746
1274,21,0.024354033172130585,0.9365528225898743,0.039093200117349625
1274,33,0.03076019696891308,0.9245526790618896,0.04468715190887451
1274,46,0.027003467082977295,0.9391903877258301,0.033806104212999344
1277,35,0.05556479096412659,0.9007906913757324,0.043644487857818604
1277,55,0.0995832234621048,0.8596459031105042,0.04077088087797165
1277,73,0.024581408128142357,0.9340921640396118,0.041326481848955154
1279,2,0.07899598032236099,0.8639784455299377,0.057025566697120667
1279,3,0.032587531954050064,0.9075886011123657,0.05982391536235809
1279,99,0.10440707951784134,0.8792200684547424,0.01637287624180317
1279,116,0.09313533455133438,0.8680564165115356,0.03880825638771057
1280,80,0.09719810634851456,0.8573458790779114,0.04545598849654198
1280,107,0.029579823836684227,0.842748761177063,0.12767140567302704
1280,110,0.06549450755119324,0.9153980612754822,0.019107410684227943
1280,177,0.022054161876440048,0.892606794834137,0.08533908426761627
1280,186,0.04517746344208717,0.9257642030715942,0.029058266431093216
1280,199,0.11028768122196198,0.8427116274833679,0.04700068384408951
1280,201,0.06126408651471138,0.9003838300704956,0.038352012634277344
1282,5,0.033783119171857834,0.9019681811332703,0.06424874067306519
1282,11,0.05939541757106781,0.9098055958747864,0.030798902735114098
1282,32,0.09855304658412933,0.8355283141136169,0.06591862440109253
1282,110,0.04146142303943634,0.9109418988227844,0.04759666323661804
1282,115,0.3591632544994354,0.4241849184036255,0.2166517823934555
1301,55,0.030524056404829025,0.9354366064071655,0.03403935953974724
1301,98,0.14507503807544708,0.7832380533218384,0.07168688625097275
1301,116,0.23342739045619965,0.7459582686424255,0.020614352077245712
1301,145,0.0369151271879673,0.9055219888687134,0.05756288021802902
1303,11,0.03158547356724739,0.8516882658004761,0.11672624945640564
1303,64,0.05015558376908302,0.8402937650680542,0.10955069214105606
1303,94,0.07641375809907913,0.902137815952301,0.021448424085974693
1303,96,0.17037463188171387,0.7987775206565857,0.03084789402782917
1307,29,0.11013288050889969,0.8106065988540649,0.07926047593355179
1307,43,0.03807145729660988,0.930029034614563,0.03189945966005325
1307,45,0.028790386393666267,0.9314749240875244,0.03973473981022835
1307,67,0.050984032452106476,0.9159578084945679,0.03305817395448685
1308,31,0.3708166778087616,0.5544391870498657,0.07474411278963089
1308,39,0.03595606982707977,0.915424108505249,0.04861985519528389
1308,91,0.0538225919008255,0.8755558729171753,0.07062158733606339
1308,98,0.03756052628159523,0.9353657364845276,0.02707366831600666
1308,127,0.04236254841089249,0.9259054660797119,0.03173202648758888
1310,47,0.052606601268053055,0.6380823254585266,0.3093111217021942
1310,101,0.07608402520418167,0.9038453102111816,0.020070713013410568
1310,112,0.028169281780719757,0.9273647665977478,0.04446592181921005
1312,8,0.06131370738148689,0.8963453769683838,0.04234084114432335
1312,14,0.03776387497782707,0.9263734221458435,0.035862620919942856
1312,66,0.037018805742263794,0.9286942481994629,0.03428701311349869
1312,102,0.06492993235588074,0.8979883790016174,0.03708166256546974
1312,108,0.06302923709154129,0.9044089317321777,0.03256187215447426
1313,14,0.06243312358856201,0.9177103638648987,0.01985652558505535
1313,55,0.049723852425813675,0.9318107962608337,0.018465407192707062
1313,100,0.025490546599030495,0.9309331774711609,0.04357631132006645
1313,105,0.057398390024900436,0.8827346563339233,0.0598670169711113
1313,139,0.025783976539969444,0.8000742197036743,0.17414182424545288
1313,167,0.07867272943258286,0.8880325555801392,0.033294741064310074
1313,206,0.10148963332176208,0.8457643389701843,0.052746012806892395
1313,218,0.13008582592010498,0.7803583741188049,0.08955580741167068
1313,230,0.05379239842295647,0.9116207957267761,0.03458675742149353
1313,233,0.3591632544994354,0.4241849184036255,0.2166517823934555
1313,253,0.11592744290828705,0.8635470271110535,0.02052551694214344
1313,275,0.024436507374048233,0.8708631992340088,0.10470029711723328
1313,295,0.031034735962748528,0.9238572120666504,0.04510802403092384
1313,310,0.07437463104724884,0.8865126967430115,0.03911268338561058
1313,333,0.10857309401035309,0.8727840185165405,0.018642880022525787
1313,369,0.06091189756989479,0.892191469669342,0.04689668491482735
1317,5,0.1427222639322281,0.8223739862442017,0.034903693944215775
1317,19,0.022539565339684486,0.23231887817382812,0.7451415061950684
1317,71,0.17569398880004883,0.7470892071723938,0.07721684128046036
1319,43,0.04072382301092148,0.9311326742172241,0.028143534436821938
1319,70,0.04483930766582489,0.931056559085846,0.024104174226522446
1319,86,0.020000215619802475,0.9144631028175354,0.06553669273853302
1321,28,0.06908037513494492,0.9041693806648254,0.02675017900764942
1321,43,0.03330755606293678,0.9269378781318665,0.03975459560751915
1321,60,0.040889035910367966,0.897498607635498,0.0616123303771019
1321,96,0.07305723428726196,0.8859873414039612,0.040955428034067154
1321,114,0.21566647291183472,0.7673522233963013,0.016981296241283417
1321,149,0.04476766660809517,0.9117149114608765,0.043517373502254486
1321,157,0.042669087648391724,0.9173725843429565,0.03995829448103905
1322,2,0.07585883885622025,0.8839930891990662,0.04014814272522926
1322,84,0.03106990084052086,0.9222755432128906,0.046654582023620605
1322,98,0.08013900369405746,0.48227235674858093,0.4375886023044586
1322,156,0.048123493790626526,0.8890138268470764,0.06286269426345825
1324,5,0.04263623431324959,0.913108766078949,0.04425496608018875
1324,114,0.0279000885784626,0.78277987241745,0.18932004272937775
1324,160,0.038641780614852905,0.9035816192626953,0.05777653306722641
1325,32,0.027617447078227997,0.9275978803634644,0.044784680008888245
1325,112,0.04079083725810051,0.9099560379981995,0.049253154546022415
1325,248,0.10101136565208435,0.8398431539535522,0.0591454952955246
1326,17,0.03529197350144386,0.9302316904067993,0.03447633981704712
1326,25,0.0911746695637703,0.8707053661346436,0.03811992332339287
1326,68,0.3591632544994354,0.4241849184036255,0.2166517823934555
1326,85,0.05175216495990753,0.9216187596321106,0.026629051193594933
1326,93,0.03463209792971611,0.9309008121490479,0.03446707874536514
1326,105,0.06332890689373016,0.9102979898452759,0.026373090222477913
1330,20,0.3591632544994354,0.4241849184036255,0.2166517823934555
1330,33,0.035493988543748856,0.9337869882583618,0.030719060450792313
1330,34,0.03832123056054115,0.9168268442153931,0.044851966202259064
1330,38,0.06749565154314041,0.8751541376113892,0.05735025554895401
1330,43,0.05160454288125038,0.9230515956878662,0.025343814864754677
1330,53,0.05422074347734451,0.8153892755508423,0.13039003312587738
1330,57,0.024793004617094994,0.9287216663360596,0.04648531600832939
1330,59,0.0829283744096756,0.8757599592208862,0.04131162911653519
1330,61,0.08580536395311356,0.8704177141189575,0.043776899576187134
1330,65,0.03134047985076904,0.9407185316085815,0.027941038832068443
1333,11,0.07270017266273499,0.8812255263328552,0.0460742823779583
1333,17,0.039021026343107224,0.9122347831726074,0.048744216561317444
1333,47,0.3591632544994354,0.4241849184036255,0.2166517823934555
1333,55,0.020621730014681816,0.8993738889694214,0.08000436425209045
1333,64,0.031999167054891586,0.9267154932022095,0.041285429149866104
1333,82,0.028396135196089745,0.9210222363471985,0.050581589341163635
1333,83,0.039021026343107224,0.9122347831726074,0.048744216561317444
1333,96,0.08716881275177002,0.8623152375221252,0.050515927374362946
1333,97,0.0228253360837698,0.9135236144065857,0.06365103274583817
1333,103,0.0486777126789093,0.9110679626464844,0.04025435447692871
1333,104,0.09207073599100113,0.86234050989151,0.04558875411748886
1333,106,0.3591632544994354,0.4241849184036255,0.2166517823934555
1333,120,0.10794620215892792,0.8467853665351868,0.045268431305885315
1333,126,0.10101136565208435,0.8398431539535522,0.0591454952955246
1334,30,0.0787706971168518,0.8973475098609924,0.023881834000349045
1334,35,0.34767261147499084,0.6356562972068787,0.01667109690606594
1334,58,0.04367052763700485,0.9259279370307922,0.03040154278278351
1334,80,0.03859966620802879,0.9335389137268066,0.02786136604845524
1334,90,0.0488915741443634,0.9324610829353333,0.0186473336070776
1335,41,0.08599409461021423,0.8725844621658325,0.041421499103307724
1335,77,0.031999167054891586,0.9267154932022095,0.041285429149866104
1335,99,0.3591632544994354,0.4241849184036255,0.2166517823934555
1335,104,0.03538196161389351,0.9198229908943176,0.044795095920562744
1335,117,0.3591632544994354,0.4241849184036255,0.2166517823934555
1335,151,0.07328549772500992,0.9127597212791443,0.013954753056168556
1335,155,0.25951215624809265,0.7234352231025696,0.0170526634901762
1335,189,0.3591632544994354,0.4241849184036255,0.2166517823934555
1335,196,0.07923916727304459,0.8680493831634521,0.05271144583821297
1336,5,0.025718029588460922,0.6667473912239075,0.3075345754623413
1336,17,0.10462898761034012,0.8530498147010803,0.04232120141386986
1336,109,0.2281438112258911,0.7560996413230896,0.015756575390696526
1336,112,0.08668600767850876,0.8658827543258667,0.04743118956685066
1346,9,0.20086446404457092,0.7684161067008972,0.030719388276338577
1346,25,0.09054722636938095,0.8774518966674805,0.032000862061977386
1346,38,0.03201112896203995,0.9382304549217224,0.02975836955010891
1346,46,0.0654238760471344,0.8880065679550171,0.046569567173719406
1349,74,0.0372973270714283,0.9061980247497559,0.05650467053055763
1349,88,0.0911746695637703,0.8707053661346436,0.03811992332339287
1349,115,0.03364347293972969,0.8650707006454468,0.10128580033779144
1350,24,0.07417944073677063,0.8778442144393921,0.047976333647966385
1350,67,0.04513688012957573,0.8973310589790344,0.05753200873732567
1350,117,0.05469880998134613,0.917665421962738,0.02763582579791546
1350,147,0.07704941183328629,0.8887094855308533,0.03424108028411865
1350,174,0.08534090965986252,0.8719335794448853,0.04272552952170372
1361,17,0.07600240409374237,0.8414234519004822,0.08257417380809784
1361,35,0.022994395345449448,0.9413596987724304,0.035645902156829834
1361,75,0.030740806832909584,0.912319004535675,0.056940190494060516
1361,82,0.030653394758701324,0.9129572510719299,0.05638941004872322
1365,0,0.07555045187473297,0.8988865613937378,0.02556302212178707
1365,29,0.06073887273669243,0.9141461253166199,0.025114959105849266
1365,32,0.02118377573788166,0.93909752368927,0.03971865400671959
1368,15,0.03673446178436279,0.9308332800865173,0.032432280480861664
1368,19,0.03642923757433891,0.9179238677024841,0.04564690217375755
1368,20,0.7243204116821289,0.2517552375793457,0.02392440475523472
1368,51,0.0403907410800457,0.9175670146942139,0.04204221069812775
1368,140,0.02169896475970745,0.9194481372833252,0.05885285511612892
1371,16,0.06352487951517105,0.8541253805160522,0.08234971761703491
1371,24,0.033709149807691574,0.9266306161880493,0.03966023027896881
1371,47,0.06073887273669243,0.9141461253166199,0.025114959105849266
1371,65,0.03144252672791481,0.9338555932044983,0.03470192104578018
1372,100,0.15663602948188782,0.8266751170158386,0.016688834875822067
1372,122,0.030714357271790504,0.9239705204963684,0.045315105468034744
1372,124,0.022954586893320084,0.9162067770957947,0.06083858013153076
1377,17,0.02636970952153206,0.9348642826080322,0.03876599296927452
1377,28,0.03742421418428421,0.9131665229797363,0.04940922558307648
1377,53,0.06147531792521477,0.8806743621826172,0.05785035341978073
1377,114,0.07670055329799652,0.8866908550262451,0.036608628928661346
1377,133,0.061557281762361526,0.8771585822105408,0.06128412485122681
1377,138,0.036347899585962296,0.9182037115097046,0.04544839262962341
1379,4,0.03786987438797951,0.8870287537574768,0.07510130852460861
1379,52,0.07357282191514969,0.9095847606658936,0.016842475160956383
1379,137,0.05267181247472763,0.9199462532997131,0.027381939813494682
1380,55,0.2637938857078552,0.7133836150169373,0.022822516039013863
1380,72,0.03410625085234642,0.9383364915847778,0.02755732648074627
1380,75,0.08433084189891815,0.8823694586753845,0.03329973295331001
1381,5,0.03547442704439163,0.9361628293991089,0.028362730517983437
1381,34,0.06926707923412323,0.8769017457962036,0.05383118987083435
1381,114,0.4598113000392914,0.5208218097686768,0.019366873428225517
1382,47,0.01788650080561638,0.7999922037124634,0.18212132155895233
1382,67,0.03863019868731499,0.9118340611457825,0.04953571781516075
1382,80,0.1711905300617218,0.8090946674346924,0.019714830443263054
1384,53,0.04505434259772301,0.9154936671257019,0.03945193812251091
1384,95,0.20951294898986816,0.7079075574874878,0.08257950842380524
1384,173,0.03025170788168907,0.9261117577552795,0.04363653436303139
1384,195,0.039766982197761536,0.9376002550125122,0.02263280563056469
1384,208,0.03577077388763428,0.918372392654419,0.04585682600736618
1388,3,0.037140119820833206,0.8988775014877319,0.06398241966962814
1388,14,0.03534488007426262,0.9167988896369934,0.04785619676113129
1388,48,0.03238245099782944,0.9259957075119019,0.0416218638420105
1388,207,0.053532086312770844,0.865353524684906,0.08111437410116196
1389,5,0.10474859178066254,0.8485202789306641,0.046731144189834595
1389,98,0.030250702053308487,0.9345225691795349,0.0352267250418663
1389,113,0.038255952298641205,0.9350982904434204,0.026645729318261147
1389,118,0.10386719554662704,0.8629363775253296,0.03319641202688217
1398,24,0.08668600767850876,0.8658827543258667,0.04743118956685066
1398,95,0.058629103004932404,0.9162098169326782,0.025161083787679672
1398,114,0.0595371276140213,0.9115996360778809,0.028863295912742615
1398,128,0.04469852149486542,0.9248959422111511,0.03040553815662861
1398,140,0.09557684510946274,0.8432797789573669,0.061143383383750916
1398,181,0.07356647402048111,0.9081947207450867,0.01823882944881916
1398,199,0.0688597783446312,0.9171419143676758,0.013998380862176418
1398,205,0.1207776814699173,0.8377240896224976,0.041498199105262756
1398,218,0.13588647544384003,0.8501009941101074,0.01401253417134285
1398,224,0.03509875759482384,0.9039707183837891,0.06093049794435501
1398,225,0.09854734688997269,0.8348751068115234,0.06657755374908447
1402,28,0.08506692945957184,0.8744298219680786,0.040503229945898056
1402,116,0.044482678174972534,0.9137316942214966,0.04178565740585327
1402,121,0.0911746695637703,0.8707053661346436,0.03811992332339287
1402,182,0.058074627071619034,0.9117605090141296,0.03016480803489685
1402,187,0.02274499647319317,0.8921360373497009,0.08511897921562195
1402,201,0.07077985256910324,0.8928225636482239,0.036397598683834076
1409,21,0.3591632544994354,0.4241849184036255,0.2166517823934555
1409,67,0.20984846353530884,0.5569669008255005,0.23318468034267426
1409,77,0.3591632544994354,0.4241849184036255,0.2166517823934555
1409,87,0.11386784166097641,0.8311240077018738,0.055008139461278915
1415,32,0.7563945055007935,0.23246049880981445,0.011145015247166157
1415,50,0.16836875677108765,0.8097959160804749,0.021835291758179665
1415,53,0.028433475643396378,0.9093329906463623,0.06223352253437042
1415,56,0.027066875249147415,0.9261471033096313,0.046785999089479446
1415,69,0.05402185767889023,0.9043046832084656,0.04167340323328972
1415,88,0.10101136565208435,0.8398431539535522,0.0591454952955246
1416,100,0.07964117079973221,0.9065187573432922,0.01384011097252369
1416,128,0.02229435369372368,0.9374248385429382,0.040280781686306
1416,167,0.02015656791627407,0.8767939805984497,0.10304941236972809
1416,171,0.027208060026168823,0.9439232349395752,0.02886876091361046
1422,57,0.3591632544994354,0.4241849184036255,0.2166517823934555
1422,60,0.05552011728286743,0.715571939945221,0.2289079874753952
1422,109,0.027504125609993935,0.9328346848487854,0.0396612212061882
1422,114,0.056166790425777435,0.8685643076896667,0.0752689316868782
1422,145,0.030506202951073647,0.9413074254989624,0.028186393901705742
1431,9,0.09111981093883514,0.8837335109710693,0.02514667995274067
1431,15,0.09986406564712524,0.8558645844459534,0.044271375983953476
1431,30,0.32217520475387573,0.4435630738735199,0.23426173627376556
1431,85,0.04273587465286255,0.9298825263977051,0.027381625026464462
1431,95,0.04839210957288742,0.9253252148628235,0.02628261037170887
1436,2,0.22340284287929535,0.7539210319519043,0.022676149383187294
1436,3,0.053138356655836105,0.9041693210601807,0.04269229620695114
1436,26,0.030092917382717133,0.9403917193412781,0.029515346512198448
1436,33,0.13864147663116455,0.8401240110397339,0.021234530955553055
1437,42,0.06911834329366684,0.48622921109199524,0.4446524381637573
1437,52,0.4224688708782196,0.05209154263138771,0.5254396200180054
1437,53,0.34886935353279114,0.5983164310455322,0.05281423404812813
1442,19,0.022255487740039825,0.8945330381393433,0.08321141451597214
1442,31,0.028268801048398018,0.9314263463020325,0.04030492156744003
1442,65,0.04831875488162041,0.9009988903999329,0.050682276487350464
1442,74,0.09800354391336441,0.8516619801521301,0.05033450573682785
1442,101,0.03102033957839012,0.5172155499458313,0.45176413655281067
1442,127,0.051364485174417496,0.9110323190689087,0.03760319948196411
1444,29,0.07983125001192093,0.9042684435844421,0.01590031571686268
1444,44,0.034096576273441315,0.890603244304657,0.0753001943230629
1444,57,0.07205820828676224,0.9067325592041016,0.0212092362344265
1444,90,0.05648260563611984,0.9206004738807678,0.022916916757822037
1449,82,0.09644333273172379,0.8811303973197937,0.02242627553641796
1449,154,0.06647685915231705,0.9135830402374268,0.019940104335546494
1449,163,0.07417944073677063,0.8778442144393921,0.047976333647966385
1449,193,0.0668061301112175,0.8978709578514099,0.03532290831208229
1449,204,0.05575184151530266,0.9081764817237854,0.03607166185975075
1450,26,0.1075848937034607,0.850580632686615,0.04183446243405342
1450,27,0.7355327010154724,0.22807468473911285,0.03639265522360802
1450,29,0.05209503695368767,0.930990993976593,0.01691393367946148
1450,49,0.11094165593385696,0.8586276173591614,0.03043074533343315
1450,53,0.08544318377971649,0.8840646147727966,0.03049224615097046
1451,0,0.020085571333765984,0.9368741512298584,0.04304032772779465
1451,10,0.022246427834033966,0.9214813709259033,0.056272245943546295
1451,62,0.06756553798913956,0.8881255984306335,0.04430890455842018
1451,74,0.027195943519473076,0.9373370409011841,0.035466987639665604
1460,42,0.0510820597410202,0.8726440072059631,0.07627398520708084
1460,83,0.03319009020924568,0.9162815809249878,0.05052831768989563
1460,88,0.11177623271942139,0.8391467928886414,0.04907701164484024
1466,83,0.07186857610940933,0.8821399807929993,0.04599140211939812
1466,110,0.06262388080358505,0.911488950252533,0.025887176394462585
1466,119,0.0748838260769844,0.9099417924880981,0.015174340456724167
1466,244,0.03438236191868782,0.9344032406806946,0.03121442161500454
1479,49,0.057584334164857864,0.9242808818817139,0.01813475601375103
1479,71,0.05743199959397316,0.8793882131576538,0.06317977607250214
1479,81,0.07899598032236099,0.8639784455299377,0.057025566697120667
1479,98,0.02886214479804039,0.9378056526184082,0.033332131803035736
1479,102,0.09916272759437561,0.8863304257392883,0.014506839215755463
1479,130,0.07266762852668762,0.8954996466636658,0.03183269873261452
1482,23,0.05960490554571152,0.8636947274208069,0.07670042663812637
1482,36,0.0747557207942009,0.887270450592041,0.03797385096549988
1482,217,0.1174512505531311,0.8358986973762512,0.04665003716945648
1482,259,0.09379882365465164,0.8522076606750488,0.05399353802204132
1482,268,0.05473756045103073,0.9182384014129639,0.027024054899811745
1488,6,0.07270017266273499,0.8812255263328552,0.0460742823779583
1488,69,0.08813856542110443,0.8610509634017944,0.05081046000123024
1488,73,0.04165412113070488,0.9322300553321838,0.02611575834453106
1488,80,0.032350365072488785,0.9101821184158325,0.05746748670935631
1488,150,0.08453696221113205,0.8733651041984558,0.04209795966744423
1488,168,0.025043755769729614,0.9312123656272888,0.04374387487769127
1488,179,0.11333364248275757,0.8589153289794922,0.027750978246331215
1488,189,0.030274398624897003,0.9255267381668091,0.0441988967359066
1489,30,0.08617313206195831,0.8835452198982239,0.0302816741168499
1489,61,0.05165892839431763,0.911637544631958,0.03670348972082138
1489,64,0.06536466628313065,0.8942503929138184,0.040384937077760696
1489,70,0.028726445510983467,0.905305802822113,0.06596779078245163
1489,71,0.027090836316347122,0.8893725275993347,0.08353661000728607
1489,94,0.0368158183991909,0.8933494091033936,0.06983478367328644
1494,59,0.019556740298867226,0.9090623259544373,0.07138098776340485
1494,92,0.08197427541017532,0.7949287295341492,0.12309703230857849
1494,94,0.0555436946451664,0.924087643623352,0.020368605852127075
1497,3,0.022176602855324745,0.9400142431259155,0.037809159606695175
1497,78,0.10284779965877533,0.833145260810852,0.0640069991350174
1497,91,0.016905799508094788,0.1327824741601944,0.8503117561340332
1497,182,0.13808366656303406,0.8513827919960022,0.01053357683122158
1498,8,0.03519323840737343,0.9269831776618958,0.03782361000776291
1498,9,0.06739421933889389,0.8953357934951782,0.03726997226476669
1498,26,0.05831073969602585,0.8822774887084961,0.05941178649663925
1502,45,0.05429338663816452,0.9060279130935669,0.039678674191236496
1502,110,0.040818650275468826,0.9217804670333862,0.03740086778998375
1502,265,0.03991333767771721,0.9171338677406311,0.04295284301042557
1502,277,0.038961704820394516,0.9072188138961792,0.0538194514811039
1502,285,0.033989068120718,0.9175844788551331,0.04842642694711685
1503,31,0.04147239401936531,0.8860771059989929,0.07245049625635147
1503,49,0.4229910969734192,0.5425392985343933,0.03446957841515541
1503,95,0.06952877342700958,0.8958899974822998,0.03458118438720703
1509,5,0.10949287563562393,0.8530198931694031,0.037487246096134186
1509,14,0.043451715260744095,0.9173229336738586,0.03922532498836517
1509,17,0.03572557866573334,0.8938369750976562,0.07043750584125519
1510,38,0.039493758231401443,0.9396453499794006,0.02086089365184307
1510,56,0.034146033227443695,0.9192502498626709,0.046603716909885406
1510,142,0.043977897614240646,0.9283350110054016,0.027687106281518936
1513,16,0.02955080382525921,0.8911272883415222,0.07932194322347641
1513,37,0.03005276620388031,0.9386569261550903,0.03129025921225548
1513,45,0.46626830101013184,0.5257673263549805,0.00796435959637165
1515,7,0.04548098146915436,0.9305936098098755,0.023925459012389183
1515,34,0.10921471565961838,0.8364191055297852,0.05436611920595169
1515,56,0.10455761104822159,0.8240579962730408,0.07138438522815704
1515,77,0.14526666700839996,0.8339762091636658,0.02075713686645031
1515,92,0.09568694233894348,0.8697944283485413,0.034518636763095856
1515,116,0.04182148352265358,0.6191002726554871,0.33907824754714966
1521,14,0.04382152110338211,0.929565966129303,0.02661251649260521
1521,57,0.04970187321305275,0.9171337485313416,0.0331643782556057
1521,81,0.115908682346344,0.8226929306983948,0.06139843538403511
1522,19,0.08652297407388687,0.8761370778083801,0.037339963018894196
1522,33,0.11046053469181061,0.8733964562416077,0.016142986714839935
1522,126,0.11871257424354553,0.8430934548377991,0.03819397836923599
1525,8,0.03011663444340229,0.9400455951690674,0.02983769401907921
1525,65,0.04537874832749367,0.9389167428016663,0.01570451818406582
1525,71,0.056615713983774185,0.9280828833580017,0.01530136726796627
1525,75,0.19920967519283295,0.7035894393920898,0.09720084816217422
1526,20,0.049467746168375015,0.9012297987937927,0.04930245876312256
1526,53,0.12263544648885727,0.8326389193534851,0.04472566023468971
1526,69,0.057493530213832855,0.917201042175293,0.025305381044745445
1530,4,0.033299531787633896,0.916043221950531,0.05065726488828659
1530,50,0.06983707845211029,0.8969931602478027,0.03316983953118324
1530,67,0.09800354391336441,0.8516619801521301,0.05033450573682785
1530,71,0.03231437876820564,0.9289467334747314,0.03873888775706291
1531,17,0.022674284875392914,0.9146835803985596,0.06264209002256393
1531,44,0.19192592799663544,0.7387596964836121,0.06931440532207489
1531,45,0.024550195783376694,0.938389778137207,0.0370599627494812
1531,110,0.12406232208013535,0.8579381108283997,0.017999598756432533
1545,37,0.04794813692569733,0.7811241149902344,0.17092780768871307
1545,108,0.10998813807964325,0.8367213010787964,0.053290605545043945
1545,130,0.038962822407484055,0.9353299736976624,0.025707131251692772
1546,15,0.04593253880739212,0.8877383470535278,0.06632912158966064
1546,50,0.12235495448112488,0.7766517996788025,0.10099327564239502
1546,51,0.07824299484491348,0.8901703953742981,0.03158659487962723
1549,27,0.026107458397746086,0.9005372524261475,0.07335525751113892
1549,56,0.24595293402671814,0.7400956749916077,0.013951349072158337
1549,110,0.20702344179153442,0.7590545415878296,0.03392203524708748
1554,14,0.10172321647405624,0.847861111164093,0.05041572451591492
1554,16,0.07819093018770218,0.8861458897590637,0.0356631800532341
1554,17,0.04365555942058563,0.8664401769638062,0.08990420401096344
1554,32,0.04965289309620857,0.9143539667129517,0.03599311411380768
1554,40,0.061453480273485184,0.8603272438049316,0.07821927219629288
1554,80,0.057850733399391174,0.8748242855072021,0.06732497364282608
1554,94,0.04660149663686752,0.8957071900367737,0.05769127979874611
1554,141,0.04512753710150719,0.9278817772865295,0.026990709826350212
1554,180,0.23342739045619965,0.7459582686424255,0.020614352077245712
1559,94,0.13454104959964752,0.7986964583396912,0.0667625144124031
1559,97,0.052469778805971146,0.889194905757904,0.058335255831480026
1559,149,0.11244616657495499,0.6924945712089539,0.19505922496318817
1559,156,0.06358050554990768,0.5245612263679504,0.41185832023620605
1563,25,0.04928436130285263,0.9102795124053955,0.04043618589639664
1563,30,0.03435274958610535,0.939716637134552,0.02593056857585907
1563,129,0.06708994507789612,0.8983719348907471,0.0345381498336792
1569,19,0.024964040145277977,0.8990193009376526,0.07601666450500488
1569,40,0.06232549622654915,0.9109183549880981,0.026756178587675095
1569,49,0.04969954118132591,0.9155944585800171,0.03470594435930252
1569,69,0.0543404258787632,0.9037788510322571,0.041880734264850616
1569,118,0.12628231942653656,0.830116331577301,0.043601322919130325
1569,141,0.04145151376724243,0.9118273258209229,0.0467212088406086
1569,157,0.0782199278473854,0.8889697790145874,0.03281022235751152
1569,166,0.021614141762256622,0.9202573895454407,0.058128464967012405
1574,29,0.08050904422998428,0.9075233936309814,0.01196752954274416
1574,59,0.07037273049354553,0.9080271124839783,0.0216001495718956
1574,91,0.06431326270103455,0.9118703603744507,0.02381637506186962
1574,126,0.08727174252271652,0.8687763214111328,0.043951936066150665
1574,128,0.16334256529808044,0.8102980256080627,0.02635944075882435
1574,161,0.035696886479854584,0.9270541667938232,0.037248965352773666
1574,162,0.7057487964630127,0.28165802359580994,0.012593228369951248
1574,174,0.038641780614852905,0.9035816192626953,0.05777653306722641
1574,243,0.0667082741856575,0.9019411206245422,0.031350549310445786
1574,259,0.07456666976213455,0.8993601202964783,0.026073168963193893
1576,45,0.12246093153953552,0.8564144968986511,0.021124588325619698
1576,108,0.6463974714279175,0.24743115901947021,0.10617133975028992
1576,127,0.05398428812623024,0.908208429813385,0.037807296961545944
1579,12,0.05361339449882507,0.8971747159957886,0.04921182617545128
1579,14,0.08083029836416245,0.8728349208831787,0.04633473977446556
1579,209,0.023920981213450432,0.9199679493904114,0.05611109733581543
1579,258,0.05165620148181915,0.915346086025238,0.03299768269062042
1579,308,0.2171376347541809,0.7182881236076355,0.06457430869340897
1586,45,0.08083029836416245,0.8728349208831787,0.04633473977446556
1586,183,0.6350468397140503,0.3129115104675293,0.05204165354371071
1586,327,0.08171682059764862,0.8915561437606812,0.026727087795734406
1586,338,0.06412314623594284,0.919410228729248,0.01646658033132553
1586,369,0.04242436960339546,0.8903297781944275,0.06724584847688675
1586,379,0.11463969945907593,0.8337515592575073,0.05160875245928764
1586,394,0.06769662350416183,0.918796956539154,0.013506432063877583
1589,47,0.14526666700839996,0.8339762091636658,0.02075713686645031
1589,100,0.04558160901069641,0.9326396584510803,0.021778682246804237
1589,142,0.10340822488069534,0.771263837814331,0.12532798945903778
1589,153,0.06791544705629349,0.9107537865638733,0.021330732852220535
1600,10,0.09821972250938416,0.8505501747131348,0.051230140030384064
1600,64,0.033055536448955536,0.9202038049697876,0.04674066975712776
1600,117,0.039827316999435425,0.9079653024673462,0.052207354456186295
1602,146,0.09921763837337494,0.863383948802948,0.03739846497774124
1602,201,0.07187280803918839,0.8959980607032776,0.03212916478514671
1602,235,0.12636086344718933,0.8404656648635864,0.03317347168922424
1602,236,0.049177732318639755,0.9145784974098206,0.03624380752444267
1605,9,0.05242060124874115,0.9185712933540344,0.02900809608399868
1605,91,0.033423829823732376,0.9278706908226013,0.0387054942548275
1605,166,0.025682879611849785,0.9073983430862427,0.06691881269216537
1605,169,0.04595702141523361,0.9310134649276733,0.023029563948512077
1607,19,0.042904164642095566,0.9293989539146423,0.027696868404746056
1607,81,0.04425758495926857,0.9400463700294495,0.015696100890636444
1607,144,0.06318765878677368,0.9105978608131409,0.026214415207505226
1607,177,0.030714357271790504,0.9239705204963684,0.045315105468034744
1610,42,0.3591632544994354,0.4241849184036255,0.2166517823934555
1610,51,0.0578438937664032,0.9117900729179382,0.030366091057658195
1610,66,0.06677881628274918,0.8775976300239563,0.055623624473810196
1614,82,0.08990895748138428,0.8271231651306152,0.0829678475856781
1614,114,0.024383993819355965,0.9397380948066711,0.03587785363197327
1614,139,0.07187280803918839,0.8959980607032776,0.03212916478514671
1614,174,0.10315456986427307,0.8434221148490906,0.053423311561346054
1614,177,0.03860042616724968,0.8642891645431519,0.09711043536663055
1614,182,0.03282344713807106,0.9171850085258484,0.04999155551195145
1617,33,0.10112565755844116,0.8601878881454468,0.03868651017546654
1617,98,0.03339918330311775,0.9388687014579773,0.027732083573937416
1617,117,0.03033759444952011,0.9186046123504639,0.051057811826467514
1617,119,0.037556834518909454,0.9343880414962769,0.02805512212216854
1617,126,0.3255167305469513,0.6665059328079224,0.007977345958352089
1620,12,0.05661267042160034,0.9106746912002563,0.032712671905756
1620,36,0.044508639723062515,0.7899176478385925,0.16557376086711884
1620,45,0.040123794227838516,0.9214925169944763,0.03838370367884636
1620,204,0.020276017487049103,0.9322815537452698,0.04744245857000351
1626,3,0.04023822769522667,0.9237066507339478,0.03605510666966438
1626,50,0.08506692945957184,0.8744298219680786,0.040503229945898056
1626,109,0.06061280146241188,0.8996474742889404,0.039739783853292465
1627,25,0.09980876743793488,0.8784628510475159,0.02172832563519478
1627,31,0.07077985256910324,0.8928225636482239,0.036397598683834076
1627,116,0.09074103832244873,0.8925480246543884,0.016710922122001648
1629,7,0.051534123718738556,0.8778550624847412,0.07061087340116501
1629,17,0.07920470833778381,0.8514685034751892,0.06932684034109116
1629,56,0.032258160412311554,0.9273087382316589,0.04043317213654518
1629,93,0.0772533267736435,0.6912416815757751,0.23150496184825897
1629,116,0.047574788331985474,0.9246883392333984,0.027736926451325417
1629,149,0.09791266173124313,0.8533442616462708,0.04874303191900253
1629,196,0.022575069218873978,0.9306054711341858,0.04681946709752083
1629,198,0.03782346472144127,0.8108458518981934,0.15133066475391388
1634,53,0.09479263424873352,0.820014238357544,0.08519308269023895
1634,87,0.05005928874015808,0.9279996156692505,0.021941086277365685
1634,99,0.06326852738857269,0.9145712852478027,0.022160187363624573
1641,26,0.11386784166097641,0.8311240077018738,0.055008139461278915
1641,38,0.043069988489151,0.933021605014801,0.02390843816101551
1641,62,0.04277566820383072,0.9250675439834595,0.032156724482774734
1641,100,0.023579109460115433,0.69919353723526,0.2772273123264313
1641,134,0.030322175472974777,0.907772421836853,0.061905380338430405
1641,144,0.07237040996551514,0.6303673982620239,0.29726219177246094
1641,167,0.3591632544994354,0.4241849184036255,0.2166517823934555
1641,191,0.043113742023706436,0.9192874431610107,0.03759882226586342
1641,201,0.057944994419813156,0.9023705124855042,0.039684414863586426
1641,274,0.07929030060768127,0.8758872747421265,0.04482240974903107
1641,279,0.04236739128828049,0.9004393219947815,0.05719324201345444
1644,15,0.034600842744112015,0.9449388980865479,0.02046029642224312
1644,133,0.08470777422189713,0.8738219141960144,0.04147029295563698
1644,180,0.05014058202505112,0.925299882888794,0.02455945499241352
1644,208,0.040927328169345856,0.9063509702682495,0.05272172763943672
1644,226,0.06875398755073547,0.9000333547592163,0.031212644651532173
1652,17,0.04457912966609001,0.8830735683441162,0.07234731316566467
1652,20,0.25465840101242065,0.719681441783905,0.02566022425889969
1652,25,0.024752693250775337,0.07692760974168777,0.8983197808265686
1652,80,0.07227803766727448,0.9097070693969727,0.018014948815107346
1652,171,0.09183020144701004,0.8562251329421997,0.05194462835788727
1653,33,0.0217913631349802,0.9308538436889648,0.047354843467473984
1653,40,0.07343561947345734,0.9031777381896973,0.023386668413877487
1653,52,0.10494080930948257,0.33515363931655884,0.5599055886268616
1653,94,0.10617409646511078,0.8476744294166565,0.04615149274468422
1656,7,0.04572378098964691,0.5125349164009094,0.44174128770828247
1656,11,0.03191900998353958,0.9040985703468323,0.06398247927427292
1656,14,0.0325125977396965,0.9267994165420532,0.0406879223883152
1656,55,0.04909859225153923,0.9000430107116699,0.050858333706855774
1656,66,0.047484613955020905,0.9203453063964844,0.032170020043849945
1656,79,0.050855301320552826,0.9309212565422058,0.018223382532596588
1657,1,0.04016399756073952,0.9148417711257935,0.04499424248933792
1657,36,0.031142544001340866,0.8208317756652832,0.14802561700344086
1657,45,0.048396091908216476,0.9078533053398132,0.04375067353248596
1657,89,0.033775050193071365,0.9310483932495117,0.03517654910683632
1657,100,0.03518518805503845,0.47496113181114197,0.4898536801338196
1658,13,0.021382233127951622,0.9341639280319214,0.04445381835103035
1658,80,0.022541169077157974,0.9437872767448425,0.03367156535387039
1658,143,0.043902065604925156,0.9273332953453064,0.02876463159918785
1662,6,0.06339908391237259,0.8901140093803406,0.04648687690496445
1662,20,0.03901040554046631,0.9167412519454956,0.0442483015358448
1662,148,0.08668600767850876,0.8658827543258667,0.04743118956685066
1662,182,0.13198158144950867,0.8529433012008667,0.015075098723173141
1662,221,0.05815998092293739,0.9105834364891052,0.0312565453350544
1665,4,0.08556211739778519,0.8606420755386353,0.05379578098654747
1665,55,0.0861535593867302,0.8771833777427673,0.03666309639811516
1665,100,0.036888256669044495,0.9103005528450012,0.052811190485954285
1665,110,0.048121318221092224,0.9186974167823792,0.03318127989768982
1665,149,0.044059526175260544,0.917587399482727,0.038352999836206436
1666,12,0.09192293882369995,0.8640753030776978,0.04400172457098961
1666,34,0.02855144627392292,0.9205194115638733,0.05092916637659073
1666,59,0.042016033083200455,0.9166685342788696,0.0413154773414135
1666,85,0.10672198981046677,0.8462311625480652,0.04704691469669342
1670,10,0.03178706020116806,0.9415932297706604,0.02661966346204281
1670,31,0.08210970461368561,0.8942199945449829,0.023670349270105362
1670,40,0.03297879174351692,0.9435777068138123,0.02344353124499321
1670,46,0.023601572960615158,0.9378107190132141,0.038587767630815506
1670,82,0.03887364640831947,0.9132106900215149,0.047915711998939514
1675,55,0.028779350221157074,0.936812698841095,0.03440794721245766
1675,74,0.030286697670817375,0.941467821598053,0.028245514258742332
1675,89,0.05643828958272934,0.568538248538971,0.3750235140323639
1675,95,0.04419252648949623,0.9233900308609009,0.03241743892431259
1676,4,0.02514335699379444,0.909999668598175,0.06485698372125626
1676,11,0.0814550444483757,0.8631235361099243,0.05542143061757088
1676,51,0.12235495448112488,0.7766517996788025,0.10099327564239502
1677,234,0.03678230196237564,0.9386395215988159,0.024578196927905083
1677,260,0.03490639850497246,0.9383933544158936,0.02670018933713436
1677,283,0.02472984977066517,0.938275933265686,0.036994241178035736
1677,291,0.04321584105491638,0.9051596522331238,0.051624517887830734
1685,7,0.041976530104875565,0.9182352423667908,0.03978818655014038
1685,11,0.04847317934036255,0.9017436504364014,0.04978322237730026
1685,22,0.047807417809963226,0.9068149924278259,0.04537764564156532
1687,101,0.07270017266273499,0.8812255263328552,0.0460742823779583
1687,182,0.15560345351696014,0.8285203576087952,0.015876172110438347
1687,218,0.06741540879011154,0.8953937888145447,0.0371907576918602
1690,30,0.044482678174972534,0.9137316942214966,0.04178565740585327
1690,88,0.03996535763144493,0.9362119436264038,0.023822639137506485
1690,170,0.13454104959964752,0.7986964583396912,0.0667625144124031
1694,18,0.525705873966217,0.46262121200561523,0.011672834865748882
1694,49,0.1940581053495407,0.7960622906684875,0.009879683144390583
1694,105,0.12906372547149658,0.8539170622825623,0.017019255086779594
1702,113,0.11335258930921555,0.8683151602745056,0.018332187086343765
1702,128,0.049780674278736115,0.9157376885414124,0.03448164463043213
1702,174,0.029393436387181282,0.9106646180152893,0.05994195491075516
1703,4,0.09890617430210114,0.8522916436195374,0.04880218207836151
1703,9,0.11417736858129501,0.8575826287269592,0.028240012004971504
1703,45,0.05852878838777542,0.9064204096794128,0.03505079820752144
1703,121,0.12191907316446304,0.8451045751571655,0.03297632560133934
1703,174,0.10978861153125763,0.8407257199287415,0.04948567599058151
1703,180,0.0911034569144249,0.892114520072937,0.016782034188508987
1703,200,0.07507370412349701,0.9006314873695374,0.024294819682836533
1703,202,0.04098140448331833,0.9173077940940857,0.041710857301950455
1707,14,0.13454104959964752,0.7986964583396912,0.0667625144124031
1707,22,0.06073887273669243,0.9141461253166199,0.025114959105849266
1707,23,0.06492534279823303,0.816933274269104,0.11814140528440475
1707,28,0.06073887273669243,0.9141461253166199,0.025114959105849266
1707,35,0.08050753176212311,0.8800951838493347,0.039397235959768295
1707,37,0.09374332427978516,0.8574844002723694,0.048772260546684265
1707,48,0.08268631249666214,0.8852326273918152,0.032080989331007004
1707,118,0.09277555346488953,0.8602868318557739,0.04693757742643356
1707,131,0.025981811806559563,0.9020485877990723,0.07196957617998123
1711,35,0.0252841804176569,0.9030652046203613,0.07165055721998215
1711,51,0.024204006418585777,0.799044668674469,0.17675137519836426
1711,146,0.14507503807544708,0.7832380533218384,0.07168688625097275
1711,159,0.07077985256910324,0.8928225636482239,0.036397598683834076
1711,192,0.033282265067100525,0.9352535605430603,0.03146418556571007
1712,17,0.027873462066054344,0.9488629698753357,0.02326354943215847
1712,37,0.04053835943341255,0.7957630157470703,0.16369867324829102
1712,75,0.04514409229159355,0.9391615390777588,0.015694372355937958
1712,82,0.054816726595163345,0.8801787495613098,0.06500451266765594
1712,89,0.05737585574388504,0.9051356315612793,0.03748851269483566
1712,95,0.04717903211712837,0.9301319718360901,0.022689033299684525
1712,152,0.03089766949415207,0.8011640310287476,0.16793830692768097
1712,157,0.03006151132285595,0.9179992079734802,0.051939282566308975
1713,103,0.05074040964245796,0.9318758845329285,0.01738371141254902
1713,128,0.020466042682528496,0.9275882244110107,0.0519457682967186
1713,134,0.3591632544994354,0.4241849184036255,0.2166517823934555
1717,29,0.040611229836940765,0.9249781370162964,0.03441065177321434
1717,31,0.024189939722418785,0.6867150068283081,0.289095014333725
1717,35,0.18028956651687622,0.8065593242645264,0.013151138089597225
1727,10,0.04587428644299507,0.9211001992225647,0.03302544727921486
1727,13,0.8336716294288635,0.15655037760734558,0.009777996689081192
1727,80,0.050919052213430405,0.8654835224151611,0.08359741419553757
1727,87,0.07334218919277191,0.8768216371536255,0.049836110323667526
1730,23,0.11942228674888611,0.8348497748374939,0.0457279235124588
1730,55,0.057944994419813156,0.9023705124855042,0.039684414863586426
1730,114,0.03723706677556038,0.9094464182853699,0.05331657454371452
1731,85,0.044299639761447906,0.93830406665802,0.017396332696080208
1731,101,0.08631332963705063,0.8940091133117676,0.019677598029375076
1731,223,0.017468450590968132,0.8838071823120117,0.09872434288263321
1731,268,0.07265233248472214,0.9053585529327393,0.021989116445183754
1733,41,0.06538929045200348,0.8376784920692444,0.09693226218223572
1733,73,0.12153323739767075,0.8240405917167664,0.0544261634349823
1733,93,0.07731403410434723,0.8618109822273254,0.06087497994303703
1734,15,0.3591632544994354,0.4241849184036255,0.2166517823934555
1734,155,0.07798860222101212,0.9059677124023438,0.01604365184903145
1734,182,0.047938212752342224,0.9260768890380859,0.025984929874539375
1734,192,0.039593491703271866,0.9178605079650879,0.04254603013396263
1743,17,0.095298632979393,0.8526664972305298,0.052034892141819
1743,32,0.03968637064099312,0.9150258302688599,0.04528779536485672
1743,85,0.04516277089715004,0.8523604869842529,0.10247676819562912
1743,102,0.02395199052989483,0.8939631581306458,0.0820847898721695
1746,51,0.2862209379673004,0.47048714756965637,0.2432919442653656
1746,84,0.07643456757068634,0.8833800554275513,0.040185414254665375
1746,124,0.07002349942922592,0.8905143737792969,0.03946215659379959
1749,33,0.06765568256378174,0.8587124347686768,0.07363191246986389
1749,67,0.06476158648729324,0.9131492376327515,0.022089188918471336
1749,71,0.06684701889753342,0.8746577501296997,0.058495260775089264
1749,86,0.025893323123455048,0.9291996359825134,0.04490705952048302
1749,113,0.07090161740779877,0.9029181599617004,0.02618027664721012
1749,136,0.21184588968753815,0.751502275466919,0.036651864647865295
1750,2,0.03610888496041298,0.9362509250640869,0.02764021046459675
1750,38,0.050682298839092255,0.405464768409729,0.5438529849052429
1750,98,0.032790787518024445,0.919952929019928,0.047256290912628174
1753,56,0.09260474145412445,0.8505947589874268,0.05680053308606148
1753,85,0.10402225703001022,0.8447055816650391,0.05127221345901489
1753,129,0.04843585193157196,0.8935382962226868,0.05802588164806366
1759,7,0.037190280854701996,0.9300195574760437,0.03279019519686699
1759,9,0.0206340029835701,0.8883533477783203,0.0910126343369484
1759,72,0.031852077692747116,0.9031350016593933,0.06501293927431107
1759,76,0.028977520763874054,0.9363164305686951,0.03470602631568909
1761,5,0.3591632544994354,0.4241849184036255,0.2166517823934555
1761,6,0.06665682792663574,0.839641273021698,0.09370195865631104
1761,44,0.02390691265463829,0.9304706454277039,0.04562237858772278
1761,69,0.04079245775938034,0.9153867959976196,0.043820735067129135
1761,108,0.053035371005535126,0.7896182537078857,0.1573464274406433
1761,110,0.09099734574556351,0.8636033535003662,0.045399297028779984
1761,139,0.037358712404966354,0.9123932123184204,0.05024811998009682
1761,143,0.06484584510326385,0.8940946459770203,0.041059460490942
1761,154,0.08936601877212524,0.8678403496742249,0.04279365763068199
1761,217,0.11010367423295975,0.8441016674041748,0.04579465091228485
1774,51,0.044556282460689545,0.8744060397148132,0.08103767037391663
1774,75,0.035430047661066055,0.9339244961738586,0.030645443126559258
1774,80,0.0510820597410202,0.8726440072059631,0.07627398520708084
1774,122,0.03671008720993996,0.9304545521736145,0.032835353165864944
1774,330,0.033860210329294205,0.9098329544067383,0.05630684271454811
1774,336,0.035145461559295654,0.9195910692214966,0.045263491570949554
1775,17,0.045263417065143585,0.9171608090400696,0.03757569193840027
1775,37,0.050682298839092255,0.405464768409729,0.5438529849052429
1775,41,0.026593584567308426,0.9486201405525208,0.024786315858364105
1775,56,0.03987805172801018,0.9243178963661194,0.03580408915877342
1775,90,0.036511316895484924,0.9346196055412292,0.028869085013866425
1783,24,0.0361931174993515,0.9317138195037842,0.03209303691983223
1783,66,0.3591632544994354,0.4241849184036255,0.2166517823934555
1783,69,0.03226098418235779,0.9125478267669678,0.055191170424222946
1785,43,0.03315862640738487,0.9479815363883972,0.018859805539250374
1785,48,0.08506692945957184,0.8744298219680786,0.040503229945898056
1785,58,0.03886336833238602,0.49019208550453186,0.4709446132183075
1785,89,0.045286256819963455,0.9202256798744202,0.03448804095387459
1785,92,0.045286256819963455,0.9202256798744202,0.03448804095387459
1785,106,0.06533265858888626,0.9012041091918945,0.03346328064799309
1785,111,0.18096257746219635,0.8023620843887329,0.0166753139346838
1785,116,0.06674753874540329,0.9066891074180603,0.026563335210084915
1785,117,0.06492993235588074,0.8979883790016174,0.03708166256546974
1788,14,0.038283541798591614,0.9221680760383606,0.03954834118485451
1788,69,0.11066018790006638,0.8320136666297913,0.05732616037130356
1788,82,0.16157029569149017,0.8221959471702576,0.016233744099736214
1793,13,0.3591632544994354,0.4241849184036255,0.2166517823934555
1793,16,0.02929244376718998,0.9400496482849121,0.030657906085252762
1793,156,0.3455822169780731,0.6436176300048828,0.010800128802657127
1793,246,0.041511908173561096,0.915709912776947,0.04277821257710457
1794,55,0.037060800939798355,0.9202646613121033,0.04267458990216255
1794,179,0.048377737402915955,0.9099518060684204,0.041670508682727814
1794,205,0.051014672964811325,0.9067856669425964,0.04219966009259224
1818,97,0.06073887273669243,0.9141461253166199,0.025114959105849266
1818,107,0.06707208603620529,0.8669053912162781,0.06602250784635544
1818,115,0.035905200988054276,0.92389976978302,0.04019507020711899
1818,129,0.04678819701075554,0.9379463791847229,0.015265384688973427
1818,144,0.011102767661213875,0.029625767841935158,0.9592714309692383
1832,28,0.059616126120090485,0.9091477394104004,0.03123610094189644
1832,44,0.0452328585088253,0.9087873697280884,0.04597979784011841
1832,72,0.05425294116139412,0.9292872548103333,0.01645984686911106
1832,81,0.07809131592512131,0.8994122743606567,0.022496351972222328
1833,12,0.0326230488717556,0.9268944263458252,0.04048251360654831
1833,49,0.03781932592391968,0.9271154999732971,0.0350651852786541
1833,51,0.03141852468252182,0.9171376824378967,0.05144383758306503
1835,117,0.026265982538461685,0.9194758534431458,0.05425819382071495
1835,127,0.03773454204201698,0.8941861391067505,0.06807934492826462
1835,132,0.0321049727499485,0.8796972036361694,0.08819781243801117
1842,45,0.10026625543832779,0.8861454129219055,0.013588287867605686
1842,268,0.03442808985710144,0.8910677433013916,0.07450414448976517
1842,269,0.030923474580049515,0.8735148906707764,0.09556169807910919
1842,286,0.030729049816727638,0.937263548374176,0.03200739994645119
1842,292,0.03230490908026695,0.9090211391448975,0.0586739107966423
1843,53,0.10643884539604187,0.8488395810127258,0.04472153261303902
1843,89,0.04881345108151436,0.839492678642273,0.1116938591003418
1843,101,0.02322670817375183,0.9347684383392334,0.04200487211346626
1843,115,0.07270017266273499,0.8812255263328552,0.0460742823779583
1849,6,0.04928436130285263,0.9102795124053955,0.04043618589639664
1849,80,0.1570987105369568,0.7985081076622009,0.04439319670200348
1849,84,0.051758453249931335,0.9071401357650757,0.04110141843557358
1849,192,0.030605321750044823,0.9121042490005493,0.0572904534637928
1849,203,0.03145593777298927,0.8813807368278503,0.08716335147619247
1854,33,0.02376427873969078,0.9189041256904602,0.05733151733875275
1854,34,0.09164943546056747,0.8718042969703674,0.03654627874493599
1854,41,0.08668600767850876,0.8658827543258667,0.04743118956685066
1856,20,0.09855304658412933,0.8355283141136169,0.06591862440109253
1856,50,0.19704173505306244,0.677283763885498,0.1256745159626007
1856,130,0.06492993235588074,0.8979883790016174,0.03708166256546974
1859,22,0.019448181614279747,0.8977209329605103,0.08283091336488724
1859,46,0.04189474135637283,0.9262726902961731,0.031832557171583176
1859,93,0.06603483110666275,0.9185972213745117,0.015367879532277584
1859,190,0.024958405643701553,0.8991609811782837,0.07588063180446625
1864,7,0.09885179251432419,0.8080453276634216,0.09310290962457657
1864,16,0.03482021763920784,0.9281293153762817,0.037050459533929825
1864,26,0.0801977589726448,0.8910766243934631,0.02872556820511818
1864,28,0.10921471565961838,0.8364191055297852,0.05436611920595169
1864,85,0.06179063022136688,0.9045829176902771,0.033626433461904526
1864,130,0.07656578719615936,0.8792564868927002,0.04417767375707626
1864,140,0.10886992514133453,0.8470171689987183,0.044112928211688995
1864,152,0.03717997297644615,0.9092269539833069,0.05359303951263428
1864,157,0.08083029836416245,0.8728349208831787,0.04633473977446556
1864,183,0.024217380210757256,0.9297926425933838,0.0459899865090847
1864,213,0.10228940099477768,0.8808279633522034,0.016882702708244324
1866,28,0.026557208970189095,0.9278716444969177,0.045571159571409225
1866,39,0.0882682204246521,0.881057620048523,0.030674152076244354
1866,57,0.03471225127577782,0.93919438123703,0.026093337684869766
1866,69,0.05221965163946152,0.9251883625984192,0.022592026740312576
1866,88,0.3826276957988739,0.6035106182098389,0.013861732557415962
1866,131,0.028926776722073555,0.9333012700080872,0.03777198866009712
1866,139,0.028190016746520996,0.9041183590888977,0.0676916316151619
1866,145,0.11572940647602081,0.8707723617553711,0.013498225249350071
1867,14,0.03271900489926338,0.9346176981925964,0.03266327455639839
1867,16,0.06481508165597916,0.9081150889396667,0.02706979028880596
1867,107,0.044835496693849564,0.9062063694000244,0.048958178609609604
1867,122,0.044835496693849564,0.9062063694000244,0.048958178609609604
1867,218,0.030317915603518486,0.9247816205024719,0.04490048065781593
1868,46,0.058504294604063034,0.8865865468978882,0.054909151047468185
1868,71,0.08502736687660217,0.8439813256263733,0.07099131494760513
1868,126,0.02087314985692501,0.9238144755363464,0.055312380194664
1879,24,0.029741384088993073,0.9183923602104187,0.05186624825000763
1879,27,0.07270017266273499,0.8812255263328552,0.0460742823779583
1879,31,0.09307974576950073,0.8599911332130432,0.046929143369197845
1879,33,0.032307401299476624,0.9080333113670349,0.059659261256456375
1879,54,0.0594482421875,0.8780622482299805,0.06248951330780983
1879,74,0.03627321496605873,0.9407111406326294,0.0230157058686018
1880,21,0.032426875084638596,0.9213683009147644,0.04620476812124252
1880,57,0.026891125366091728,0.917259693145752,0.05584917590022087
1880,67,0.04463383927941322,0.939551055431366,0.0158151313662529
1884,11,0.07355717569589615,0.8865815997123718,0.0398612804710865
1884,59,0.07715478539466858,0.895679771900177,0.027165457606315613
1884,100,0.07928469777107239,0.87947678565979,0.04123850166797638
1884,103,0.03059290163218975,0.9356588125228882,0.03374823182821274
1890,31,0.044482678174972534,0.9137316942214966,0.04178565740585327
1890,106,0.07155018299818039,0.9034477472305298,0.025002090260386467
1890,117,0.0809747651219368,0.9024813175201416,0.016543976962566376
1892,6,0.07558859139680862,0.8756182193756104,0.04879317805171013
1892,49,0.19920967519283295,0.7035894393920898,0.09720084816217422
1892,53,0.027191797271370888,0.9326851963996887,0.04012302681803703
1892,55,0.022575069218873978,0.9306054711341858,0.04681946709752083
1896,38,0.039887599647045135,0.9334454536437988,0.026666948571801186
1896,51,0.03195337578654289,0.9245765209197998,0.04347009211778641
1896,104,0.036895591765642166,0.8678960204124451,0.09520840644836426
1896,109,0.03597536310553551,0.9028773307800293,0.0611472949385643
1897,96,0.030235307291150093,0.9367710947990417,0.032993558794260025
1897,104,0.5846834778785706,0.30334916710853577,0.11196742206811905
1897,143,0.0437900573015213,0.9247771501541138,0.03143281117081642
1899,36,0.12421908974647522,0.8580914735794067,0.017689429223537445
1899,58,0.04117913171648979,0.9042006731033325,0.054620228707790375
1899,68,0.04684318229556084,0.9287595152854919,0.024397341534495354
1899,105,0.10583969950675964,0.8545135259628296,0.03964676707983017
1900,77,0.05899323523044586,0.7839940786361694,0.15701265633106232
1900,115,0.02069098874926567,0.8855957388877869,0.09371326118707657
1900,144,0.03638467565178871,0.8944905996322632,0.0691247284412384
1900,152,0.07287624478340149,0.8924142122268677,0.034709494560956955
1901,42,0.07953624427318573,0.8913770914077759,0.029086703434586525
1901,60,0.05896764621138573,0.9140774011611938,0.02695498615503311
1901,80,0.03244280070066452,0.8989905714988708,0.06856659799814224
1901,109,0.1698967069387436,0.7648573517799377,0.06524591147899628
1901,114,0.11636623740196228,0.8439719080924988,0.039661914110183716
1906,5,0.03407008945941925,0.9419736862182617,0.02395624667406082
1906,22,0.14477483928203583,0.8444463014602661,0.010778837837278843
1906,70,0.08468848466873169,0.8778272867202759,0.037484247237443924
1906,116,0.09540954977273941,0.8633700013160706,0.04122046008706093
1911,9,0.028690306469798088,0.9174429774284363,0.053866710513830185
1911,33,0.02178647741675377,0.9278833270072937,0.05033019557595253
1911,47,0.02743460051715374,0.9013665318489075,0.07119887322187424
1912,21,0.039429448544979095,0.9210233688354492,0.03954723849892616
1912,26,0.2535665035247803,0.7249436974525452,0.021489830687642097
1912,60,0.043629806488752365,0.9290939569473267,0.027276277542114258
1918,26,0.02314961701631546,0.9451090097427368,0.03174135833978653
1918,30,0.06492993235588074,0.8979883790016174,0.03708166256546974
1918,239,0.032604824751615524,0.8124516606330872,0.1549435257911682
1922,61,0.13788649439811707,0.8253898024559021,0.03672371432185173
1922,161,0.05939541757106781,0.9098055958747864,0.030798902735114098
1922,175,0.022242335602641106,0.9122911095619202,0.06546659022569656
1922,176,0.023459721356630325,0.9061446785926819,0.07039564102888107
1922,250,0.03913891315460205,0.8813389539718628,0.07952214032411575
1922,272,0.03179055452346802,0.9335028529167175,0.03470661863684654
1922,282,0.02752274088561535,0.9399371147155762,0.032540082931518555
1924,34,0.03063349425792694,0.9381946921348572,0.03117176704108715
1924,57,0.02865646593272686,0.9405996203422546,0.03074396215379238
1924,117,0.02087314985692501,0.9238144755363464,0.055312380194664
1927,47,0.043220482766628265,0.5913934707641602,0.36538606882095337
1927,56,0.04928436130285263,0.9102795124053955,0.04043618589639664
1927,106,0.1584252268075943,0.8199180960655212,0.02165667526423931
1927,113,0.1045791506767273,0.8765449523925781,0.018875911831855774
1930,46,0.11068304628133774,0.8604667782783508,0.028850160539150238
1930,79,0.02879074588418007,0.9363490343093872,0.03486020863056183
1930,101,0.10367664694786072,0.8751451969146729,0.0211781095713377
1931,82,0.036859381943941116,0.9223372936248779,0.04080330207943916
1931,108,0.05059731379151344,0.9341779947280884,0.01522472221404314
1931,156,0.07415633648633957,0.8816875219345093,0.04415614530444145
1935,57,0.06583378463983536,0.9009020328521729,0.033264148980379105
1935,72,0.06486133486032486,0.8649501204490662,0.0701884925365448
1935,76,0.02906455658376217,0.9182063937187195,0.052729059010744095
1935,127,0.09691021591424942,0.8751503229141235,0.02793947607278824
1936,11,0.056002408266067505,0.8990026116371155,0.04499490559101105
1936,40,0.11668729782104492,0.8696562051773071,0.01365651749074459
1936,67,0.04811150208115578,0.9120941162109375,0.039794355630874634
1937,15,0.022501014173030853,0.9096488356590271,0.06785013526678085
1937,44,0.04928436130285263,0.9102795124053955,0.04043618589639664
1937,76,0.026031820103526115,0.8894577622413635,0.08451034128665924
1939,19,0.08083029836416245,0.8728349208831787,0.04633473977446556
1939,35,0.09388642758131027,0.7914584279060364,0.11465516686439514
1939,199,0.05993920564651489,0.8352792263031006,0.1047816202044487
1939,248,0.033318642526865005,0.929312527179718,0.0373687744140625
1940,22,0.09726846218109131,0.8523998260498047,0.05033167824149132
1940,23,0.0215021800249815,0.9045494794845581,0.07394835352897644
1940,63,0.08588642627000809,0.8799025416374207,0.03421103209257126
1942,31,0.04673990607261658,0.9075179696083069,0.045742057263851166
1942,95,0.09709082543849945,0.88374263048172,0.01916651241481304
1942,96,0.050556447356939316,0.9176267385482788,0.03181678056716919
1946,16,0.07350572198629379,0.8847875595092773,0.04170672968029976
1946,21,0.03724541515111923,0.8960039019584656,0.06675064563751221
1946,32,0.04242436960339546,0.8903297781944275,0.06724584847688675
1946,188,0.044972602277994156,0.9384101629257202,0.01661723479628563
1952,29,0.060501329600811005,0.8858567476272583,0.0536419041454792
1952,109,0.022507449612021446,0.8702663779258728,0.10722622275352478
1952,273,0.12022048979997635,0.24325720965862274,0.6365222930908203
1955,31,0.2728177607059479,0.714043915271759,0.013138269074261189
1955,49,0.043800558894872665,0.9300325512886047,0.026166869327425957
1955,50,0.05114472657442093,0.893134355545044,0.05572094768285751
1974,54,0.028152629733085632,0.9286046028137207,0.043242745101451874
1974,66,0.1042042076587677,0.8792127966880798,0.016582954674959183
1974,73,0.2605110704898834,0.7183447480201721,0.021144170314073563
1974,99,0.06292318552732468,0.9136417508125305,0.023435119539499283
1974,109,0.04186597838997841,0.9371103644371033,0.02102365903556347
1981,39,0.021032903343439102,0.9292976260185242,0.04966943711042404
1981,87,0.09640448540449142,0.8692649006843567,0.03433055430650711
1981,150,0.044482678174972534,0.9137316942214966,0.04178565740585327
1981,249,0.03304249048233032,0.9045674800872803,0.062389977276325226
1984,14,0.12519344687461853,0.8450826406478882,0.029723908752202988
1984,38,0.3591632544994354,0.4241849184036255,0.2166517823934555
1984,48,0.10213874280452728,0.5853510499000549,0.312510222196579
1984,73,0.08777536451816559,0.6850884556770325,0.22713613510131836
1985,40,0.03841235861182213,0.8930668234825134,0.06852079182863235
1985,73,0.08038721233606339,0.8980956077575684,0.021517230197787285
1985,134,0.036463335156440735,0.8968076705932617,0.06672898679971695
1993,7,0.022791683673858643,0.8951305150985718,0.08207782357931137
1993,27,0.030718976631760597,0.937903106212616,0.031377971172332764
1993,28,0.032745860517024994,0.9204192161560059,0.04683487489819527
1993,66,0.08369062840938568,0.8543648719787598,0.061944469809532166
1993,68,0.07739424705505371,0.9095041751861572,0.013101568445563316
1993,96,0.028734643012285233,0.926533043384552,0.044732268899679184
1993,105,0.07779134809970856,0.900023341178894,0.022185293957591057
1993,153,0.05709204077720642,0.8842061758041382,0.058701835572719574
1994,20,0.05369316786527634,0.8992531299591064,0.04705372825264931
1994,25,0.11556634306907654,0.8620621562004089,0.02237151749432087
1994,115,0.1747901290655136,0.808233380317688,0.016976507380604744
1995,11,0.3591632544994354,0.4241849184036255,0.2166517823934555
1995,12,0.5564228892326355,0.4067337214946747,0.0368434377014637
1995,82,0.03405606001615524,0.7155802249908447,0.25036370754241943
2005,37,0.033666640520095825,0.9418386220932007,0.024494718760252
2005,51,0.017862968146800995,0.9015839695930481,0.08055299520492554
2005,74,0.05639846995472908,0.9013373851776123,0.042264215648174286
2006,5,0.045801401138305664,0.9295939803123474,0.024604590609669685
2006,16,0.09396830946207047,0.8724888563156128,0.033542782068252563
2006,38,0.3591632544994354,0.4241849184036255,0.2166517823934555
2006,73,0.048123493790626526,0.8890138268470764,0.06286269426345825
2006,122,0.3591632544994354,0.4241849184036255,0.2166517823934555
2006,129,0.11352603137493134,0.8321258425712585,0.054348111152648926
2006,131,0.07613550871610641,0.8788025379180908,0.04506196454167366
2006,151,0.3890664875507355,0.5908227562904358,0.02011070027947426
2006,161,0.033601731061935425,0.8469426035881042,0.11945567280054092
2006,247,0.07760416716337204,0.8908785581588745,0.03151728957891464
2009,23,0.02284589782357216,0.927646279335022,0.04950784519314766
2009,26,0.3591632544994354,0.4241849184036255,0.2166517823934555
2009,38,0.023209214210510254,0.9121831059455872,0.06460767984390259
2009,95,0.02550562098622322,0.9478205442428589,0.026673851534724236
2009,126,0.026709454134106636,0.9446495771408081,0.02864101342856884
2009,167,0.040862858295440674,0.9315920472145081,0.027545154094696045
2012,9,0.22781990468502045,0.3024238646030426,0.46975621581077576
2012,17,0.053549934178590775,0.8985710144042969,0.04787902534008026
2012,53,0.10015377402305603,0.8810880184173584,0.0187582578510046
2013,11,0.027947761118412018,0.9285643100738525,0.04348798841238022
2013,68,0.03965385630726814,0.9301915764808655,0.03015454299747944
2013,75,0.031580667942762375,0.8730819225311279,0.0953373908996582
2013,100,0.15513546764850616,0.8232229351997375,0.021641625091433525
2013,135,0.03761057183146477,0.9126870632171631,0.04970240965485573
2013,141,0.051739998161792755,0.8921594619750977,0.056100498884916306
2013,185,0.052672069519758224,0.9141296148300171,0.03319834917783737
2017,21,0.07066989690065384,0.8780612349510193,0.05126885697245598
2017,34,0.1143779531121254,0.8384529948234558,0.0471690334379673
2017,127,0.05455688014626503,0.9272030591964722,0.018240055069327354
2017,147,0.30853599309921265,0.64106684923172,0.050397127866744995
2021,34,0.03174595907330513,0.9341483116149902,0.03410567715764046
2021,52,0.05710718408226967,0.9128431081771851,0.030049677938222885
2021,59,0.07400509715080261,0.8778998851776123,0.04809506982564926
2021,136,0.06252646446228027,0.8795938491821289,0.05787968263030052
2023,21,0.07653108984231949,0.7435882687568665,0.17988060414791107
2023,63,0.03414163738489151,0.9268185496330261,0.039039745926856995
2023,82,0.03440308943390846,0.3515978753566742,0.6139990091323853
2023,87,0.3591632544994354,0.4241849184036255,0.2166517823934555
2023,88,0.3591632544994354,0.4241849184036255,0.2166517823934555
2026,13,0.3591632544994354,0.4241849184036255,0.2166517823934555
2026,25,0.043982960283756256,0.9279879927635193,0.0280290637165308
2026,36,0.027873540297150612,0.9527040719985962,0.01942235231399536
2026,69,0.06926707923412323,0.8769017457962036,0.05383118987083435
2026,71,0.029494130983948708,0.933266282081604,0.03723955899477005
2028,1,0.12061242759227753,0.841901421546936,0.03748621791601181
2028,170,0.09479263424873352,0.820014238357544,0.08519308269023895
2028,242,0.30388763546943665,0.6250115036964417,0.07110083103179932
2030,54,0.06310449540615082,0.9095900654792786,0.02730540744960308
2030,72,0.3840167820453644,0.5878380537033081,0.028145141899585724
2030,93,0.050556447356939316,0.9176267385482788,0.03181678056716919
2030,101,0.04852111637592316,0.9052014946937561,0.04627738520503044
2030,115,0.028068071231245995,0.9030554890632629,0.06887643784284592
2035,31,0.048123493790626526,0.8890138268470764,0.06286269426345825
2035,40,0.15025213360786438,0.8332391977310181,0.016508720815181732
2035,57,0.022598236799240112,0.9065690636634827,0.07083264738321304
2035,80,0.3591632544994354,0.4241849184036255,0.2166517823934555
2035,104,0.3890664875507355,0.5908227562904358,0.02011070027947426
2035,114,0.033601731061935425,0.8469426035881042,0.11945567280054092
2035,191,0.048757392913103104,0.9288946390151978,0.02234795317053795
2039,39,0.16742011904716492,0.8168405890464783,0.015739284455776215
2039,174,0.040794942528009415,0.8787051439285278,0.08049986511468887
2039,185,0.13182587921619415,0.8467236161231995,0.021450521424412727
2039,193,0.0685437023639679,0.8890211582183838,0.0424351766705513
2040,3,0.07270017266273499,0.8812255263328552,0.0460742823779583
2040,16,0.026165718212723732,0.9516230821609497,0.02221117541193962
2040,19,0.048123493790626526,0.8890138268470764,0.06286269426345825
2040,30,0.039641913026571274,0.9221012592315674,0.038256775587797165
2040,40,0.3591632544994354,0.4241849184036255,0.2166517823934555
2040,41,0.0511261522769928,0.9048160314559937,0.04405779764056206
2040,47,0.08644182980060577,0.8593369722366333,0.05422121658921242
2040,54,0.03730282932519913,0.9216229319572449,0.041074238717556
2042,2,0.03507470712065697,0.9232762455940247,0.041649095714092255
2042,71,0.02640608511865139,0.8294951319694519,0.14409872889518738
2042,144,0.10466460883617401,0.8778024911880493,0.01753290370106697
2045,63,0.07041621953248978,0.8732936382293701,0.05629013478755951
2045,142,0.20478905737400055,0.7687528729438782,0.026458043605089188
2045,151,0.034744489938020706,0.9204971194267273,0.044758349657058716
2045,152,0.034106574952602386,0.9015834927558899,0.06430990993976593
2047,8,0.036832571029663086,0.9430302977561951,0.02013719268143177
2047,18,0.039629243314266205,0.9287546873092651,0.03161609172821045
2047,208,0.04471798613667488,0.9060682058334351,0.049213822931051254
2047,229,0.029653718695044518,0.9328303933143616,0.03751588612794876
2050,6,0.02314961701631546,0.9451090097427368,0.03174135833978653
2050,25,0.038891203701496124,0.9095085263252258,0.051600322127342224
2050,173,0.032088663429021835,0.9039499163627625,0.06396140158176422
2053,112,0.06583378463983536,0.9009020328521729,0.033264148980379105
2053,153,0.05246487259864807,0.9280112981796265,0.019523831084370613
2053,170,0.09152893722057343,0.4409037232398987,0.4675672948360443
2053,213,0.07446274906396866,0.8798327445983887,0.04570450261235237
2053,233,0.047368381172418594,0.9284600019454956,0.024171624332666397
2058,2,0.3591632544994354,0.4241849184036255,0.2166517823934555
2058,63,0.07350572198629379,0.8847875595092773,0.04170672968029976
2058,64,0.0692528635263443,0.897859513759613,0.03288765624165535
2058,111,0.035814039409160614,0.9345702528953552,0.029615700244903564
2058,132,0.023693079128861427,0.9334359765052795,0.042870961129665375
2067,158,0.04554283991456032,0.5820357799530029,0.37242141366004944
2067,227,0.0630105584859848,0.9220842719078064,0.014905177056789398
2067,228,0.03958674520254135,0.9194163680076599,0.040996816009283066
2068,5,0.0549280159175396,0.9002598524093628,0.04481208696961403
2068,22,0.03915989026427269,0.9243662357330322,0.03647385165095329
2068,27,0.026057781651616096,0.9236343502998352,0.05030783265829086
2068,59,0.026707861572504044,0.9438587427139282,0.029433365911245346
2069,22,0.04222691431641579,0.904245913028717,0.053527120500802994
2069,27,0.3591632544994354,0.4241849184036255,0.2166517823934555
2069,40,0.025147512555122375,0.9275099039077759,0.04734256491065025
2069,122,0.031761083751916885,0.909397304058075,0.05884164199233055
2069,193,0.06926707923412323,0.8769017457962036,0.05383118987083435
2070,1,0.11373858153820038,0.8368696570396423,0.04939177632331848
2070,3,0.07533964514732361,0.8784978985786438,0.046162448823451996
2070,64,0.02835134230554104,0.5545205473899841,0.4171280860900879
2070,82,0.14725437760353088,0.8253984451293945,0.02734716795384884
2070,106,0.06061280146241188,0.8996474742889404,0.039739783853292465
2070,181,0.061044447124004364,0.8987806439399719,0.040174949914216995
2071,15,0.08416111767292023,0.897789478302002,0.01804947480559349
2071,30,0.013662648387253284,0.07298149913549423,0.913355827331543
2071,34,0.04395751282572746,0.9139118790626526,0.042130570858716965
2071,157,0.0961107462644577,0.8562139272689819,0.047675326466560364
2073,7,0.21338243782520294,0.7070127725601196,0.07960481941699982
2073,20,0.032790787518024445,0.919952929019928,0.047256290912628174
2073,31,0.06404606252908707,0.8643108606338501,0.07164309173822403
2073,82,0.03217596560716629,0.7224261164665222,0.24539798498153687
2073,91,0.11220582574605942,0.8646705150604248,0.02312363311648369
2073,94,0.17441441118717194,0.8100799322128296,0.015505658462643623
2073,110,0.0747557207942009,0.887270450592041,0.03797385096549988
2076,13,0.02576097473502159,0.9165950417518616,0.057643990963697433
2076,16,0.08196014165878296,0.8836467862129211,0.0343930646777153
2076,19,0.024302147328853607,0.9349907636642456,0.040707044303417206
2076,58,0.041249390691518784,0.9223306179046631,0.036420032382011414
2094,24,0.02296236902475357,0.8462156057357788,0.1308220773935318
2094,30,0.024260688573122025,0.9390255212783813,0.036713775247335434
2094,40,0.053764406591653824,0.9072151780128479,0.03902040049433708
2094,41,0.07270017266273499,0.8812255263328552,0.0460742823779583
2094,43,0.06486133486032486,0.8649501204490662,0.0701884925365448
2096,110,0.02144523151218891,0.8803704380989075,0.09818433970212936
2096,215,0.06382887810468674,0.9183657169342041,0.017805343493819237
2096,218,0.055249448865652084,0.9006289839744568,0.04412151873111725
2096,223,0.031510043889284134,0.9235448837280273,0.044945068657398224
2103,29,0.03188933804631233,0.9440003633499146,0.02411036379635334
2103,115,0.026561154052615166,0.904193103313446,0.06924576312303543
2103,131,0.0393059104681015,0.9065786004066467,0.05411551892757416
2109,14,0.042462218552827835,0.9290854930877686,0.02845226787030697
2109,68,0.1107705682516098,0.8437166213989258,0.04551282897591591
2109,90,0.023405827581882477,0.9333617091178894,0.04323245584964752
2110,24,0.024132901802659035,0.9374697804450989,0.038397323340177536
2110,48,0.06252646446228027,0.8795938491821289,0.05787968263030052
2110,61,0.03238245099782944,0.9259957075119019,0.0416218638420105
2116,103,0.06786996871232986,0.8890330195426941,0.04309702292084694
2116,109,0.08506692945957184,0.8744298219680786,0.040503229945898056
2116,111,0.3591632544994354,0.4241849184036255,0.2166517823934555
2129,9,0.11734416335821152,0.8623577952384949,0.0202980674803257
2129,46,0.257659375667572,0.7292829751968384,0.013057632371783257
2129,50,0.16422927379608154,0.8149890899658203,0.02078159712255001
2129,53,0.021214472129940987,0.9352778196334839,0.04350762814283371
2130,2,0.23735958337783813,0.7423000931739807,0.02034032717347145
2130,44,0.07590845972299576,0.9096533060073853,0.014438282698392868
2130,52,0.042903970927000046,0.940267026424408,0.016829071566462517
2130,58,0.027385354042053223,0.7944872379302979,0.17812742292881012
2130,79,0.39559832215309143,0.5833281874656677,0.021073469892144203
2130,88,0.10761474817991257,0.8487210869789124,0.043664127588272095
2130,90,0.10101136565208435,0.8398431539535522,0.0591454952955246
2151,18,0.04835176095366478,0.8092027902603149,0.14244547486305237
2151,33,0.13974708318710327,0.8171326518058777,0.043120261281728745
2151,161,0.3591632544994354,0.4241849184036255,0.2166517823934555
2157,54,0.28484418988227844,0.6275047659873962,0.08765101432800293
2157,125,0.047633156180381775,0.8926709294319153,0.059695933014154434
2157,129,0.029964277520775795,0.8436676859855652,0.12636803090572357
2160,3,0.0483221709728241,0.8889199495315552,0.06275784224271774
2160,90,0.0529027096927166,0.8908113241195679,0.05628596618771553
2160,137,0.08252205699682236,0.8761886954307556,0.04128921031951904
2160,205,0.042097121477127075,0.9339476823806763,0.023955171927809715
2161,57,0.034443553537130356,0.8368626832962036,0.12869375944137573
2161,64,0.046028897166252136,0.9304528832435608,0.0235181525349617
2161,68,0.053011007606983185,0.9138857126235962,0.03310330584645271
2161,74,0.08551938086748123,0.8782429695129395,0.036237604916095734
2161,75,0.02513129450380802,0.9339510202407837,0.04091770201921463
2161,90,0.1070372462272644,0.8724086880683899,0.020554088056087494
2161,95,0.034228816628456116,0.9372776746749878,0.028493516147136688
2167,19,0.05202368274331093,0.9197145700454712,0.028261732310056686
2167,28,0.043451715260744095,0.9173229336738586,0.03922532498836517
2167,96,0.10101136565208435,0.8398431539535522,0.0591454952955246
2175,8,0.027117490768432617,0.9425552487373352,0.0303272046148777
2175,51,0.023223312571644783,0.9412997961044312,0.035476814955472946
2175,92,0.042488351464271545,0.9320068955421448,0.025504792109131813
2178,20,0.06073887273669243,0.9141461253166199,0.025114959105849266
2178,24,0.1109565943479538,0.8211606740951538,0.06788276135921478
2178,49,0.05235578492283821,0.9306022524833679,0.01704198494553566
2186,12,0.0975002869963646,0.8604695200920105,0.042030222713947296
2186,13,0.07558859139680862,0.8756182193756104,0.04879317805171013
2186,47,0.04867985472083092,0.9206499457359314,0.03067019023001194
2201,51,0.06379679590463638,0.9146902561187744,0.021512923762202263
2201,279,0.046710774302482605,0.9306668043136597,0.022622449323534966
2201,310,0.06129400432109833,0.9066750407218933,0.032030995935201645
2201,348,0.02182440273463726,0.938210129737854,0.039965514093637466
2202,1,0.07267527282238007,0.9094690680503845,0.017855651676654816
2202,85,0.03870158642530441,0.9391950964927673,0.02210330031812191
2202,112,0.08205397427082062,0.8731219172477722,0.04482414945960045
2202,141,0.036772217601537704,0.9396758079528809,0.02355201169848442
2202,210,0.06191926449537277,0.882462203502655,0.05561857670545578
2208,34,0.06536466628313065,0.8942503929138184,0.040384937077760696
2208,85,0.08594480901956558,0.8656498193740845,0.048405371606349945
2208,134,0.044471126049757004,0.9213621616363525,0.034166719764471054
2208,168,0.02991359680891037,0.9056064486503601,0.06447991728782654
2210,58,0.10436267405748367,0.8731557130813599,0.022481631487607956
2210,142,0.05362525209784508,0.8830883502960205,0.06328639388084412
2210,228,0.03819546848535538,0.9344192743301392,0.027385275810956955
2212,62,0.19068995118141174,0.799094021320343,0.01021604984998703
2212,104,0.04431711137294769,0.9216095209121704,0.03407331183552742
2212,126,0.05382782965898514,0.920212984085083,0.025959225371479988
2216,169,0.03762490674853325,0.8738327026367188,0.08854232728481293
2216,184,0.10733367502689362,0.8525345921516418,0.040131669491529465
2216,196,0.041569784283638,0.9338918328285217,0.024538325145840645
2216,217,0.0449301153421402,0.925592839717865,0.02947702817618847
2218,8,0.05009458586573601,0.8159400820732117,0.1339653879404068
2218,23,0.03056754544377327,0.9201931953430176,0.04923931509256363
2218,25,0.03067934140563011,0.9192349314689636,0.050085730850696564
2218,32,0.06670840829610825,0.882158100605011,0.051133476197719574
2218,42,0.03916208818554878,0.9190005660057068,0.04183736443519592
2218,73,0.11949293315410614,0.8182679414749146,0.0622391514480114
2218,95,0.06061280146241188,0.8996474742889404,0.039739783853292465
2218,101,0.11066018790006638,0.8320136666297913,0.05732616037130356
2218,124,0.04451587796211243,0.9112070798873901,0.04427705332636833
2218,150,0.09419914335012436,0.8734254837036133,0.03237533941864967
2222,34,0.026866229251027107,0.9127311706542969,0.06040261313319206
2222,45,0.043475668877363205,0.9386250972747803,0.01789918914437294
2222,55,0.07920972257852554,0.8527373671531677,0.06805285811424255
2223,27,0.0301173347979784,0.8648275136947632,0.10505517572164536
2223,99,0.05780359357595444,0.8905395269393921,0.05165693536400795
2223,120,0.026265982538461685,0.9194758534431458,0.05425819382071495
2225,3,0.06252646446228027,0.8795938491821289,0.05787968263030052
2225,35,0.04847314953804016,0.9332295060157776,0.01829737052321434
2225,42,0.6014982461929321,0.3776440918445587,0.02085769921541214
2227,20,0.0719388797879219,0.8857828378677368,0.042278241366147995
2227,35,0.09203387796878815,0.893858790397644,0.014107370749115944
2227,68,0.05172192305326462,0.8768388628959656,0.07143916189670563
2227,121,0.06519321352243423,0.9046722650527954,0.030134504660964012
2227,139,0.04259896278381348,0.8900647163391113,0.0673363134264946
2228,104,0.03855595365166664,0.4906725287437439,0.4707714915275574
2228,113,0.06540577858686447,0.8917695879936218,0.04282465949654579
2228,129,0.10054416209459305,0.8722773194313049,0.027178509160876274
2229,1,0.11373858153820038,0.8368696570396423,0.04939177632331848
2229,25,0.0707135796546936,0.8871163725852966,0.042170073837041855
2229,102,0.029454397037625313,0.9057270288467407,0.06481855362653732
2231,54,0.0304926335811615,0.8959152102470398,0.0735921710729599
2231,55,0.02638154849410057,0.8796578645706177,0.09396059811115265
2231,124,0.13979223370552063,0.7417674660682678,0.11844030022621155
2236,44,0.056722596287727356,0.9251212477684021,0.018156172707676888
2236,64,0.06047331914305687,0.9207135438919067,0.018813157454133034
2236,80,0.08502736687660217,0.8439813256263733,0.07099131494760513
2240,130,0.8924381732940674,0.09288088232278824,0.014680934138596058
2240,136,0.08509238064289093,0.9040436148643494,0.010864042676985264
2240,174,0.10101136565208435,0.8398431539535522,0.0591454952955246
2241,8,0.024149727076292038,0.9420247673988342,0.03382553160190582
2241,88,0.07021235674619675,0.8836433291435242,0.04614436253905296
2241,89,0.025015905499458313,0.8760658502578735,0.09891830384731293
2242,5,0.11373858153820038,0.8368696570396423,0.04939177632331848
2242,63,0.08962323516607285,0.8652424812316895,0.04513426125049591
2242,67,0.040699638426303864,0.9140971899032593,0.04520312324166298
2242,71,0.03257513418793678,0.9148913621902466,0.05253351852297783
2244,44,0.02384507842361927,0.9370155930519104,0.039139311760663986
2244,110,0.04702012613415718,0.9329860210418701,0.019993886351585388
2244,134,0.03662720322608948,0.9301506280899048,0.03322213888168335
2247,66,0.034772440791130066,0.929844319820404,0.035383209586143494
2247,71,0.082011878490448,0.8734398484230042,0.04454825073480606
2247,97,0.033677540719509125,0.9338703155517578,0.03245208412408829
2249,3,0.4014049470424652,0.5885627269744873,0.010032261721789837
2249,54,0.07554656267166138,0.9039653539657593,0.020488079637289047
2249,57,0.12984244525432587,0.7942039966583252,0.07595361024141312
2249,74,0.042309992015361786,0.9299802780151367,0.027709731832146645
2250,1,0.05515057593584061,0.8768499493598938,0.06799949705600739
2250,4,0.10155050456523895,0.8532350659370422,0.0452144555747509
2250,13,0.13856695592403412,0.8329857587814331,0.02844734489917755
2250,21,0.026410244405269623,0.9102563261985779,0.06333348900079727
2250,22,0.08536005020141602,0.8324530720710754,0.08218691498041153
2250,28,0.08321723341941833,0.8751046657562256,0.041678063571453094
2250,30,0.03584274277091026,0.9321209788322449,0.03203623741865158
2250,32,0.15122777223587036,0.8178001046180725,0.030972158536314964
2250,36,0.03904601186513901,0.9056113362312317,0.055342625826597214
2250,40,0.08839884400367737,0.8570083975791931,0.054592739790678024
2250,42,0.09220235049724579,0.8655205368995667,0.042277127504348755
2250,48,0.09267270565032959,0.8604559898376465,0.04687131196260452
2250,78,0.0665116161108017,0.8999247550964355,0.03356366604566574
2250,82,0.053764406591653824,0.9072151780128479,0.03902040049433708
2250,87,0.10733367502689362,0.8525345921516418,0.040131669491529465
2250,89,0.07920972257852554,0.8527373671531677,0.06805285811424255
2250,94,0.14671191573143005,0.8305453062057495,0.02274281531572342
2250,95,0.06647156924009323,0.9121503233909607,0.021378060802817345
2253,8,0.057944994419813156,0.9023705124855042,0.039684414863586426
2253,51,0.03604097291827202,0.8747026324272156,0.0892564132809639
2253,69,0.053121183067560196,0.920953094959259,0.025925777852535248
2253,70,0.04801499843597412,0.9294567108154297,0.022528285160660744
2253,96,0.03272050619125366,0.9236885905265808,0.043590907007455826
2253,101,0.03580022603273392,0.9213008284568787,0.04289896413683891
2253,184,0.012832005508244038,0.030312037095427513,0.9568559527397156
2258,6,0.03617141768336296,0.8714120388031006,0.09241653978824615
2258,26,0.027063582092523575,0.9398301243782043,0.033106300979852676
2258,34,0.022220822051167488,0.9370111227035522,0.04076804593205452
2261,19,0.08047106117010117,0.8705892562866211,0.04893968999385834
2261,74,0.09855304658412933,0.8355283141136169,0.06591862440109253
2261,151,0.06492993235588074,0.8979883790016174,0.03708166256546974
2265,2,0.09618997573852539,0.8797959685325623,0.0240140650421381
2265,7,0.0691402480006218,0.8893470764160156,0.041512731462717056
2265,14,0.0529027096927166,0.8908113241195679,0.05628596618771553
2265,31,0.046039946377277374,0.933461606502533,0.02049841172993183
2268,52,0.028293488547205925,0.9377966523170471,0.03390982374548912
2268,101,0.023707838729023933,0.9357190728187561,0.04057316482067108
2268,170,0.04164278879761696,0.9313603639602661,0.02699691615998745
2271,10,0.04928436130285263,0.9102795124053955,0.04043618589639664
2271,55,0.03681211546063423,0.9031688570976257,0.06001906469464302
2271,81,0.3591632544994354,0.4241849184036255,0.2166517823934555
2273,8,0.02524242363870144,0.9193112850189209,0.05544629693031311
2273,36,0.023277103900909424,0.9177305698394775,0.058992378413677216
2273,94,0.047807417809963226,0.9068149924278259,0.04537764564156532
2277,28,0.032442718744277954,0.9199088215827942,0.047648485749959946
2277,43,0.053510475903749466,0.9183003902435303,0.028189165517687798
2277,63,0.09938453882932663,0.39834073185920715,0.502274751663208
2288,93,0.0436088852584362,0.9179279208183289,0.03846324607729912
2288,96,0.04863233119249344,0.8856939673423767,0.06567369401454926
2288,198,0.05602925643324852,0.8466922044754028,0.09727855026721954
2288,206,0.03530014306306839,0.9347414374351501,0.029958371073007584
2288,219,0.04749095067381859,0.9124521613121033,0.04005683586001396
2288,236,0.048297569155693054,0.9036083817481995,0.04809402674436569
2288,240,0.0444188266992569,0.8963078856468201,0.05927331745624542
2305,1,0.024917569011449814,0.9370450377464294,0.03803744539618492
2305,52,0.05465861037373543,0.9260843396186829,0.01925703138113022
2305,60,0.04383177310228348,0.9237159490585327,0.032452292740345
2305,146,0.17984873056411743,0.7851537466049194,0.034997452050447464
2305,256,0.04319024458527565,0.9015336036682129,0.05527612939476967
2309,1,0.11373858153820038,0.8368696570396423,0.04939177632331848
2309,80,0.053220320492982864,0.9154639840126038,0.03131571784615517
2309,123,0.036286428570747375,0.9352589845657349,0.028454599902033806
2312,21,0.05092710256576538,0.9246870279312134,0.024385837838053703
2312,79,0.08588642627000809,0.8799025416374207,0.03421103209257126
2312,134,0.031136151403188705,0.9367586374282837,0.03210527077317238
2315,8,0.03701924905180931,0.9260704517364502,0.03691032901406288
2315,15,0.36201563477516174,0.5836649537086487,0.054319415241479874
2315,21,0.10154730081558228,0.8514418005943298,0.047010935842990875
2315,55,0.020733576267957687,0.8995097279548645,0.07975676655769348
2319,57,0.042788658291101456,0.9094580411911011,0.04775333032011986
2319,76,0.05593416094779968,0.8880256414413452,0.056040167808532715
2319,88,0.14100079238414764,0.8375929594039917,0.02140624076128006
2319,89,0.04794064164161682,0.9257535934448242,0.02630578726530075
2321,18,0.03170422464609146,0.9046102166175842,0.06368552893400192
2321,57,0.040500249713659286,0.9198578596115112,0.0396418459713459
2321,134,0.10101136565208435,0.8398431539535522,0.0591454952955246
2329,26,0.05274035781621933,0.8842520117759705,0.063007652759552
2329,98,0.1996290683746338,0.6854718923568726,0.11489903926849365
2329,197,0.038350190967321396,0.9328282475471497,0.028821568936109543
2330,56,0.07329225540161133,0.903557300567627,0.023150485008955002
2330,57,0.04721621423959732,0.939365565776825,0.013418173417448997
2330,81,0.036661796271800995,0.9273713231086731,0.035966865718364716
2330,209,0.3591632544994354,0.4241849184036255,0.2166517823934555
2332,4,0.03850369527935982,0.9337825775146484,0.02771374210715294
2332,48,0.028809433802962303,0.9370083808898926,0.034182190895080566
2332,53,0.12071920931339264,0.8643218278884888,0.014959007501602173
2332,94,0.050687581300735474,0.9257797598838806,0.023532608523964882
2335,142,0.08737871050834656,0.8719556331634521,0.040665678679943085
2335,171,0.3591632544994354,0.4241849184036255,0.2166517823934555
2335,172,0.07271517068147659,0.8985260725021362,0.028758781030774117
2335,179,0.09800354391336441,0.8516619801521301,0.05033450573682785
2335,181,0.03904467076063156,0.9176544547080994,0.04330086708068848
2335,182,0.05113410949707031,0.9212612509727478,0.02760458178818226
2335,190,0.042648617178201675,0.9264794588088989,0.03087197057902813
2335,206,0.06299483776092529,0.8897010087966919,0.04730420932173729
2335,207,0.02362390235066414,0.9073283672332764,0.06904776394367218
2335,273,0.11900006234645844,0.8377854824066162,0.04321445897221565
2335,274,0.08109693229198456,0.8745307326316833,0.0443723127245903
2335,283,0.06416001915931702,0.8912116289138794,0.04462836682796478
2335,311,0.07270017266273499,0.8812255263328552,0.0460742823779583
2335,358,0.08084087818861008,0.8746128678321838,0.04454619437456131
2335,391,0.03537130728363991,0.9299044013023376,0.03472425788640976
2335,395,0.07057016342878342,0.9039624333381653,0.025467369705438614
2335,404,0.02489018253982067,0.14802977442741394,0.8270800113677979
2335,406,0.07077985256910324,0.8928225636482239,0.036397598683834076
2335,407,0.03329554200172424,0.8779999017715454,0.08870455622673035
2335,431,0.10505463927984238,0.8619192242622375,0.03302620351314545
2335,454,0.04340294376015663,0.9187308549880981,0.03786624222993851
2335,459,0.10546767711639404,0.8601322770118713,0.03440002351999283
2336,5,0.02929394505918026,0.9262660145759583,0.044439975172281265
2336,13,0.07931053638458252,0.872905969619751,0.04778348281979561
2336,133,0.07174716889858246,0.8930016160011292,0.03525121137499809
2336,160,0.04099052771925926,0.9246857762336731,0.034323710948228836
2336,277,0.03754300996661186,0.9164525270462036,0.04600449278950691
2338,22,0.043167147785425186,0.924696683883667,0.03213619813323021
2338,28,0.0731598362326622,0.9035723209381104,0.02326791360974312
2338,29,0.2567375898361206,0.7015848755836487,0.04167754948139191
2338,74,0.10487894713878632,0.8723456859588623,0.02277534082531929
2349,29,0.06412314623594284,0.919410228729248,0.01646658033132553
2349,57,0.031177006661891937,0.8049831390380859,0.16383983194828033
2349,151,0.0899403989315033,0.8770308494567871,0.03302871808409691
2349,160,0.08630266040563583,0.894619882106781,0.019077470526099205
2350,4,0.09698459506034851,0.8849084377288818,0.018106942996382713
2350,5,0.025023534893989563,0.9439659118652344,0.03101048804819584
2350,27,0.025686975568532944,0.9395335912704468,0.03477941453456879
2350,99,0.0854511708021164,0.869086503982544,0.04546232521533966
2352,10,0.043113742023706436,0.9192874431610107,0.03759882226586342
2352,36,0.06906431168317795,0.9014020562171936,0.0295336302369833
2352,79,0.3285752236843109,0.6300894021987915,0.04133535921573639
2356,6,0.07270017266273499,0.8812255263328552,0.0460742823779583
2356,11,0.03289754316210747,0.9297363758087158,0.03736606240272522
2356,19,0.04413196071982384,0.9254931807518005,0.030374901369214058
2363,5,0.060930680483579636,0.9170176386833191,0.02205171436071396
2363,12,0.058056194335222244,0.9296491146087646,0.012294689193367958
2363,42,0.08668600767850876,0.8658827543258667,0.04743118956685066
2365,144,0.030265582725405693,0.8948028087615967,0.07493165880441666
2365,153,0.08083029836416245,0.8728349208831787,0.04633473977446556
2365,201,0.07174531370401382,0.8906358480453491,0.03761884197592735
2365,223,0.04117913171648979,0.9042006731033325,0.054620228707790375
2365,233,0.030800869688391685,0.9428649544715881,0.02633417211472988
2365,237,0.02676304057240486,0.8947262763977051,0.07851070165634155
2365,250,0.08083029836416245,0.8728349208831787,0.04633473977446556
2365,272,0.02607325091958046,0.9399735927581787,0.033953238278627396
2365,319,0.027843749150633812,0.9279625415802002,0.04419367387890816
2365,330,0.035613663494586945,0.9147065281867981,0.04967985674738884
2365,337,0.057198282331228256,0.8972890377044678,0.04551272839307785
2365,339,0.07077985256910324,0.8928225636482239,0.036397598683834076
2368,17,0.1207919716835022,0.8355832099914551,0.04362481087446213
2368,48,0.047807417809963226,0.9068149924278259,0.04537764564156532
2368,62,0.06326083093881607,0.9039405584335327,0.03279861807823181
2369,127,0.09571246802806854,0.8687251210212708,0.03556244820356369
2369,142,0.07920972257852554,0.8527373671531677,0.06805285811424255
2369,185,0.021529195830225945,0.9326358437538147,0.045835018157958984
2369,197,0.0277390256524086,0.9318647384643555,0.040396250784397125
2369,229,0.045641880482435226,0.9094865918159485,0.044871557503938675
2369,246,0.08533090353012085,0.8828399181365967,0.031829219311475754
2369,284,0.03190454840660095,0.6946049928665161,0.27349045872688293
2369,292,0.07270017266273499,0.8812255263328552,0.0460742823779583
2369,308,0.02657616324722767,0.8948991894721985,0.0785246267914772
2369,385,0.04539371654391289,0.8881909251213074,0.06641536206007004
2369,386,0.047136738896369934,0.9061437845230103,0.04671948775649071
2369,388,0.11926311999559402,0.7903083562850952,0.09042849391698837
2369,397,0.07270017266273499,0.8812255263328552,0.0460742823779583
2369,441,0.056613218039274216,0.8765207529067993,0.06686597317457199
2369,448,0.1374123990535736,0.8439669609069824,0.018620599061250687
2369,462,0.08083029836416245,0.8728349208831787,0.04633473977446556
2369,468,0.09800354391336441,0.8516619801521301,0.05033450573682785
2369,485,0.060029301792383194,0.8905453681945801,0.04942536726593971
2369,495,0.1226513683795929,0.8339003324508667,0.04344828054308891
2378,8,0.034830834716558456,0.9429517388343811,0.022217441350221634
2378,13,0.08048240095376968,0.8803493976593018,0.03916820511221886
2378,69,0.1303909569978714,0.8483780026435852,0.021231042221188545
2380,24,0.034949593245983124,0.9144541621208191,0.05059627816081047
2380,64,0.05070718750357628,0.9258663058280945,0.023426491767168045
2380,80,0.02256293222308159,0.931159257888794,0.04627784714102745
2381,31,0.034048546105623245,0.9371896386146545,0.028761865571141243
2381,45,0.030624093487858772,0.9417711496353149,0.0276047233492136
2381,138,0.026093637570738792,0.9415944218635559,0.03231197968125343
2391,47,0.03847581893205643,0.934082567691803,0.027441557496786118
2391,59,0.019969848915934563,0.9312424659729004,0.0487876795232296
2391,84,0.024224674329161644,0.9273452162742615,0.048430074006319046
2391,102,0.023802874609827995,0.9281188249588013,0.048078324645757675
2395,56,0.08493559062480927,0.8767144083976746,0.038349997252225876
2395,57,0.08083029836416245,0.8728349208831787,0.04633473977446556
2395,192,0.07920972257852554,0.8527373671531677,0.06805285811424255
2395,232,0.1667148619890213,0.7673178911209106,0.06596727669239044
2395,251,0.05549602210521698,0.8972283601760864,0.04727558046579361
2395,271,0.056181397289037704,0.899456262588501,0.04436234384775162
2395,292,0.07643456757068634,0.8833800554275513,0.040185414254665375
2395,303,0.07899598032236099,0.8639784455299377,0.057025566697120667
2395,340,0.040794942528009415,0.8787051439285278,0.08049986511468887
2395,386,0.12905803322792053,0.8274502754211426,0.043491657823324203
2395,399,0.3591632544994354,0.4241849184036255,0.2166517823934555
2395,423,0.05878179520368576,0.9069664478302002,0.03425173833966255
2395,424,0.03515321761369705,0.9195355176925659,0.045311253517866135
2395,426,0.040259797126054764,0.9101926684379578,0.04954753816127777
2395,487,0.0782199278473854,0.8889697790145874,0.03281022235751152
2395,489,0.1123943105340004,0.8708457350730896,0.016759948804974556
2395,528,0.06794898211956024,0.826529860496521,0.10552110522985458
2395,531,0.047780007123947144,0.880657970905304,0.0715620145201683
2395,554,0.05530606210231781,0.9199739694595337,0.024719979614019394
2395,567,0.042141057550907135,0.9353540539741516,0.022504908964037895
2395,594,0.3591632544994354,0.4241849184036255,0.2166517823934555
2397,26,0.047479093074798584,0.9000260233879089,0.052494898438453674
2397,28,0.07437463104724884,0.8865126967430115,0.03911268338561058
2397,43,0.08777543157339096,0.8995872735977173,0.012637303210794926
2401,4,0.0766567662358284,0.8789454698562622,0.044397808611392975
2401,10,0.3591632544994354,0.4241849184036255,0.2166517823934555
2401,11,0.05072016268968582,0.9217155575752258,0.02756430208683014
2401,24,0.07746963948011398,0.9017755389213562,0.020754873752593994
2401,26,0.04659105837345123,0.9160956144332886,0.03731326758861542
2401,31,0.08083029836416245,0.8728349208831787,0.04633473977446556
2401,32,0.3591632544994354,0.4241849184036255,0.2166517823934555
2401,41,0.07920972257852554,0.8527373671531677,0.06805285811424255
2401,54,0.10116750746965408,0.8713626265525818,0.027469899505376816
2401,77,0.02748391404747963,0.9321771264076233,0.040338899940252304
2401,92,0.3591632544994354,0.4241849184036255,0.2166517823934555
2401,93,0.07449539005756378,0.8890359401702881,0.03646870702505112
2401,95,0.04008021950721741,0.8873243927955627,0.07259532064199448
2401,97,0.07270017266273499,0.8812255263328552,0.0460742823779583
2401,109,0.04248572885990143,0.9323040246963501,0.025210225954651833
2401,114,0.10596825182437897,0.8580028414726257,0.0360289067029953
2414,91,0.07861077040433884,0.8656670451164246,0.05572213605046272
2414,93,0.2810821831226349,0.5634691119194031,0.15544869005680084
2414,103,0.02657616324722767,0.8948991894721985,0.0785246267914772
2414,182,0.10097652673721313,0.8551654815673828,0.04385802149772644
2414,183,0.09953989833593369,0.4913395047187805,0.4091206192970276
2414,200,0.036789197474718094,0.9372388124465942,0.025971973314881325
2414,203,0.11781575530767441,0.8256060481071472,0.05657827854156494
2414,204,0.03703209385275841,0.9117255210876465,0.05124235525727272
2414,205,0.06641487777233124,0.8800564408302307,0.05352872610092163
2414,328,0.06961189210414886,0.9060822129249573,0.024305909872055054
2414,374,0.1338719129562378,0.7882580757141113,0.07786998897790909
2414,384,0.037320327013731,0.9314932227134705,0.03118646703660488
2414,396,0.043474044650793076,0.8886190056800842,0.067906953394413
2414,410,0.02883126214146614,0.8915339708328247,0.07963478565216064
2414,462,0.09317498654127121,0.8725405931472778,0.03428443521261215
2414,523,0.11297117173671722,0.8652249574661255,0.021803878247737885
2414,528,0.06536466628313065,0.8942503929138184,0.040384937077760696
2418,59,0.24788007140159607,0.3353481590747833,0.4167717695236206
2418,78,0.021522467955946922,0.9169920086860657,0.06148551031947136
2418,135,0.026285819709300995,0.8793955445289612,0.09431860595941544
2419,59,0.020387597382068634,0.9137414693832397,0.06587094813585281
2419,76,0.03164273500442505,0.8631795644760132,0.10517768561840057
2419,113,0.5543358325958252,0.38660651445388794,0.05905766412615776
2419,115,0.03732765093445778,0.6446946859359741,0.3179776668548584
2419,144,0.036987703293561935,0.9299360513687134,0.03307625651359558
2425,16,0.10949287563562393,0.8530198931694031,0.037487246096134186
2425,58,0.937034547328949,0.046916063874959946,0.016049455851316452
2425,103,0.078762486577034,0.8823959231376648,0.03884158283472061
2428,2,0.049758441746234894,0.7278555035591125,0.22238609194755554
2428,6,0.07861077040433884,0.8656670451164246,0.05572213605046272
2428,9,0.1087183728814125,0.8365303874015808,0.054751187562942505
2428,88,0.0298001728951931,0.9289793968200684,0.04122041538357735
2428,94,0.02671368606388569,0.9006372094154358,0.07264911383390427
2428,102,0.02657616324722767,0.8948991894721985,0.0785246267914772
2428,106,0.30751705169677734,0.3728397488594055,0.3196432292461395
2428,114,0.03077825903892517,0.9372521042823792,0.031969621777534485
2428,136,0.03177516907453537,0.940726101398468,0.027498750016093254
2428,163,0.06677881628274918,0.8775976300239563,0.055623624473810196
2428,165,0.03333088010549545,0.9279893636703491,0.0386798121035099
2428,186,0.0480019710958004,0.9293821454048157,0.02261589653789997
2428,198,0.09482891112565994,0.8805598020553589,0.02461124397814274
2428,202,0.03475553169846535,0.9102749824523926,0.05496947467327118
2428,208,0.059315040707588196,0.848281741142273,0.09240321815013885
2428,210,0.3591632544994354,0.4241849184036255,0.2166517823934555
2428,221,0.05330559238791466,0.9256482720375061,0.02104606106877327
2428,245,0.3591632544994354,0.4241849184036255,0.2166517823934555
2428,262,0.03307335451245308,0.9184542298316956,0.048472460359334946
2428,289,0.13081702589988708,0.7955309152603149,0.07365205138921738
2428,293,0.02767048217356205,0.8958356976509094,0.07649380713701248
2428,310,0.04075264558196068,0.9324670433998108,0.026780281215906143
2428,316,0.05396421253681183,0.9152440428733826,0.030791763216257095
2428,318,0.06749565154314041,0.8751541376113892,0.05735025554895401
2428,330,0.056694887578487396,0.9132485389709473,0.03005656786262989
2428,366,0.10329118371009827,0.8671519756317139,0.029556870460510254
2428,386,0.05406541749835014,0.8963683843612671,0.04956619814038277
2428,387,0.04412773996591568,0.758597195148468,0.1972750723361969
2428,405,0.1348482072353363,0.8168094158172607,0.048342347145080566
2428,411,0.3591632544994354,0.4241849184036255,0.2166517823934555
2428,416,0.048330795019865036,0.8933336138725281,0.058335624635219574
2428,427,0.3591632544994354,0.4241849184036255,0.2166517823934555
2428,475,0.0266763586550951,0.8680718541145325,0.10525183379650116
2428,496,0.12531886994838715,0.8541855812072754,0.020495574921369553
2428,502,0.10733367502689362,0.8525345921516418,0.040131669491529465
2428,541,0.11868812888860703,0.8370105028152466,0.0443013496696949
2428,556,0.09800354391336441,0.8516619801521301,0.05033450573682785
2428,564,0.02423137053847313,0.9394651055335999,0.036303553730249405
2428,565,0.061058927327394485,0.8984548449516296,0.04048619046807289
2430,25,0.020170506089925766,0.923220157623291,0.05660934001207352
2430,56,0.05297280102968216,0.9257035255432129,0.021323682740330696
2430,76,0.04643769562244415,0.9335237741470337,0.020038548856973648
2430,105,0.02436453476548195,0.9269713759422302,0.04866409674286842
2430,232,0.0846666619181633,0.898485004901886,0.016848327592015266
2430,239,0.05102197825908661,0.925714910030365,0.023263180628418922
2430,276,0.3591632544994354,0.4241849184036255,0.2166517823934555
2430,308,0.04381830245256424,0.9260923862457275,0.03008926659822464
2434,0,0.03126605600118637,0.8638184070587158,0.10491548478603363
2434,57,0.021810593083500862,0.911325991153717,0.06686345487833023
2434,59,0.022380847483873367,0.8459406495094299,0.13167846202850342
2434,86,0.22167238593101501,0.732567310333252,0.04576028138399124
2434,88,0.16950391232967377,0.8104397058486938,0.020056337118148804
2434,89,0.04630293324589729,0.9172573089599609,0.03643977642059326
2434,94,0.3591632544994354,0.4241849184036255,0.2166517823934555
2435,137,0.053011491894721985,0.8742480874061584,0.07274048030376434
2435,210,0.11290637403726578,0.8338069319725037,0.05328666791319847
2435,237,0.07137363404035568,0.9089961051940918,0.01963023468852043
2435,322,0.03681059554219246,0.9227761030197144,0.04041324928402901
2441,17,0.09474536776542664,0.8725144863128662,0.032740142196416855
2441,58,0.11387357115745544,0.8545815944671631,0.03154483810067177
2441,71,0.02995293214917183,0.9311038851737976,0.038943156599998474
2441,76,0.05406127870082855,0.881190836429596,0.0647478923201561
2441,82,0.052760664373636246,0.7153991460800171,0.23184017837047577
2442,25,0.03675781935453415,0.9468137621879578,0.01642843894660473
2442,42,0.08284234255552292,0.8747056126594543,0.042451996356248856
2442,89,0.03251204267144203,0.9261471033096313,0.04134083539247513
2447,125,0.03392403945326805,0.9109588265419006,0.0551171749830246
2447,190,0.05454539135098457,0.9255686402320862,0.019885975867509842
2447,200,0.05916442349553108,0.9121500253677368,0.028685512021183968
2447,225,0.07081117480993271,0.9008141160011292,0.028374696150422096
2447,242,0.06541972607374191,0.9135540723800659,0.02102620340883732
2447,280,0.02423892542719841,0.9393062591552734,0.03645478934049606
2447,284,0.04790247231721878,0.8802622556686401,0.0718352198600769
2447,286,0.09967023134231567,0.8529746532440186,0.04735516756772995
2447,288,0.023377224802970886,0.9112377762794495,0.06538502871990204
2447,291,0.24011851847171783,0.5753436088562012,0.1845378577709198
2447,297,0.08842449635267258,0.8716921210289001,0.03988340124487877
2447,317,0.048123493790626526,0.8890138268470764,0.06286269426345825
2447,436,0.032228995114564896,0.8970403075218201,0.07073064148426056
2452,5,0.07862723618745804,0.895845353603363,0.025527462363243103
2452,22,0.027165072038769722,0.9407651424407959,0.03206982463598251
2452,53,0.023475700989365578,0.90842205286026,0.06810224056243896
2452,62,0.02626221254467964,0.927169919013977,0.04656780883669853
2452,70,0.05998911336064339,0.9245875477790833,0.015423317439854145
2452,88,0.04649213328957558,0.9312559962272644,0.022251885384321213
2452,95,0.21011269092559814,0.532551109790802,0.25733619928359985
2452,130,0.031452808529138565,0.9434394836425781,0.025107713416218758
2452,141,0.0269091185182333,0.9416178464889526,0.0314730629324913
2452,160,0.04259896278381348,0.8900647163391113,0.0673363134264946
2452,163,0.12235495448112488,0.7766517996788025,0.10099327564239502
2452,170,0.05379093065857887,0.8553472757339478,0.09086178243160248
2457,3,0.06539319455623627,0.8753877282142639,0.05921907350420952
2457,11,0.17807559669017792,0.7656723260879517,0.05625205487012863
2457,52,0.590866208076477,0.39390984177589417,0.015223962254822254
2457,64,0.05829489231109619,0.9218680262565613,0.019837062805891037
2457,138,0.06492993235588074,0.8979883790016174,0.03708166256546974
2458,49,0.3467760384082794,0.6072023510932922,0.046021588146686554
2458,189,0.06437262147665024,0.9024240374565125,0.03320334106683731
2458,266,0.03365644812583923,0.9296247363090515,0.03671879693865776
2458,283,0.06553291529417038,0.9140065908432007,0.02046050690114498
2458,313,0.049249112606048584,0.927177906036377,0.023572981357574463
2459,35,0.07706055045127869,0.9020426869392395,0.0208967886865139
2459,48,0.3591632544994354,0.4241849184036255,0.2166517823934555
2459,50,0.1075848937034607,0.850580632686615,0.04183446243405342
2460,18,0.13788649439811707,0.8253898024559021,0.03672371432185173
2460,35,0.019336530938744545,0.937690019607544,0.04297342523932457
2460,75,0.13788649439811707,0.8253898024559021,0.03672371432185173
2460,111,0.13788649439811707,0.8253898024559021,0.03672371432185173
2460,155,0.0845540389418602,0.8802535533905029,0.035192400217056274
2460,161,0.17085352540016174,0.7805232405662537,0.04862327501177788
2472,123,0.3591632544994354,0.4241849184036255,0.2166517823934555
2472,147,0.08481927961111069,0.8768311738967896,0.03834958001971245
2472,199,0.08083029836416245,0.8728349208831787,0.04633473977446556
2472,284,0.09678108990192413,0.8635260462760925,0.039692845195531845
2472,289,0.3591632544994354,0.4241849184036255,0.2166517823934555
2472,314,0.041449084877967834,0.927701473236084,0.030849415808916092
2472,324,0.030703550204634666,0.9293060898780823,0.03999035805463791
2472,405,0.04371867701411247,0.9251497983932495,0.031131520867347717
2472,415,0.14445720613002777,0.8285163044929504,0.027026550844311714
2472,444,0.07889511436223984,0.8847569227218628,0.036347974091768265
2472,446,0.03005407378077507,0.9202780723571777,0.0496678426861763
2472,503,0.029961805790662766,0.20780500769615173,0.7622331976890564
2472,538,0.03039601631462574,0.9251593947410583,0.04444456100463867
2472,546,0.059002626687288284,0.7804120779037476,0.16058532893657684
2472,574,0.033047866076231,0.9307573437690735,0.036194752901792526
2472,626,0.04071831330657005,0.9232837557792664,0.035997919738292694
2472,629,0.04042908921837807,0.9318056106567383,0.027765274047851562
2472,651,0.12246659398078918,0.8257964253425598,0.051736991852521896
2472,676,0.3591632544994354,0.4241849184036255,0.2166517823934555
2472,706,0.11540253460407257,0.8642242550849915,0.02037329599261284
2478,34,0.043303292244672775,0.9379134774208069,0.018783241510391235
2478,49,0.03056570142507553,0.9334226846694946,0.03601157292723656
2478,86,0.022859320044517517,0.9258617162704468,0.051278937608003616
2478,136,0.0657687559723854,0.8817075490951538,0.05252363532781601
2479,12,0.024630531668663025,0.895888090133667,0.07948140054941177
2479,41,0.021678784862160683,0.9181739687919617,0.06014726683497429
2479,78,0.05197658762335777,0.9303540587425232,0.017669392749667168
2479,121,0.3591632544994354,0.4241849184036255,0.2166517823934555
2479,156,0.035834021866321564,0.9250613451004028,0.03910459205508232
2479,288,0.04888575151562691,0.8759394884109497,0.07517475634813309
2479,293,0.0735723227262497,0.8893086910247803,0.03711893782019615
2480,27,0.11347943544387817,0.8392534852027893,0.04726705700159073
2480,46,0.03984644263982773,0.9088853001594543,0.05126827210187912
2480,118,0.03464941680431366,0.6862303614616394,0.27912020683288574
2480,140,0.061962373554706573,0.904621422290802,0.03341618552803993
2480,188,0.06131370738148689,0.8963453769683838,0.04234084114432335
2480,190,0.08717742562294006,0.8740733861923218,0.03874920308589935
2481,26,0.07036582380533218,0.615731954574585,0.31390222907066345
2481,170,0.030193787068128586,0.9043511748313904,0.06545504182577133
2481,198,0.058001622557640076,0.9059957265853882,0.036002691835165024
2481,199,0.023590313270688057,0.9287506937980652,0.0476590171456337
2481,215,0.10675347596406937,0.872426450252533,0.02082008682191372
2481,223,0.0897388756275177,0.8817895650863647,0.02847154624760151
2481,225,0.05589737370610237,0.9203521609306335,0.02375040203332901
2481,228,0.03685247153043747,0.9086827039718628,0.05446486920118332
2481,232,0.06357792019844055,0.9182297587394714,0.018192317336797714
2481,234,0.09474536776542664,0.8725144863128662,0.032740142196416855
2481,252,0.07077985256910324,0.8928225636482239,0.036397598683834076
2481,264,0.022303003817796707,0.9264894723892212,0.051207516342401505
2481,286,0.06266722828149796,0.9186913967132568,0.018641361966729164
2481,299,0.09640448540449142,0.8692649006843567,0.03433055430650711
2481,311,0.08990895748138428,0.8271231651306152,0.0829678475856781
2481,312,0.06912454962730408,0.8612651228904724,0.06961029022932053
2481,318,0.024102605879306793,0.3238154649734497,0.6520819664001465
2481,319,0.04428999871015549,0.9178893566131592,0.037820711731910706
2481,326,0.026046765968203545,0.9314683079719543,0.04248490929603577
2481,347,0.06677881628274918,0.8775976300239563,0.055623624473810196
2481,372,0.05538100749254227,0.9125794172286987,0.032039541751146317
2481,382,0.3591632544994354,0.4241849184036255,0.2166517823934555
2481,399,0.022160526365041733,0.9332787394523621,0.044560790061950684
2481,407,0.051879048347473145,0.43255341053009033,0.5155675411224365
2481,417,0.0562424436211586,0.9069265723228455,0.036830998957157135
2481,423,0.07077985256910324,0.8928225636482239,0.036397598683834076
2481,457,0.10140444338321686,0.8567653894424438,0.04183012247085571
2481,476,0.032812315970659256,0.9061002135276794,0.0610874742269516
2481,507,0.07077985256910324,0.8928225636482239,0.036397598683834076
2481,515,0.029114728793501854,0.9342299103736877,0.03665538132190704
2481,566,0.023664114996790886,0.9137523174285889,0.0625835657119751
2481,618,0.09726462513208389,0.8625593781471252,0.04017599672079086
2481,629,0.07128053158521652,0.8994128704071045,0.02930656634271145
2481,667,0.07079942524433136,0.8864002823829651,0.04280029237270355
2481,669,0.14900369942188263,0.8271640539169312,0.02383221872150898
2481,709,0.04158194735646248,0.9338422417640686,0.024575794115662575
2484,12,0.06732072681188583,0.9034069776535034,0.02927226759493351
2484,32,0.09166748076677322,0.8815142512321472,0.02681829035282135
2484,57,0.040794819593429565,0.9201774597167969,0.039027705788612366
2487,43,0.02989240735769272,0.8964349627494812,0.07367262244224548
2487,232,0.12738746404647827,0.8428073525428772,0.029805194586515427
2487,253,0.03327362984418869,0.9434341788291931,0.023292193189263344
2489,30,0.05990724638104439,0.9029804468154907,0.03711230307817459
2489,53,0.09474554657936096,0.8929688930511475,0.012285585515201092
2489,60,0.03783601522445679,0.9177371859550476,0.04442683979868889
2489,106,0.08717742562294006,0.8740733861923218,0.03874920308589935
2491,9,0.026409076526761055,0.9391028881072998,0.034488026052713394
2491,18,0.034970723092556,0.9278693795204163,0.03715994581580162
2491,42,0.05420178920030594,0.8704186081886292,0.07537960261106491
2492,55,0.11832074820995331,0.8685349225997925,0.013144328258931637
2492,149,0.026396645233035088,0.933387279510498,0.040216121822595596
2492,209,0.031526148319244385,0.9436487555503845,0.02482515387237072
2492,215,0.024905957281589508,0.9265241622924805,0.04856985807418823
2492,227,0.034146808087825775,0.9415855407714844,0.024267658591270447
2492,233,0.03178836777806282,0.9440058469772339,0.024205777794122696
2492,241,0.09332383424043655,0.861095666885376,0.04558055102825165
2494,18,0.055085159838199615,0.9272798895835876,0.017634928226470947
2494,75,0.031009890139102936,0.9359863996505737,0.03300364688038826
2494,95,0.058631233870983124,0.9149549603462219,0.026413775980472565
2494,120,0.028600016608834267,0.9433633089065552,0.028036704286932945
2516,95,0.06636044383049011,0.920844316482544,0.01279526762664318
2516,149,0.06331201642751694,0.899964451789856,0.0367235504090786
2516,151,0.04274095967411995,0.8900507092475891,0.06720826029777527
2516,158,0.09735534340143204,0.8502188920974731,0.052425816655159
2516,164,0.21200643479824066,0.7613192200660706,0.026674313470721245
2516,166,0.09319997578859329,0.8577317595481873,0.04906827583909035
2516,177,0.06749565154314041,0.8751541376113892,0.05735025554895401
2516,193,0.044482678174972534,0.9137316942214966,0.04178565740585327
2516,216,0.09230118244886398,0.8558424115180969,0.05185636132955551
2516,234,0.08580536395311356,0.8704177141189575,0.043776899576187134
2516,303,0.06427175551652908,0.8863251209259033,0.0494031086564064
2516,341,0.09462067484855652,0.8627759218215942,0.04260342940688133
2516,374,0.07920972257852554,0.8527373671531677,0.06805285811424255
2516,455,0.033668965101242065,0.741773784160614,0.22455722093582153
2516,469,0.03238245099782944,0.9259957075119019,0.0416218638420105
2516,477,0.05750785395503044,0.9141352772712708,0.02835688181221485
2516,546,0.05328667163848877,0.8758826851844788,0.07083062827587128
2516,576,0.03507751226425171,0.9219828844070435,0.04293958842754364
2516,578,0.04745108261704445,0.9292622208595276,0.023286698386073112
2516,582,0.06412314623594284,0.919410228729248,0.01646658033132553
2520,11,0.024821143597364426,0.9241335391998291,0.05104530602693558
2520,14,0.2649112343788147,0.5625458359718323,0.17254292964935303
2520,57,0.06574675440788269,0.9111145734786987,0.02313867025077343
2521,68,0.024467406794428825,0.9255632162094116,0.04996936768293381
2521,83,0.0542164221405983,0.9135470390319824,0.03223660960793495
2521,155,0.07920972257852554,0.8527373671531677,0.06805285811424255
2526,15,0.16361163556575775,0.8205369710922241,0.01585138589143753
2526,62,0.3591632544994354,0.4241849184036255,0.2166517823934555
2526,68,0.045185815542936325,0.8905064463615417,0.06430774927139282
2526,118,0.09635269641876221,0.8868043422698975,0.016842976212501526
2526,129,0.07498688995838165,0.8784831166267395,0.04653000086545944
2526,132,0.04384562373161316,0.9186325669288635,0.03752187266945839
2526,150,0.08712337911128998,0.8605910539627075,0.05228550732135773
2526,168,0.04201073572039604,0.8799574375152588,0.07803182303905487
2526,179,0.08556211739778519,0.8606420755386353,0.05379578098654747
2526,180,0.08965996652841568,0.8587629795074463,0.05157702788710594
2526,185,0.026692647486925125,0.6859873533248901,0.28731998801231384
2533,23,0.07892227172851562,0.9068880081176758,0.014189713634550571
2533,38,0.16016793251037598,0.825634777545929,0.01419732067734003
2533,75,0.032675791531801224,0.9411453008651733,0.026178939267992973
2536,37,0.03904601186513901,0.9056113362312317,0.055342625826597214
2536,116,0.038641780614852905,0.9035816192626953,0.05777653306722641
2536,128,0.03238245099782944,0.9259957075119019,0.0416218638420105
2537,49,0.0734916478395462,0.694194495677948,0.232313871383667
2537,57,0.030830401927232742,0.9159770011901855,0.05319260060787201
2537,143,0.09726462513208389,0.8625593781471252,0.04017599672079086
2545,32,0.046601664274930954,0.8790431022644043,0.07435522228479385
2545,37,0.0575433075428009,0.8830398917198181,0.05941682681441307
2545,79,0.10051614791154861,0.8752480149269104,0.02423582784831524
2545,128,0.10691122710704803,0.837271511554718,0.05581732094287872
2545,162,0.14066551625728607,0.8369145393371582,0.022419927641749382
2545,187,0.10422296077013016,0.853055477142334,0.04272153228521347
2545,199,0.029198579490184784,0.9393216371536255,0.031479764729738235
2545,209,0.032912272959947586,0.9247722625732422,0.042315542697906494
2545,219,0.022912655025720596,0.9379851222038269,0.039102230221033096
2545,229,0.04340294376015663,0.9187308549880981,0.03786624222993851
2545,251,0.031452808529138565,0.9434394836425781,0.025107713416218758
2545,275,0.05985260754823685,0.9149959683418274,0.025151388719677925
2545,346,0.08130069077014923,0.33766859769821167,0.5810306668281555
2545,351,0.3591632544994354,0.4241849184036255,0.2166517823934555
2547,95,0.024572337046265602,0.941088855266571,0.0343388132750988
2547,107,0.04897337406873703,0.9235296249389648,0.027496950700879097
2547,108,0.04829011112451553,0.9145355224609375,0.037174370139837265
2548,23,0.047271911054849625,0.9289150238037109,0.023813115432858467
2548,83,0.0975002869963646,0.8604695200920105,0.042030222713947296
2548,168,0.8285509943962097,0.08634141832590103,0.08510759472846985
2551,114,0.09649784117937088,0.8373773097991943,0.06612484902143478
2551,188,0.0348605252802372,0.9278712868690491,0.03726816549897194
2551,289,0.04020541161298752,0.9264240860939026,0.03337051346898079
2552,74,0.039631519466638565,0.7229539752006531,0.23741450905799866
2552,81,0.029134802520275116,0.9338471293449402,0.037018030881881714
2552,96,0.024137422442436218,0.043235622346401215,0.9326269030570984
2552,124,0.21848291158676147,0.7671046257019043,0.01441246923059225
2555,13,0.06015237048268318,0.9197604656219482,0.020087162032723427
2555,27,0.030184878036379814,0.9273812174797058,0.04243392124772072
2555,42,0.06983707845211029,0.8969931602478027,0.03316983953118324
2555,66,0.09099734574556351,0.8636033535003662,0.045399297028779984
2563,44,0.027812989428639412,0.9396858215332031,0.03250119835138321
2563,49,0.028871091082692146,0.9443635940551758,0.026765285059809685
2563,56,0.03714342415332794,0.9285643696784973,0.03429216146469116
2563,71,0.04504120349884033,0.921928882598877,0.033029865473508835
2563,115,0.032918449491262436,0.938838541507721,0.02824299782514572
2563,165,0.04102639853954315,0.8407705426216125,0.11820303648710251
2563,187,0.13788649439811707,0.8253898024559021,0.03672371432185173
2563,202,0.027261316776275635,0.938266396522522,0.034472305327653885
2566,10,0.026587745174765587,0.928555428981781,0.04485685005784035
2566,41,0.09726462513208389,0.8625593781471252,0.04017599672079086
2566,181,0.02726663090288639,0.9384264349937439,0.03430695831775665
2566,216,0.043015506118535995,0.9369171261787415,0.02006739191710949
2566,249,0.3591632544994354,0.4241849184036255,0.2166517823934555
2566,290,0.22402390837669373,0.6554198861122131,0.12055615335702896
2566,293,0.05439411848783493,0.9112343788146973,0.034371450543403625
2566,320,0.07270017266273499,0.8812255263328552,0.0460742823779583
2566,349,0.3591632544994354,0.4241849184036255,0.2166517823934555
2566,351,0.3591632544994354,0.4241849184036255,0.2166517823934555
2570,53,0.05013784393668175,0.9321593046188354,0.017702793702483177
2570,101,0.07164301723241806,0.8842741847038269,0.04408276826143265
2570,116,0.055763401091098785,0.9119557738304138,0.03228078782558441
2570,178,0.05123689025640488,0.9316425323486328,0.017120536416769028
2570,324,0.0243893563747406,0.9283347129821777,0.047275934368371964
2574,33,0.11846967786550522,0.7661274671554565,0.11540284007787704
2574,103,0.027083391323685646,0.9362227320671082,0.03669389337301254
2574,142,0.03852219879627228,0.9403218030929565,0.021156039088964462
2574,197,0.04928436130285263,0.9102795124053955,0.04043618589639664
2574,212,0.02310187742114067,0.9326870441436768,0.04421106353402138
2574,230,0.032623160630464554,0.723082423210144,0.24429439008235931
2574,321,0.044038448482751846,0.9214352965354919,0.034526191651821136
2579,5,0.08148390799760818,0.8619647026062012,0.05655132234096527
2579,51,0.044672641903162,0.9103644490242004,0.04496292397379875
2579,76,0.05938372388482094,0.9063814282417297,0.034234825521707535
2579,95,0.3591632544994354,0.4241849184036255,0.2166517823934555
2579,104,0.07224198430776596,0.8876649737358093,0.040093034505844116
2579,106,0.07412584871053696,0.896453857421875,0.02942029945552349
2583,90,0.028768358752131462,0.9047762155532837,0.06645548343658447
2583,148,0.05888364464044571,0.9188412427902222,0.022275149822235107
2583,160,0.07875818759202957,0.9090929627418518,0.012148850597441196
2584,23,0.05746978893876076,0.9160313010215759,0.02649887651205063
2584,32,0.1440550982952118,0.8317432999610901,0.024201542139053345
2584,161,0.04822275787591934,0.9044342041015625,0.047343093901872635
2584,177,0.026894155889749527,0.9033531546592712,0.06975263357162476
2585,36,0.025095216929912567,0.9365538358688354,0.03835092484951019
2585,53,0.02786020189523697,0.8945910334587097,0.07754869759082794
2585,91,0.028419634327292442,0.9475906491279602,0.02398964948952198
2588,1,0.06351687014102936,0.9167951941490173,0.019687984138727188
2588,134,0.09762774407863617,0.8646254539489746,0.0377468504011631
2588,181,0.038641780614852905,0.9035816192626953,0.05777653306722641
2588,192,0.04146900400519371,0.9272687435150146,0.03126223012804985
2588,199,0.02492748573422432,0.9240171909332275,0.05105534940958023
2588,219,0.038911595940589905,0.9090221524238586,0.05206627398729324
2588,225,0.02709132805466652,0.9388733506202698,0.034035298973321915
2588,297,0.05296628549695015,0.7999980449676514,0.14703574776649475
2588,301,0.3591632544994354,0.4241849184036255,0.2166517823934555
2588,311,0.0370488166809082,0.9213413000106812,0.041609905660152435
2588,313,0.07887721806764603,0.8998825550079346,0.021240249276161194
2588,371,0.05441619083285332,0.9073308110237122,0.03825303912162781
2588,377,0.06677881628274918,0.8775976300239563,0.055623624473810196
2588,408,0.028108930215239525,0.9245747923851013,0.04731624200940132
2588,410,0.050556447356939316,0.9176267385482788,0.03181678056716919
2588,425,0.017377905547618866,0.7842894792556763,0.19833257794380188
2588,429,0.10131669044494629,0.8538694381713867,0.04481390863656998
2588,430,0.04190629720687866,0.903696596622467,0.05439707636833191
2588,438,0.09800354391336441,0.8516619801521301,0.05033450573682785
2588,447,0.3591632544994354,0.4241849184036255,0.2166517823934555
2588,497,0.1284165233373642,0.8254243731498718,0.04615907371044159
2588,505,0.03336048126220703,0.9388548731803894,0.0277846846729517
2588,508,0.08716881275177002,0.8623152375221252,0.050515927374362946
2588,509,0.033512379974126816,0.9120564460754395,0.05443115904927254
2588,522,0.02657616324722767,0.8948991894721985,0.0785246267914772
2588,527,0.029901346191763878,0.867087721824646,0.10301093012094498
2588,531,0.04412773996591568,0.758597195148468,0.1972750723361969
2588,558,0.09881772100925446,0.8477264046669006,0.05345583334565163
2588,560,0.10684563964605331,0.8504911065101624,0.04266331344842911
2591,71,0.030879324302077293,0.8977718949317932,0.07134884595870972
2591,76,0.06473033875226974,0.9028880000114441,0.03238166123628616
2591,102,0.13788649439811707,0.8253898024559021,0.03672371432185173
2591,254,0.049423690885305405,0.9201923608779907,0.030383924022316933
2592,7,0.10288561135530472,0.8795247673988342,0.017589585855603218
2592,14,0.048282425850629807,0.9260331988334656,0.025684313848614693
2592,25,0.09501802176237106,0.8620131611824036,0.042968835681676865
2592,113,0.09365720301866531,0.8628519773483276,0.04349086061120033
2605,22,0.06252646446228027,0.8795938491821289,0.05787968263030052
2605,27,0.048400286585092545,0.930820643901825,0.020779041573405266
2605,56,0.08162949979305267,0.893482506275177,0.024887965992093086
2605,68,0.07067229598760605,0.8969812393188477,0.03234640881419182
2605,142,0.020075660198926926,0.927395224571228,0.052529141306877136
2605,251,0.04410261660814285,0.9351459741592407,0.02075142227113247
2606,17,0.07715478539466858,0.895679771900177,0.027165457606315613
2606,111,0.02640148438513279,0.9338642358779907,0.03973430395126343
2606,142,0.022853173315525055,0.9398658275604248,0.03728095814585686
2606,153,0.07802644371986389,0.8905758261680603,0.03139772638678551
2614,42,0.04294632375240326,0.8761710524559021,0.08088259398937225
2614,128,0.09881772100925446,0.8477264046669006,0.05345583334565163
2614,173,0.036551181226968765,0.9402728080749512,0.023176006972789764
2614,210,0.034186799079179764,0.9125635623931885,0.053249675780534744
2614,254,0.10154730081558228,0.8514418005943298,0.047010935842990875
2614,325,0.04325670748949051,0.9280694127082825,0.02867385931313038
2614,352,0.05775497108697891,0.9231012463569641,0.019143754616379738
2614,394,0.02167494408786297,0.9153846502304077,0.06294042617082596
2614,423,0.03753495588898659,0.9292327761650085,0.03323221206665039
2614,424,0.3591632544994354,0.4241849184036255,0.2166517823934555
2614,430,0.028009986504912376,0.9403437376022339,0.031646277755498886
2614,444,0.09529589861631393,0.8592613935470581,0.045442674309015274
2614,463,0.04291847348213196,0.9374382495880127,0.019643226638436317
2614,480,0.07334218919277191,0.8768216371536255,0.049836110323667526
2614,488,0.3591632544994354,0.4241849184036255,0.2166517823934555
2618,102,0.0886906161904335,0.8902220726013184,0.0210872869938612
2618,118,0.21448607742786407,0.7558059096336365,0.029708078131079674
2618,149,0.04806603863835335,0.9269328713417053,0.02500111237168312
2618,170,0.060029301792383194,0.8905453681945801,0.04942536726593971
2619,7,0.0225454643368721,0.9427586197853088,0.03469592705368996
2619,9,0.0356123112142086,0.9280440807342529,0.03634361922740936
2619,11,0.03239252790808678,0.9255725145339966,0.042034976184368134
2625,23,0.029728475958108902,0.9389006495475769,0.03137081116437912
2625,140,0.08766353875398636,0.8754384517669678,0.036898043006658554
2625,168,0.02951219491660595,0.9180527925491333,0.05243499577045441
2625,172,0.03650393709540367,0.9320065379142761,0.031489498913288116
2627,87,0.037291936576366425,0.9258229732513428,0.036885108798742294
2627,95,0.03385768085718155,0.9348664283752441,0.03127587214112282
2627,96,0.072892926633358,0.9099619388580322,0.017145127058029175
2631,37,0.04596666619181633,0.9192299246788025,0.03480345010757446
2631,43,0.0287404153496027,0.9413952231407166,0.02986438199877739
2631,96,0.03792308643460274,0.9448944926261902,0.017182454466819763
2632,17,0.10154730081558228,0.8514418005943298,0.047010935842990875
2632,25,0.030728457495570183,0.9409825205802917,0.02828904613852501
2632,34,0.0595790296792984,0.8993222117424011,0.041098702698946
2632,52,0.3898239731788635,0.5964944958686829,0.013681515119969845
2634,142,0.3591632544994354,0.4241849184036255,0.2166517823934555
2634,145,0.07704941183328629,0.8887094855308533,0.03424108028411865
2634,162,0.027055665850639343,0.930517315864563,0.04242706298828125
2634,172,0.09895772486925125,0.8551449179649353,0.04589740186929703
2634,174,0.038877129554748535,0.9405717849731445,0.020551098510622978
2634,204,0.12164044380187988,0.8290256261825562,0.049333926290273666
2634,219,0.11570733040571213,0.8392226696014404,0.045070018619298935
2634,221,0.06369256973266602,0.8994518518447876,0.036855652928352356
2647,15,0.1602206826210022,0.80370032787323,0.036078933626413345
2647,19,0.021488096565008163,0.9214198589324951,0.05709204450249672
2647,32,0.06272652000188828,0.9106901288032532,0.02658338099718094
2647,35,0.030500924214720726,0.8863464593887329,0.08315259963274002
2647,57,0.0589473731815815,0.8388890624046326,0.10216351598501205
2647,210,0.18446126580238342,0.7741712927818298,0.041367486119270325
2652,9,0.1647239774465561,0.8164200186729431,0.01885603368282318
2652,12,0.039821624755859375,0.9347711205482483,0.02540728822350502
2652,65,0.03469804301857948,0.9417669177055359,0.023535041138529778
2670,34,0.04033336788415909,0.8708369731903076,0.08882968127727509
2670,73,0.1338719129562378,0.7882580757141113,0.07786998897790909
2670,112,0.08668600767850876,0.8658827543258667,0.04743118956685066
2673,30,0.07522458583116531,0.39074304699897766,0.5340323448181152
2673,35,0.0290046576410532,0.9341292977333069,0.036866046488285065
2673,94,0.05131968483328819,0.9304584860801697,0.018221817910671234
2673,96,0.04287945479154587,0.9386739134788513,0.018446622416377068
2673,97,0.051568690687417984,0.9326563477516174,0.015774941071867943
2681,42,0.04743402823805809,0.715976357460022,0.23658958077430725
2681,57,0.08013490587472916,0.8457204103469849,0.074144646525383
2681,62,0.17807559669017792,0.7656723260879517,0.05625205487012863
2681,139,0.08415509760379791,0.8604773879051208,0.05536750331521034
