Doc_ID,Speaker,Date,Sentence_Rank,Parsed_Text_clean,lang,lang_prob
2,Christine Lagarde,2025-09-30,23,2 second exchange rate,en,4.797717094421387
2,Christine Lagarde,2025-09-30,38,exchange rate not behav,en,2.788873672485352
2,Christine Lagarde,2025-09-30,48,effect not strong,en,2.788873672485352
2,Christine Lagarde,2025-09-30,78,place,en,9.061840057373049
2,Christine Lagarde,2025-09-30,102,agile ready respond data,en,4.797717094421387
2,Christine Lagarde,2025-09-30,103,conclude,en,9.061840057373049
2,Christine Lagarde,2025-09-30,109,place place not fix,en,2.788873672485352
2,Christine Lagarde,2025-09-30,119,wage government consumption transfer,en,2.701602935791016
4,Piero Cipollone,2025-09-26,29,publish initial result,en,9.061840057373049
4,Piero Cipollone,2025-09-26,98,34,en,9.061840057373049
4,Piero Cipollone,2025-09-26,126,attention,en,9.061840057373049
5,Piero Cipollone,2025-09-17,77,dual responsibility,en,9.061840057373049
5,Piero Cipollone,2025-09-17,119,2024 ecb conduct cyber resilience test 109 bank,en,2.7703819274902344
5,Piero Cipollone,2025-09-17,157,economy function shock hit,en,1.8501863479614256
5,Piero Cipollone,2025-09-17,162,clearer,en,9.061840057373049
5,Piero Cipollone,2025-09-17,173,farrell h newman,en,3.722856521606445
8,Christine Lagarde,2025-09-15,24,result system limit,en,9.061840057373049
8,Christine Lagarde,2025-09-15,66,realistic,en,9.061840057373049
8,Christine Lagarde,2025-09-15,85,,en,9.061840057373049
8,Christine Lagarde,2025-09-15,149,farrel h newman,en,9.061840057373049
16,Piero Cipollone,2025-07-10,75,complement,en,9.061840057373049
16,Piero Cipollone,2025-07-10,78,unwaver commitment cash,en,1.080333232879639
16,Piero Cipollone,2025-07-10,100,share finding soon,en,3.021581649780273
20,"Christine Lagarde,Philip R. Lane",2025-06-30,29,two stream,en,9.061840057373049
20,"Christine Lagarde,Philip R. Lane",2025-06-30,30,up paragraph 1,en,9.061840057373049
20,"Christine Lagarde,Philip R. Lane",2025-06-30,85,paragraph 4 safety margin,en,3.1631383895874023
20,"Christine Lagarde,Philip R. Lane",2025-06-30,90,not region 2,en,2.788873672485352
20,"Christine Lagarde,Philip R. Lane",2025-06-30,94,worth update,en,9.061840057373049
20,"Christine Lagarde,Philip R. Lane",2025-06-30,97,learnt five,en,9.061840057373049
20,"Christine Lagarde,Philip R. Lane",2025-06-30,100,2022 2023 hik lot,en,9.061840057373049
20,"Christine Lagarde,Philip R. Lane",2025-06-30,102,2023 2024 4,en,9.061840057373049
20,"Christine Lagarde,Philip R. Lane",2025-06-30,110,important,en,9.061840057373049
20,"Christine Lagarde,Philip R. Lane",2025-06-30,121,paragraph 7 stable,en,9.061840057373049
20,"Christine Lagarde,Philip R. Lane",2025-06-30,136,paragraph 8 toolbox paragraph,en,9.061840057373049
20,"Christine Lagarde,Philip R. Lane",2025-06-30,144,couple revision amplification,en,9.061840057373049
20,"Christine Lagarde,Philip R. Lane",2025-06-30,150,2020 example,en,9.061840057373049
20,"Christine Lagarde,Philip R. Lane",2025-06-30,153,instrument toolbox,en,2.284790515899658
20,"Christine Lagarde,Philip R. Lane",2025-06-30,168,reflect purpose,en,9.061840057373049
20,"Christine Lagarde,Philip R. Lane",2025-06-30,184,clear,en,9.061840057373049
20,"Christine Lagarde,Philip R. Lane",2025-06-30,205,learn,en,9.061840057373049
20,"Christine Lagarde,Philip R. Lane",2025-06-30,248,mind,en,9.061840057373049
20,"Christine Lagarde,Philip R. Lane",2025-06-30,249,change,en,9.061840057373049
20,"Christine Lagarde,Philip R. Lane",2025-06-30,273,economy concern transformational,en,9.061840057373049
20,"Christine Lagarde,Philip R. Lane",2025-06-30,280,discussion structural overvaluation currency,en,9.061840057373049
20,"Christine Lagarde,Philip R. Lane",2025-06-30,291,mandate,en,9.061840057373049
20,"Christine Lagarde,Philip R. Lane",2025-06-30,295,path,en,9.061840057373049
20,"Christine Lagarde,Philip R. Lane",2025-06-30,303,popular way,en,3.274052143096924
20,"Christine Lagarde,Philip R. Lane",2025-06-30,307,well 2028,en,3.722856521606445
20,"Christine Lagarde,Philip R. Lane",2025-06-30,335,,en,9.061840057373049
20,"Christine Lagarde,Philip R. Lane",2025-06-30,336,ongo,en,9.061840057373049
20,"Christine Lagarde,Philip R. Lane",2025-06-30,355,tool limit,en,9.061840057373049
20,"Christine Lagarde,Philip R. Lane",2025-06-30,359,full symmetry,en,3.722856521606445
21,Piero Cipollone,2025-06-27,1,two main reason,en,3.044527053833008
21,Piero Cipollone,2025-06-27,58,key feature tip multicurrency platform,en,1.8501863479614256
21,Piero Cipollone,2025-06-27,60,11 norway 2028,en,9.061840057373049
21,Piero Cipollone,2025-06-27,106,common,en,9.061840057373049
22,Christine Lagarde,2025-06-26,29,happen,en,9.061840057373049
22,Christine Lagarde,2025-06-26,135,confident find unity,en,4.797717094421387
22,Christine Lagarde,2025-06-26,158,1983 imagin community,en,9.061840057373049
22,Christine Lagarde,2025-06-26,172,11 issue 4 pp,en,3.656414031982422
27,Frank Elderson,2025-06-18,7,rest history,en,9.061840057373049
27,Frank Elderson,2025-06-18,15,time action,en,0.9003105163574219
27,Frank Elderson,2025-06-18,68,11 prioritisation both pragmatic effective,en,3.047835350036621
27,Frank Elderson,2025-06-18,126,way life,en,9.061840057373049
27,Frank Elderson,2025-06-18,128,20 attention,en,9.061840057373049
32,Philip R. Lane,2025-06-11,20,latest observation 10 2025,en,9.061840057373049
32,Philip R. Lane,2025-06-11,28,latest observation 10 2025,en,9.061840057373049
32,Philip R. Lane,2025-06-11,86,latest observation 2025,en,9.061840057373049
32,Philip R. Lane,2025-06-11,156,2024 buy bond now,en,4.797717094421387
33,Christine Lagarde,2025-06-11,2,1 map alway reflect society produc,en,3.1631383895874023
33,Christine Lagarde,2025-06-11,25,stake high,en,1.6928634643554688
33,Christine Lagarde,2025-06-11,76,18 account twothird,en,9.061840057373049
33,Christine Lagarde,2025-06-11,127,control contribution,en,9.061840057373049
33,Christine Lagarde,2025-06-11,140,practice neighbour,en,9.061840057373049
33,Christine Lagarde,2025-06-11,144,done,en,9.061840057373049
33,Christine Lagarde,2025-06-11,145,,en,9.061840057373049
33,Christine Lagarde,2025-06-11,190,129 issue 4 pp,en,3.656414031982422
33,Christine Lagarde,2025-06-11,192,figure relate 2022,en,9.061840057373049
34,Frank Elderson,2025-06-09,7,monument simple,en,9.061840057373049
34,Frank Elderson,2025-06-09,15,taught both,en,2.204115867614746
34,Frank Elderson,2025-06-09,193,article 1274 2825 tfeu,en,9.061840057373049
37,Christine Lagarde,2025-05-26,3,fractur,en,1.008133888244629
37,Christine Lagarde,2025-05-26,18,likely change happen,en,3.612136840820313
37,Christine Lagarde,2025-05-26,152,2023 international currency replac,en,2.752083301544189
44,Isabel Schnabel,2025-05-10,123,fewer firm fal export order,en,1.301051139831543
44,Isabel Schnabel,2025-05-10,170,both unlikely current juncture,en,3.612136840820313
44,Isabel Schnabel,2025-05-10,181,standard new keynesian phillip curve,en,1.4352803230285645
44,Isabel Schnabel,2025-05-10,240,bernanke b blanchard o,en,2.8983449935913086
45,Piero Cipollone,2025-04-29,38,effect real economy likely material,en,3.612136840820313
45,Piero Cipollone,2025-04-29,97,episode read historical context,en,2.387363910675049
45,Piero Cipollone,2025-04-29,137,36 conclude,en,9.061840057373049
45,Piero Cipollone,2025-04-29,173,omfif 2024 global public investor 2024,en,3.047835350036621
49,Piero Cipollone,2025-04-08,26,structural weakness,en,9.061840057373049
49,Piero Cipollone,2025-04-08,88,23 conclude,en,9.061840057373049
49,Piero Cipollone,2025-04-08,89,time act now,en,0.9003105163574219
49,Piero Cipollone,2025-04-08,159,research finding publish mid2025,en,3.4079065322875977
53,Christine Lagarde,2025-04-02,12,trade investment flourish,en,9.061840057373049
53,Christine Lagarde,2025-04-02,29,leverage competitive advantage,en,1.010085105895996
53,Christine Lagarde,2025-04-02,31,attract talent investment,en,1.0466089248657229
53,Christine Lagarde,2025-04-02,48,company,en,9.061840057373049
58,Isabel Schnabel,2025-03-27,63,risktak channel,en,9.061840057373049
58,Isabel Schnabel,2025-03-27,251,2025 real income increas not,en,3.044527053833008
58,Isabel Schnabel,2025-03-27,263,148 supplement,en,9.061840057373049
59,Philip R. Lane,2025-03-20,189,reason inadequate regulation supervision,en,3.044527053833008
59,Philip R. Lane,2025-03-20,274,transformation,en,9.061840057373049
59,Philip R. Lane,2025-03-20,348,2017 future form money,en,9.061840057373049
59,Philip R. Lane,2025-03-20,360,theory money,en,3.4977898597717285
59,Philip R. Lane,2025-03-20,406,truth layer payment system,en,1.2960600852966309
63,Christine Lagarde,2025-03-12,14,change imply reaction function,en,3.612136840820313
63,Christine Lagarde,2025-03-12,54,,en,9.061840057373049
63,Christine Lagarde,2025-03-12,124,stability,en,0.9760494232177734
66,Piero Cipollone,2025-02-18,2,reason,en,3.044527053833008
66,Piero Cipollone,2025-02-18,30,implication appropriate policy rate path,en,9.061840057373049
66,Piero Cipollone,2025-02-18,65,latest observation 31 2025,en,9.061840057373049
66,Piero Cipollone,2025-02-18,74,latest observation 2024,en,9.061840057373049
66,Piero Cipollone,2025-02-18,87,latest observation 12 2025,en,9.061840057373049
66,Piero Cipollone,2025-02-18,106,latest observation 2024,en,9.061840057373049
66,Piero Cipollone,2025-02-18,128,latest observation 2025 data,en,9.061840057373049
66,Piero Cipollone,2025-02-18,143,latest observation 2025,en,9.061840057373049
66,Piero Cipollone,2025-02-18,155,first history ecb,en,3.4977898597717285
66,Piero Cipollone,2025-02-18,168,latest observation 7 2025,en,9.061840057373049
66,Piero Cipollone,2025-02-18,184,vital part toolkit,en,2.284790515899658
66,Piero Cipollone,2025-02-18,266,147 supplement,en,9.061840057373049
73,Luis de Guindos,2025-01-15,19,wage growth moderate,en,9.061840057373049
73,Luis de Guindos,2025-01-15,28,projection see growth 2024 07,en,2.536614418029785
73,Luis de Guindos,2025-01-15,61,3 conclude,en,9.061840057373049
77,Isabel Schnabel,2024-12-16,20,question fast remove policy restriction,en,9.061840057373049
77,Isabel Schnabel,2024-12-16,24,service inflation particular high 39,en,1.8555011749267576
77,Isabel Schnabel,2024-12-16,46,upward pressure import price,en,9.061840057373049
77,Isabel Schnabel,2024-12-16,96,happen recent,en,9.061840057373049
78,Christine Lagarde,2024-12-16,15,2023 exceed 83,en,9.061840057373049
78,Christine Lagarde,2024-12-16,94,three main implication,en,2.536614418029785
78,Christine Lagarde,2024-12-16,118,best position react future shock,en,9.061840057373049
82,Philip R. Lane,2024-11-25,97,latest observation 2024,en,9.061840057373049
82,Philip R. Lane,2024-11-25,166,latest observation second 2024,en,4.797717094421387
82,Philip R. Lane,2024-11-25,229,latest observation first 2024 left 2024 right,en,9.061840057373049
82,Philip R. Lane,2024-11-25,263,circle represent annual inflation forecast 2024 projection,en,4.74055814743042
82,Philip R. Lane,2024-11-25,320,text accessible both constituency,en,9.061840057373049
82,Philip R. Lane,2024-11-25,442,1991 fed smooth interest rate belongia mt,en,9.061840057373049
84,Christine Lagarde,2024-11-22,67,9 fragmentation,en,9.061840057373049
84,Christine Lagarde,2024-11-22,73,progress,en,9.061840057373049
84,Christine Lagarde,2024-11-22,98,vc investment onethird level,en,1.8948240280151367
84,Christine Lagarde,2024-11-22,110,supply side,en,3.612136840820313
84,Christine Lagarde,2024-11-22,136,apply nor,en,3.612136840820313
84,Christine Lagarde,2024-11-22,165,figure 2022,en,9.061840057373049
89,Christine Lagarde,2024-11-18,53,adapt adapt,en,9.061840057373049
89,Christine Lagarde,2024-11-18,56,not act collectively,en,2.788873672485352
89,Christine Lagarde,2024-11-18,64,ready change now,en,9.061840057373049
89,Christine Lagarde,2024-11-18,127,42 37 respectively,en,9.061840057373049
90,Philip R. Lane,2024-11-18,100,latest observation 2023,en,9.061840057373049
90,Philip R. Lane,2024-11-18,132,latest observation 2024,en,9.061840057373049
90,Philip R. Lane,2024-11-18,157,latest observation 2024 mpe,en,9.061840057373049
96,Isabel Schnabel,2024-11-07,6,stock stand,en,9.061840057373049
96,Isabel Schnabel,2024-11-07,42,96 bank case next six,en,9.061840057373049
96,Isabel Schnabel,2024-11-07,125,two side,en,9.061840057373049
96,Isabel Schnabel,2024-11-07,138,resilience reserve ample,en,2.7703819274902344
101,Frank Elderson,2024-11-04,5,time integrate fragment system supervision impossible forever,en,9.061840057373049
101,Frank Elderson,2024-11-04,7,long way,en,3.274052143096924
101,Frank Elderson,2024-11-04,21,start,en,9.061840057373049
101,Frank Elderson,2024-11-04,23,,en,9.061840057373049
101,Frank Elderson,2024-11-04,30,destination clear,en,9.061840057373049
106,Philip R. Lane,2024-10-24,47,sample cover period 2001 2024,en,1.2960600852966309
106,Philip R. Lane,2024-10-24,86,latest observation 2024,en,9.061840057373049
106,Philip R. Lane,2024-10-24,113,latest observation 2025,en,9.061840057373049
109,Christine Lagarde,2024-10-16,28,economy adapt,en,2.78085994720459
109,Christine Lagarde,2024-10-16,48,9 conclude,en,9.061840057373049
109,Christine Lagarde,2024-10-16,61,see oecd web income inequality,en,2.536614418029785
112,Frank Elderson,2024-10-04,9,1 insight consequential straightforward,en,9.061840057373049
112,Frank Elderson,2024-10-04,30,not close met,en,2.788873672485352
112,Frank Elderson,2024-10-04,113,commitment,en,1.080333232879639
112,Frank Elderson,2024-10-04,114,mandate,en,9.061840057373049
118,Piero Cipollone,2024-09-27,110,free basic,en,2.536614418029785
118,Piero Cipollone,2024-09-27,124,end result,en,4.797717094421387
118,Piero Cipollone,2024-09-27,132,freeofcharge policy change time,en,9.061840057373049
128,Philip R. Lane,2024-08-24,25,latest observation 13 2024,en,9.061840057373049
128,Philip R. Lane,2024-08-24,36,latest observation 2024,en,9.061840057373049
128,Philip R. Lane,2024-08-24,57,latest observation 2023 gdp 2024 projection,en,9.061840057373049
128,Philip R. Lane,2024-08-24,59,latest observation second 2024 gdp first 2024 contribution,en,4.797717094421387
128,Philip R. Lane,2024-08-24,103,latest observation 2024,en,9.061840057373049
128,Philip R. Lane,2024-08-24,154,latest observation first 2024,en,9.061840057373049
128,Philip R. Lane,2024-08-24,157,latest observation first 2024,en,9.061840057373049
128,Philip R. Lane,2024-08-24,209,likely reflect factor,en,3.612136840820313
128,Philip R. Lane,2024-08-24,341,2023 bear cost inflation,en,9.061840057373049
130,Piero Cipollone,2024-07-04,21,three,en,9.061840057373049
130,Piero Cipollone,2024-07-04,63,ai create upward price pressure,en,9.061840057373049
130,Piero Cipollone,2024-07-04,79,39 example,en,9.061840057373049
130,Piero Cipollone,2024-07-04,95,application practice,en,9.061840057373049
130,Piero Cipollone,2024-07-04,118,ai oversee payment system,en,2.536614418029785
133,Philip R. Lane,2024-06-26,94,latest observation 2024,en,9.061840057373049
133,Philip R. Lane,2024-06-26,144,latest observation 2022,en,9.061840057373049
133,Philip R. Lane,2024-06-26,332,142 issue 1 2021 pp,en,3.656414031982422
133,Philip R. Lane,2024-06-26,345,193 359422,en,9.061840057373049
136,Christine Lagarde,2024-06-14,40,first tension observe,en,2.69980525970459
136,Christine Lagarde,2024-06-14,69,example,en,9.061840057373049
136,Christine Lagarde,2024-06-14,73,11 conclude,en,9.061840057373049
136,Christine Lagarde,2024-06-14,98,past,en,9.061840057373049
138,Frank Elderson,2024-06-11,56,first objective become important,en,1.1740727424621582
138,Frank Elderson,2024-06-11,73,4 theme feature,en,1.788179874420166
138,Frank Elderson,2024-06-11,77,wrap up,en,9.061840057373049
140,Christine Lagarde,2024-06-07,18,ecb respond,en,9.061840057373049
140,Christine Lagarde,2024-06-07,43,ecb,en,9.061840057373049
140,Christine Lagarde,2024-06-07,75,19 act final,en,9.061840057373049
140,Christine Lagarde,2024-06-07,129,ecb 2024 climate nature 20242025 30,en,9.061840057373049
142,Isabel Schnabel,2024-05-28,21,9 asset purchas,en,9.061840057373049
142,Isabel Schnabel,2024-05-28,86,two broad set condition relevant,en,9.061840057373049
142,Isabel Schnabel,2024-05-28,178,ecb 2015 22,en,9.061840057373049
142,Isabel Schnabel,2024-05-28,248,ecb 2022 transmission protection instrument 21,en,9.061840057373049
142,Isabel Schnabel,2024-05-28,342,unit recent home overvalu 11 end 2023,en,4.797717094421387
144,Piero Cipollone,2024-05-26,33,10 amount 37 eus 2023 gdp,en,9.061840057373049
144,Piero Cipollone,2024-05-26,44,15,en,9.061840057373049
144,Piero Cipollone,2024-05-26,127,example complementarity,en,9.061840057373049
144,Piero Cipollone,2024-05-26,232,ecb climate nature 20242025 2024,en,9.061840057373049
144,Piero Cipollone,2024-05-26,246,133 issue 650 pp,en,3.656414031982422
148,Philip R. Lane,2024-05-02,65,latest observation 2024 data,en,9.061840057373049
148,Philip R. Lane,2024-05-02,87,latest observation 29 2024,en,9.061840057373049
148,Philip R. Lane,2024-05-02,92,latest observation 25 2024,en,9.061840057373049
148,Philip R. Lane,2024-05-02,103,chart bank bond yield,en,4.797717094421387
148,Philip R. Lane,2024-05-02,107,latest observation 2024 data 17 2024 data,en,9.061840057373049
148,Philip R. Lane,2024-05-02,110,latest observation 2024,en,9.061840057373049
148,Philip R. Lane,2024-05-02,140,safe figure invert,en,9.061840057373049
148,Philip R. Lane,2024-05-02,183,latest observation 2024,en,9.061840057373049
148,Philip R. Lane,2024-05-02,192,latest observation 2022,en,9.061840057373049
148,Philip R. Lane,2024-05-02,198,latest observation first 2024 gdp fourth 2023 contribution,en,9.061840057373049
148,Philip R. Lane,2024-05-02,249,latest observation 2024 flash,en,9.061840057373049
148,Philip R. Lane,2024-05-02,275,slower wage growth,en,3.274052143096924
148,Philip R. Lane,2024-05-02,331,latest observation 16 2024,en,9.061840057373049
152,Christine Lagarde,2024-04-22,52,power idea,en,1.481245517730713
152,Christine Lagarde,2024-04-22,73,question face break bottleneck,en,9.061840057373049
152,Christine Lagarde,2024-04-22,74,break bottleneck translation start first bottleneck translation,en,9.061840057373049
152,Christine Lagarde,2024-04-22,98,now gap 25 23 time respectively,en,2.6740822792053223
152,Christine Lagarde,2024-04-22,168,confident succe,en,9.061840057373049
152,Christine Lagarde,2024-04-22,173,1997 history read,en,3.4977898597717285
152,Christine Lagarde,2024-04-22,181,valu 1840 price,en,9.061840057373049
152,Christine Lagarde,2024-04-22,187,forward solow growth model,en,2.6740822792053223
158,Philip R. Lane,2024-04-15,37,latest observation 11 2024,en,9.061840057373049
158,Philip R. Lane,2024-04-15,51,chart 10 downward revision 2024 growth rate projection round,en,9.061840057373049
158,Philip R. Lane,2024-04-15,89,latest observation 11 2024,en,9.061840057373049
158,Philip R. Lane,2024-04-15,92,latest observation 5 2024,en,9.061840057373049
158,Philip R. Lane,2024-04-15,126,latest actual observation 2024 flash,en,1.008133888244629
161,Piero Cipollone,2024-03-27,40,latest observation 2024,en,9.061840057373049
161,Piero Cipollone,2024-03-27,66,latest observation 14 2024,en,9.061840057373049
161,Piero Cipollone,2024-03-27,70,latest observation 22 2024,en,9.061840057373049
161,Piero Cipollone,2024-03-27,72,12 first supply shock unwind,en,3.612136840820313
161,Piero Cipollone,2024-03-27,80,latest observation 2024,en,9.061840057373049
161,Piero Cipollone,2024-03-27,123,latest observation 2024 b 2024 flash,en,9.061840057373049
161,Piero Cipollone,2024-03-27,125,latest observation 2024,en,9.061840057373049
161,Piero Cipollone,2024-03-27,142,three factor particular,en,2.536614418029785
161,Piero Cipollone,2024-03-27,166,latest observation fourth 2023,en,9.061840057373049
161,Piero Cipollone,2024-03-27,205,cost intermediate input profit margin instance matter,en,2.7703819274902344
171,Isabel Schnabel,2024-02-16,112,35 boost productivity,en,9.061840057373049
171,Isabel Schnabel,2024-02-16,194,conclusion conclude,en,9.061840057373049
171,Isabel Schnabel,2024-02-16,223,2002 information technology,en,2.701602935791016
175,Piero Cipollone,2024-02-14,23,4 prepar,en,9.061840057373049
175,Piero Cipollone,2024-02-14,49,mark improvement current situation,en,9.061840057373049
175,Piero Cipollone,2024-02-14,74,high standard privacy data protection regulation,en,1.8555011749267576
177,Piero Cipollone,2024-02-12,17,future reflect liv up spirit,en,1.2683420181274414
177,Piero Cipollone,2024-02-12,56,saving invest home,en,1.946000099182129
177,Piero Cipollone,2024-02-12,107,27 supply shock unwind,en,3.612136840820313
178,Philip R. Lane,2024-02-12,91,dataset spe spr,en,9.061840057373049
178,Philip R. Lane,2024-02-12,130,sector account,en,9.061840057373049
178,Philip R. Lane,2024-02-12,209,2018 capital flow fickle,en,2.6740822792053223
180,Philip R. Lane,2024-02-08,22,latest observation 2024 flash,en,9.061840057373049
180,Philip R. Lane,2024-02-08,26,latest observation 6 2024,en,9.061840057373049
180,Philip R. Lane,2024-02-08,78,latest observation 2024 flash,en,9.061840057373049
180,Philip R. Lane,2024-02-08,125,latest observation fourth 2023,en,9.061840057373049
180,Philip R. Lane,2024-02-08,139,latest observation 2024 cts,en,9.061840057373049
180,Philip R. Lane,2024-02-08,154,latest observation 29 2024,en,9.061840057373049
186,Frank Elderson,2023-12-07,17,effective,en,9.061840057373049
186,Frank Elderson,2023-12-07,22,,en,9.061840057373049
186,Frank Elderson,2023-12-07,39,,en,9.061840057373049
186,Frank Elderson,2023-12-07,50,expert resource not infinite,en,2.788873672485352
186,Frank Elderson,2023-12-07,59,tool exactly,en,1.6444382667541504
186,Frank Elderson,2023-12-07,67,,en,9.061840057373049
186,Frank Elderson,2023-12-07,80,yes tool,en,2.629415512084961
186,Frank Elderson,2023-12-07,106,,en,9.061840057373049
186,Frank Elderson,2023-12-07,153,article 161a b ssm regulation,en,9.061840057373049
186,Frank Elderson,2023-12-07,154,article 161c ssm regulation,en,9.061840057373049
187,Christine Lagarde,2023-12-04,102,form function form,en,9.061840057373049
187,Christine Lagarde,2023-12-04,111,exchange rate mechanism example,en,9.061840057373049
187,Christine Lagarde,2023-12-04,114,flexible result,en,9.061840057373049
198,Christine Lagarde,2023-11-16,2,method simpler,en,9.061840057373049
198,Christine Lagarde,2023-11-16,34,unwise complacent,en,1.073343276977539
198,Christine Lagarde,2023-11-16,55,prerecord 14 2023,en,9.061840057373049
201,Philip R. Lane,2023-11-09,31,latest observation second 2023,en,4.797717094421387
201,Philip R. Lane,2023-11-09,37,latest observation 30 2023,en,9.061840057373049
201,Philip R. Lane,2023-11-09,51,latest observation 30 2023,en,9.061840057373049
201,Philip R. Lane,2023-11-09,68,latest observation 30 2023,en,9.061840057373049
215,Isabel Schnabel,2023-09-25,2,peak 106 2022,en,9.061840057373049
215,Isabel Schnabel,2023-09-25,12,not allclear inflation problem,en,2.788873672485352
215,Isabel Schnabel,2023-09-25,197,43 conclude,en,9.061840057373049
215,Isabel Schnabel,2023-09-25,209,46 strong money growth shock persistent,en,1.0298681259155271
215,Isabel Schnabel,2023-09-25,213,2021 return inflation syndicate 16,en,9.061840057373049
215,Isabel Schnabel,2023-09-25,282,conservative all,en,9.061840057373049
215,Isabel Schnabel,2023-09-25,366,2022 inflation,en,9.061840057373049
218,Frank Elderson,2023-09-20,7,parent two sister,en,9.061840057373049
218,Frank Elderson,2023-09-20,13,part stay forever,en,1.8501863479614256
218,Frank Elderson,2023-09-20,27,setback progress,en,9.061840057373049
218,Frank Elderson,2023-09-20,28,disaster perspective,en,1.2960600852966309
218,Frank Elderson,2023-09-20,29,disappointment vision,en,9.061840057373049
218,Frank Elderson,2023-09-20,46,live up name,en,1.2683420181274414
218,Frank Elderson,2023-09-20,87,finish,en,9.061840057373049
218,Frank Elderson,2023-09-20,95,start,en,9.061840057373049
218,Frank Elderson,2023-09-20,100,world legislation regulation,en,2.9972290992736816
218,Frank Elderson,2023-09-20,123,consequence,en,9.061840057373049
218,Frank Elderson,2023-09-20,137,liv up name promis,en,1.2683420181274414
218,Frank Elderson,2023-09-20,141,little,en,2.0162367820739746
218,Frank Elderson,2023-09-20,142,slowly,en,9.061840057373049
218,Frank Elderson,2023-09-20,149,mean,en,9.061840057373049
218,Frank Elderson,2023-09-20,152,finance polluter,en,2.7703819274902344
218,Frank Elderson,2023-09-20,158,startup biggest multinational,en,2.267709255218506
218,Frank Elderson,2023-09-20,182,done,en,9.061840057373049
222,Christine Lagarde,2023-09-04,63,forward,en,9.061840057373049
222,Christine Lagarde,2023-09-04,68,action communication,en,9.061840057373049
222,Christine Lagarde,2023-09-04,99,30 conclude,en,9.061840057373049
223,Frank Elderson,2023-09-04,23,bank prepar,en,9.061840057373049
223,Frank Elderson,2023-09-04,73,fact happen,en,9.061840057373049
223,Frank Elderson,2023-09-04,92,two strand,en,9.061840057373049
224,Fabio Panetta,2023-09-04,11,5 proposal,en,9.061840057373049
224,Fabio Panetta,2023-09-04,21,cash stay,en,9.061840057373049
224,Fabio Panetta,2023-09-04,29,offline,en,9.061840057373049
224,Fabio Panetta,2023-09-04,37,10 option vital,en,9.061840057373049
226,Christine Lagarde,2023-08-25,12,ensure stability,en,0.9760494232177734
226,Christine Lagarde,2023-08-25,113,38 conclude,en,9.061840057373049
226,Christine Lagarde,2023-08-25,136,comparison 2012 2022,en,9.061840057373049
227,Fabio Panetta,2023-08-03,23,latest observation 2023,en,9.061840057373049
227,Fabio Panetta,2023-08-03,29,dynamic food price case,en,3.047835350036621
227,Fabio Panetta,2023-08-03,35,5 factor play,en,9.061840057373049
227,Fabio Panetta,2023-08-03,57,latest observation 2023,en,9.061840057373049
227,Fabio Panetta,2023-08-03,82,latest observation 24 2023,en,9.061840057373049
227,Fabio Panetta,2023-08-03,145,disinflation right,en,9.061840057373049
229,Philip R. Lane,2023-07-12,48,bank bond yield,en,4.797717094421387
229,Philip R. Lane,2023-07-12,68,latest observation bls first 2023,en,9.061840057373049
229,Philip R. Lane,2023-07-12,86,latest observation 2023 lend rate 2023 policy rate,en,4.797717094421387
229,Philip R. Lane,2023-07-12,93,latest observation 2023,en,9.061840057373049
229,Philip R. Lane,2023-07-12,106,due factor,en,9.061840057373049
229,Philip R. Lane,2023-07-12,116,sample 2019 2022,en,9.061840057373049
229,Philip R. Lane,2023-07-12,119,16 latest observation 2022 left chart first 2023 lsi,en,9.061840057373049
229,Philip R. Lane,2023-07-12,166,however substantial variation firm,en,1.5717406272888184
229,Philip R. Lane,2023-07-12,179,latest observation 2023,en,9.061840057373049
229,Philip R. Lane,2023-07-12,199,latest observation fourth 2022,en,9.061840057373049
232,Fabio Panetta,2023-06-23,47,data period 1 2015 15 2023,en,9.061840057373049
232,Fabio Panetta,2023-06-23,58,data period 1 2016 16 2023,en,9.061840057373049
232,Fabio Panetta,2023-06-23,226,reserve asset asset against stablecoin valu redeem,en,9.061840057373049
248,Isabel Schnabel,2023-05-19,143,lesson future separation,en,1.9051647186279297
248,Isabel Schnabel,2023-05-19,145,ecb clear mandate price stability,en,0.9760494232177734
248,Isabel Schnabel,2023-05-19,197,ecb 2022 transmission protection instrument 21,en,9.061840057373049
248,Isabel Schnabel,2023-05-19,230,1989 sl insurance mess,en,2.7703819274902344
251,Christine Lagarde,2023-05-16,14,together,en,3.431535243988037
251,Christine Lagarde,2023-05-16,16,leadership,en,9.061840057373049
251,Christine Lagarde,2023-05-16,40,honecker two time two four,en,9.061840057373049
251,Christine Lagarde,2023-05-16,59,,en,9.061840057373049
256,Fabio Panetta,2023-04-24,17,alway option,en,2.6116294860839844
256,Fabio Panetta,2023-04-24,18,cash,en,9.061840057373049
256,Fabio Panetta,2023-04-24,35,side access,en,0.9003105163574219
256,Fabio Panetta,2023-04-24,114,reflect future regulatory requirement,en,3.4977898597717285
257,Fabio Panetta,2023-04-24,8,key driver trade notably service,en,3.612136840820313
257,Fabio Panetta,2023-04-24,23,185197 ecb staff calculation,en,9.061840057373049
257,Fabio Panetta,2023-04-24,65,latest observation fourth 2022,en,9.061840057373049
257,Fabio Panetta,2023-04-24,73,2017 calculation,en,9.061840057373049
261,Philip R. Lane,2023-04-19,58,latest observation fourth 2022,en,9.061840057373049
261,Philip R. Lane,2023-04-19,68,latest observation 2023,en,9.061840057373049
261,Philip R. Lane,2023-04-19,85,deposit rate new business,en,9.061840057373049
261,Philip R. Lane,2023-04-19,103,latest observation 2023,en,9.061840057373049
261,Philip R. Lane,2023-04-19,125,factor,en,9.061840057373049
261,Philip R. Lane,2023-04-19,156,latest observation 14 2023,en,9.061840057373049
261,Philip R. Lane,2023-04-19,196,latest observation 7 2023,en,9.061840057373049
261,Philip R. Lane,2023-04-19,198,latest observation 12 2023,en,9.061840057373049
262,Christine Lagarde,2023-04-17,25,7 ecb analysi similar outcome future,en,4.74055814743042
262,Christine Lagarde,2023-04-17,34,12 new trade pattern ramification payment international currency reserve,en,2.752083301544189
262,Christine Lagarde,2023-04-17,42,18 attempt create alternative swift,en,9.061840057373049
262,Christine Lagarde,2023-04-17,85,mckinsey 2022 pulse shift supply chain 26,en,3.612136840820313
262,Christine Lagarde,2023-04-17,97,1989 swift user 79 country,en,1.639256477355957
262,Christine Lagarde,2023-04-17,103,change value trade 1990 2021,en,9.061840057373049
267,Isabel Schnabel,2023-03-27,0,back normal,en,9.061840057373049
267,Isabel Schnabel,2023-03-27,60,relate regulatory change,en,3.4977898597717285
267,Isabel Schnabel,2023-03-27,147,factor relative return reserve,en,9.061840057373049
268,Frank Elderson,2023-03-27,9,word dont beat bush,en,9.061840057373049
268,Frank Elderson,2023-03-27,13,word,en,9.061840057373049
268,Frank Elderson,2023-03-27,15,bank fba,en,9.061840057373049
268,Frank Elderson,2023-03-27,128,ecb bank supervision 2022 ecb practice climate test,en,9.061840057373049
271,Fabio Panetta,2023-03-22,29,dampen price pressure,en,9.061840057373049
271,Fabio Panetta,2023-03-22,35,latest observation 2023,en,9.061840057373049
271,Fabio Panetta,2023-03-22,50,latest observation 2023,en,9.061840057373049
271,Fabio Panetta,2023-03-22,54,b latest observation 2023,en,9.061840057373049
271,Fabio Panetta,2023-03-22,77,latest observation fourth 2022,en,9.061840057373049
271,Fabio Panetta,2023-03-22,101,latest observation 17 2023,en,9.061840057373049
271,Fabio Panetta,2023-03-22,111,latest observation 9 2023,en,9.061840057373049
271,Fabio Panetta,2023-03-22,126,latest observation 2023,en,9.061840057373049
271,Fabio Panetta,2023-03-22,188,done,en,9.061840057373049
271,Fabio Panetta,2023-03-22,256,third transmission protection instrument,en,3.770662307739258
277,Philip R. Lane,2023-03-06,66,latest observation 2023 flash,en,9.061840057373049
277,Philip R. Lane,2023-03-06,85,latest observation 2023,en,9.061840057373049
277,Philip R. Lane,2023-03-06,121,latest observation 2022,en,9.061840057373049
277,Philip R. Lane,2023-03-06,164,latest observation 2022,en,9.061840057373049
278,Isabel Schnabel,2023-03-02,18,hope conclude review end,en,9.061840057373049
278,Isabel Schnabel,2023-03-02,116,development factor play,en,9.061840057373049
278,Isabel Schnabel,2023-03-02,169,137 issue 3 pp,en,3.656414031982422
280,Philip R. Lane,2023-02-16,21,latest observation 8 2023,en,9.061840057373049
280,Philip R. Lane,2023-02-16,49,10 two main reason,en,3.044527053833008
280,Philip R. Lane,2023-02-16,144,latest observation 10 2023,en,9.061840057373049
280,Philip R. Lane,2023-02-16,166,latest observation 2023 bls,en,9.061840057373049
280,Philip R. Lane,2023-02-16,182,left weight,en,2.575860977172852
280,Philip R. Lane,2023-02-16,185,latest observation 2022right weight,en,2.575860977172852
280,Philip R. Lane,2023-02-16,212,latest observation 2022,en,9.061840057373049
280,Philip R. Lane,2023-02-16,219,latest observation first 2023 left 2022 right,en,9.061840057373049
280,Philip R. Lane,2023-02-16,235,latest observation 2023 flash headline hicp 2022 rest,en,2.762415885925293
280,Philip R. Lane,2023-02-16,240,latest observation 16 2022,en,9.061840057373049
280,Philip R. Lane,2023-02-16,289,left latest observation 2022,en,9.061840057373049
280,Philip R. Lane,2023-02-16,306,latest observation 2022,en,9.061840057373049
280,Philip R. Lane,2023-02-16,317,latest observation 2022,en,9.061840057373049
280,Philip R. Lane,2023-02-16,319,data smooth 7monthcenter window,en,9.061840057373049
280,Philip R. Lane,2023-02-16,351,sample adjust major mas,en,1.97153902053833
280,Philip R. Lane,2023-02-16,362,latest observation 2022q4,en,9.061840057373049
280,Philip R. Lane,2023-02-16,368,latest observation 2022q2,en,9.061840057373049
280,Philip R. Lane,2023-02-16,379,latest observation 7 2023,en,9.061840057373049
280,Philip R. Lane,2023-02-16,416,overview jcr,en,9.061840057373049
281,Fabio Panetta,2023-02-16,6,increas rate 300 basi,en,3.044527053833008
281,Fabio Panetta,2023-02-16,23,normalis rate pace adjustment key,en,4.265146732330322
281,Fabio Panetta,2023-02-16,47,latest observation 2022,en,9.061840057373049
281,Fabio Panetta,2023-02-16,70,latest observation 10 2023,en,9.061840057373049
281,Fabio Panetta,2023-02-16,127,18 different situation,en,9.061840057373049
281,Fabio Panetta,2023-02-16,149,latest observation 2023 bls,en,9.061840057373049
281,Fabio Panetta,2023-02-16,178,ensure consistency tool,en,2.88490629196167
281,Fabio Panetta,2023-02-16,187,third transmission protection instrument,en,3.770662307739258
281,Fabio Panetta,2023-02-16,208,pace apply end,en,3.612136840820313
289,Fabio Panetta,2022-12-07,1,1 phd ago,en,9.061840057373049
289,Fabio Panetta,2022-12-07,40,,en,9.061840057373049
289,Fabio Panetta,2022-12-07,89,b data period 1 2022 29 2022,en,9.061840057373049
289,Fabio Panetta,2022-12-07,150,ecb not responsible regulate investment activity,en,2.788873672485352
289,Fabio Panetta,2022-12-07,167,misconception,en,9.061840057373049
291,Frank Elderson,2022-12-01,5,struck story particular,en,3.4977898597717285
291,Frank Elderson,2022-12-01,36,,en,9.061840057373049
291,Frank Elderson,2022-12-01,39,5 full plate,en,3.722856521606445
291,Frank Elderson,2022-12-01,47,refer institution relevant,en,1.481245517730713
291,Frank Elderson,2022-12-01,57,not,en,9.061840057373049
291,Frank Elderson,2022-12-01,84,done,en,9.061840057373049
291,Frank Elderson,2022-12-01,154,article 1271 130 tfeu,en,9.061840057373049
291,Frank Elderson,2022-12-01,161,see article 73 74 crd vi,en,2.536614418029785
296,Christine Lagarde,2022-11-18,25,constraint fade time,en,9.061840057373049
296,Christine Lagarde,2022-11-18,27,change well persistent,en,3.722856521606445
296,Christine Lagarde,2022-11-18,101,now bank part solution,en,2.6740822792053223
296,Christine Lagarde,2022-11-18,105,interest sector profitable nor economy lack financ,en,0.9313678741455078
298,Frank Elderson,2022-11-15,37,main message clear,en,1.8096156120300293
298,Frank Elderson,2022-11-15,69,guard,en,9.061840057373049
298,Frank Elderson,2022-11-15,76,alway promot prudence,en,9.061840057373049
300,Fabio Panetta,2022-11-14,39,latest observation 2022,en,9.061840057373049
300,Fabio Panetta,2022-11-14,47,latest observation 2022 flash hicpx 2022 rest,en,2.762415885925293
300,Fabio Panetta,2022-11-14,52,latest observation first 2022,en,9.061840057373049
300,Fabio Panetta,2022-11-14,69,latest observation 2022,en,9.061840057373049
300,Fabio Panetta,2022-11-14,70,b latest observation 2022,en,9.061840057373049
300,Fabio Panetta,2022-11-14,83,case potential output broadly unchang,en,3.612136840820313
300,Fabio Panetta,2022-11-14,134,26 conclude,en,9.061840057373049
300,Fabio Panetta,2022-11-14,137,impact current shock output gap unclear,en,0.9720067977905272
300,Fabio Panetta,2022-11-14,177,effect potential output not additive,en,2.788873672485352
302,Fabio Panetta,2022-11-11,4,pay high price,en,1.8555011749267576
302,Fabio Panetta,2022-11-11,39,typical example investment infrastructure,en,2.387363910675049
302,Fabio Panetta,2022-11-11,151,pursue common interest common investment,en,9.061840057373049
302,Fabio Panetta,2022-11-11,188,figure convert 2022 price,en,9.061840057373049
306,Christine Lagarde,2022-11-04,5,imply,en,9.061840057373049
306,Christine Lagarde,2022-11-04,8,1 particular fight inflation both complex simple,en,1.4231023788452148
306,Christine Lagarde,2022-11-04,16,not happen,en,2.788873672485352
306,Christine Lagarde,2022-11-04,18,ultimate goal interest rate path clear not,en,9.061840057373049
306,Christine Lagarde,2022-11-04,58,termsoftrade tax amount 2 percentage gdp second,en,1.010085105895996
306,Christine Lagarde,2022-11-04,122,both price stability,en,0.9760494232177734
306,Christine Lagarde,2022-11-04,153,mckinsey 2021 covid19 reshap supply chain 23,en,3.612136840820313
306,Christine Lagarde,2022-11-04,154,compar,en,9.061840057373049
308,Fabio Panetta,2022-11-03,18,core inflation 5,en,2.426934242248535
308,Fabio Panetta,2022-11-03,49,latest observation 2022,en,9.061840057373049
308,Fabio Panetta,2022-11-03,58,8 outlook wage growth unit labour cost consistent target,en,3.274052143096924
308,Fabio Panetta,2022-11-03,78,latest observation 2022,en,9.061840057373049
308,Fabio Panetta,2022-11-03,92,latest observation 20 2022,en,9.061840057373049
308,Fabio Panetta,2022-11-03,94,latest observation 20 2022,en,9.061840057373049
308,Fabio Panetta,2022-11-03,104,latest observation 6 2022,en,9.061840057373049
308,Fabio Panetta,2022-11-03,113,latest observation second 2022,en,4.797717094421387
308,Fabio Panetta,2022-11-03,127,latest observation 21 2022 data,en,9.061840057373049
308,Fabio Panetta,2022-11-03,130,three key consideration,en,2.536614418029785
308,Fabio Panetta,2022-11-03,206,sery start 1985,en,3.4977898597717285
311,Philip R. Lane,2022-10-11,154,latest observation 2019,en,9.061840057373049
311,Philip R. Lane,2022-10-11,186,latest observation 7 2022 realis str,en,4.265146732330322
311,Philip R. Lane,2022-10-11,195,latest observation 7 2022,en,9.061840057373049
311,Philip R. Lane,2022-10-11,200,latest observation 7 2022,en,9.061840057373049
311,Philip R. Lane,2022-10-11,212,latest observation 6 2022,en,9.061840057373049
311,Philip R. Lane,2022-10-11,248,latest observation 2022,en,9.061840057373049
311,Philip R. Lane,2022-10-11,292,latest observation 7 2022 left,en,9.061840057373049
311,Philip R. Lane,2022-10-11,294,2022 flash hicp,en,2.762415885925293
315,Fabio Panetta,2022-09-29,13,7 two topic,en,9.061840057373049
315,Fabio Panetta,2022-09-29,45,publish result first next,en,9.061840057373049
315,Fabio Panetta,2022-09-29,77,payment solution receive payment,en,9.061840057373049
315,Fabio Panetta,2022-09-29,110,data protectionprivacy compliance,en,9.061840057373049
326,Isabel Schnabel,2022-08-27,113,stood 22 historical high,en,2.387363910675049
326,Isabel Schnabel,2022-08-27,120,source concern,en,9.061840057373049
326,Isabel Schnabel,2022-08-27,131,determin action break perception,en,0.9188117980957032
332,Christine Lagarde,2022-06-28,36,investment subdu,en,9.061840057373049
332,Christine Lagarde,2022-06-28,57,se regard,en,9.061840057373049
332,Christine Lagarde,2022-06-28,116,fact,en,9.061840057373049
333,Frank Elderson,2022-06-22,6,bad hopeful new,en,9.061840057373049
333,Frank Elderson,2022-06-22,9,hopeful new,en,9.061840057373049
333,Frank Elderson,2022-06-22,67,se positive change,en,9.061840057373049
333,Frank Elderson,2022-06-22,71,observ inconsistency,en,9.061840057373049
336,Fabio Panetta,2022-06-16,10,epc possible,en,9.061840057373049
336,Fabio Panetta,2022-06-16,40,long way,en,3.274052143096924
336,Fabio Panetta,2022-06-16,170,decid reduce scope,en,9.061840057373049
348,Isabel Schnabel,2022-05-11,52,se both force,en,9.061840057373049
348,Isabel Schnabel,2022-05-11,138,survey corroborate view,en,9.061840057373049
348,Isabel Schnabel,2022-05-11,142,conclude key takeaway,en,2.88490629196167
350,Philip R. Lane,2022-05-05,46,latest observation 2022 flash,en,9.061840057373049
350,Philip R. Lane,2022-05-05,101,latest observation 2022,en,9.061840057373049
350,Philip R. Lane,2022-05-05,109,latest observation 30 2022,en,9.061840057373049
350,Philip R. Lane,2022-05-05,116,latest observation 29 2022,en,9.061840057373049
354,Fabio Panetta,2022-04-25,13,price fluctuate wildly,en,2.044346332550049
354,Fabio Panetta,2022-04-25,58,heard all,en,9.061840057373049
354,Fabio Panetta,2022-04-25,127,four particularly relevant,en,3.612136840820313
354,Fabio Panetta,2022-04-25,155,46 conclude,en,9.061840057373049
354,Fabio Panetta,2022-04-25,184,accord statista 2022,en,9.061840057373049
354,Fabio Panetta,2022-04-25,207,2021 case against bitcoin common sense 14,en,9.061840057373049
357,Fabio Panetta,2022-04-08,5,spirit research cbdc game,en,3.4079065322875977
357,Fabio Panetta,2022-04-08,108,finding mix,en,1.0298681259155271
357,Fabio Panetta,2022-04-08,119,effect international cbdc,en,2.752083301544189
357,Fabio Panetta,2022-04-08,127,34 conclude,en,9.061840057373049
357,Fabio Panetta,2022-04-08,137,8 1904 20 1989,en,9.061840057373049
357,Fabio Panetta,2022-04-08,207,ecb 2020 op,en,9.061840057373049
359,Luis de Guindos,2022-04-06,41,bank union incomplete,en,9.061840057373049
359,Luis de Guindos,2022-04-06,74,not finish line,en,2.788873672485352
359,Luis de Guindos,2022-04-06,78,became hope,en,9.061840057373049
359,Luis de Guindos,2022-04-06,80,wheel,en,2.2225499153137207
361,Philip R. Lane,2022-03-31,34,latest observation 2021,en,9.061840057373049
361,Philip R. Lane,2022-03-31,47,latest observation 18 2022,en,9.061840057373049
361,Philip R. Lane,2022-03-31,64,latest observation 18 2022,en,9.061840057373049
361,Philip R. Lane,2022-03-31,67,latest observation 2022,en,9.061840057373049
361,Philip R. Lane,2022-03-31,71,latest observation 2022,en,9.061840057373049
361,Philip R. Lane,2022-03-31,119,latest observation fourth 2021,en,9.061840057373049
361,Philip R. Lane,2022-03-31,184,forecast start first 2022,en,9.061840057373049
361,Philip R. Lane,2022-03-31,246,latest observation 25 2022,en,9.061840057373049
361,Philip R. Lane,2022-03-31,276,mean ready wide range instrument fragmentation,en,1.86487340927124
363,Christine Lagarde,2022-03-30,51,income adjust inflation squeez,en,1.97153902053833
363,Christine Lagarde,2022-03-30,105,confident,en,9.061840057373049
363,Christine Lagarde,2022-03-30,108,figure reflect latest gdp 2022,en,0.9720067977905272
368,Christine Lagarde,2022-03-17,55,consideration account current situation,en,0.9188117980957032
368,Christine Lagarde,2022-03-17,88,third variable behaviour wage,en,3.274052143096924
368,Christine Lagarde,2022-03-17,117,clear future adjustment rate gradual,en,9.061840057373049
372,Fabio Panetta,2022-02-28,43,latest observation 2021,en,9.061840057373049
372,Fabio Panetta,2022-02-28,52,latest observation 2021 left 2020 right,en,9.061840057373049
372,Fabio Panetta,2022-02-28,56,latest observation 24 2022,en,9.061840057373049
372,Fabio Panetta,2022-02-28,163,latest observation 15 2022 left 24 2022 right,en,9.061840057373049
372,Fabio Panetta,2022-02-28,173,latest observation 16 2022,en,9.061840057373049
372,Fabio Panetta,2022-02-28,178,latest observation 24 2022,en,9.061840057373049
372,Fabio Panetta,2022-02-28,180,latest observation 24 2022 realis str,en,4.265146732330322
373,Isabel Schnabel,2022-02-24,4,monitor situation closely,en,9.061840057373049
373,Isabel Schnabel,2022-02-24,13,follow first current outlook inflation,en,2.6740822792053223
373,Isabel Schnabel,2022-02-24,101,however not condition fac,en,2.788873672485352
373,Isabel Schnabel,2022-02-24,141,inflation outlook firm start,en,2.69980525970459
376,Fabio Panetta,2022-02-18,19,4 history example,en,3.4977898597717285
376,Fabio Panetta,2022-02-18,164,unit,en,9.061840057373049
376,Fabio Panetta,2022-02-18,175,see mckinsey 2020 2020 mckinsey global payment,en,2.536614418029785
377,Frank Elderson,2022-02-18,21,both bad new new,en,9.061840057373049
377,Frank Elderson,2022-02-18,61,bank ask,en,9.061840057373049
377,Frank Elderson,2022-02-18,68,gap bank,en,9.061840057373049
378,Philip R. Lane,2022-02-17,8,mechanism,en,9.061840057373049
378,Philip R. Lane,2022-02-17,54,latest observation 14 2022,en,9.061840057373049
378,Philip R. Lane,2022-02-17,56,latest observation fourth 2021,en,9.061840057373049
380,Christine Lagarde,2022-02-14,80,first clear,en,9.061840057373049
380,Christine Lagarde,2022-02-14,84,third clear action,en,9.061840057373049
380,Christine Lagarde,2022-02-14,88,mean inclusive,en,9.061840057373049
384,Christine Lagarde,2022-01-14,5,word true time,en,3.770662307739258
384,Christine Lagarde,2022-01-14,6,long way,en,3.274052143096924
384,Christine Lagarde,2022-01-14,72,forward,en,9.061840057373049
389,Christine Lagarde,2021-12-08,8,both common pattern,en,9.061840057373049
389,Christine Lagarde,2021-12-08,62,esrb,en,9.061840057373049
389,Christine Lagarde,2021-12-08,79,mean prepare now,en,3.021581649780273
396,Fabio Panetta,2021-11-24,51,13 chart 2 lefthand,en,3.3408589363098145
396,Fabio Panetta,2021-11-24,53,latest observation 2021,en,9.061840057373049
396,Fabio Panetta,2021-11-24,56,chart 3 lefthand,en,3.3408589363098145
396,Fabio Panetta,2021-11-24,62,chart 4 lefthand,en,3.3408589363098145
396,Fabio Panetta,2021-11-24,85,case,en,9.061840057373049
396,Fabio Panetta,2021-11-24,103,chart 6 lefthand,en,3.3408589363098145
396,Fabio Panetta,2021-11-24,109,chart 7 lefthand,en,3.3408589363098145
396,Fabio Panetta,2021-11-24,115,chart 8 lefthand,en,3.3408589363098145
396,Fabio Panetta,2021-11-24,116,source refinitiv spf ecb calculation,en,0.9008541107177734
396,Fabio Panetta,2021-11-24,142,chart 9 lefthand,en,3.3408589363098145
396,Fabio Panetta,2021-11-24,144,latest observation 2021,en,9.061840057373049
396,Fabio Panetta,2021-11-24,148,chart 10 lefthand,en,3.3408589363098145
396,Fabio Panetta,2021-11-24,167,condition not close met,en,2.788873672485352
396,Fabio Panetta,2021-11-24,239,brent crude usd 5109 31 2020,en,9.061840057373049
396,Fabio Panetta,2021-11-24,248,share income,en,3.021581649780273
400,Isabel Schnabel,2021-11-17,69,6 1974 rose 132,en,9.061840057373049
400,Isabel Schnabel,2021-11-17,70,wage growth stood 12 1972 increas 18 1974,en,3.044527053833008
400,Isabel Schnabel,2021-11-17,141,exchange place 4 13 2021,en,9.061840057373049
411,Christine Lagarde,2021-11-03,12,prevent catastrophe,en,9.061840057373049
411,Christine Lagarde,2021-11-03,32,ecb play role,en,9.061840057373049
411,Christine Lagarde,2021-11-03,102,figure 2 2021,en,9.061840057373049
411,Christine Lagarde,2021-11-03,114,rank 2 2021,en,9.061840057373049
413,Fabio Panetta,2021-10-19,9,worth implication crossborder cbdc,en,9.061840057373049
413,Fabio Panetta,2021-10-19,10,research policy,en,3.4079065322875977
413,Fabio Panetta,2021-10-19,14,replace myth knowledge,en,1.5393552780151367
413,Fabio Panetta,2021-10-19,17,literature international aspect cbdc infancy,en,2.752083301544189
413,Fabio Panetta,2021-10-19,18,contribut literature,en,9.061840057373049
413,Fabio Panetta,2021-10-19,73,different cbdc,en,9.061840057373049
413,Fabio Panetta,2021-10-19,120,21 cooperation not cost however,en,2.788873672485352
413,Fabio Panetta,2021-10-19,139,change,en,9.061840057373049
417,Christine Lagarde,2021-10-12,2,worse,en,9.061840057373049
417,Christine Lagarde,2021-10-12,5,difficult up action,en,1.2683420181274414
417,Christine Lagarde,2021-10-12,13,action,en,9.061840057373049
417,Christine Lagarde,2021-10-12,43,bank not player,en,2.788873672485352
419,Fabio Panetta,2021-10-08,82,third,en,9.061840057373049
419,Fabio Panetta,2021-10-08,97,36 number indicative,en,1.481245517730713
419,Fabio Panetta,2021-10-08,111,43 progress global level fsb,en,2.452521800994873
421,Isabel Schnabel,2021-10-07,14,latest observation 2021 flash,en,9.061840057373049
421,Isabel Schnabel,2021-10-07,46,latest observation 2021,en,9.061840057373049
421,Isabel Schnabel,2021-10-07,88,research,en,9.061840057373049
421,Isabel Schnabel,2021-10-07,122,ipn conclud,en,9.061840057373049
421,Isabel Schnabel,2021-10-07,145,20 conclude,en,9.061840057373049
423,Isabel Schnabel,2021-10-01,18,latest observation 2021,en,9.061840057373049
423,Isabel Schnabel,2021-10-01,26,latest observation 29 2021,en,9.061840057373049
423,Isabel Schnabel,2021-10-01,60,latest observation 1 2021,en,9.061840057373049
423,Isabel Schnabel,2021-10-01,101,latest observation 2021,en,9.061840057373049
423,Isabel Schnabel,2021-10-01,112,last observation 30 2021,en,9.061840057373049
425,Christine Lagarde,2021-09-28,71,three,en,9.061840057373049
425,Christine Lagarde,2021-09-28,88,time force slower pickup service inflation,en,1.2960600852966309
425,Christine Lagarde,2021-09-28,102,24 chance price push up,en,2.7703819274902344
425,Christine Lagarde,2021-09-28,203,134 issue 3 pp,en,3.656414031982422
431,Isabel Schnabel,2021-09-13,32,adjustment insignificant,en,9.061840057373049
431,Isabel Schnabel,2021-09-13,42,briefly now,en,3.612136840820313
431,Isabel Schnabel,2021-09-13,56,halv,en,2.163379669189453
431,Isabel Schnabel,2021-09-13,169,closer 2,en,1.639256477355957
431,Isabel Schnabel,2021-09-13,196,attention,en,9.061840057373049
443,Frank Elderson,2021-06-16,2,new,en,9.061840057373049
443,Frank Elderson,2021-06-16,53,not focu,en,2.788873672485352
443,Frank Elderson,2021-06-16,55,practice now better new,en,2.6740822792053223
443,Frank Elderson,2021-06-16,57,area bank substantial progress,en,9.061840057373049
443,Frank Elderson,2021-06-16,72,conclude,en,9.061840057373049
444,Fabio Panetta,2021-06-15,16,latest observation 2021,en,9.061840057373049
444,Fabio Panetta,2021-06-15,56,vital protect role cash both mean payment store value,en,2.426934242248535
444,Fabio Panetta,2021-06-15,58,four key strategic goal respect,en,3.047835350036621
446,Frank Elderson,2021-06-03,14,specific example change real,en,3.047835350036621
446,Frank Elderson,2021-06-03,37,fsb g20 both issue,en,3.656414031982422
446,Frank Elderson,2021-06-03,109,progress soon,en,2.452521800994873
446,Frank Elderson,2021-06-03,123,ngf become coalition commit,en,1.1740727424621582
446,Frank Elderson,2021-06-03,124,ngf set out coalition,en,2.547461986541748
446,Frank Elderson,2021-06-03,130,horizon act now,en,0.9188117980957032
454,Frank Elderson,2021-04-29,60,exist,en,9.061840057373049
454,Frank Elderson,2021-04-29,64,change,en,9.061840057373049
454,Frank Elderson,2021-04-29,107,swift,en,9.061840057373049
454,Frank Elderson,2021-04-29,113,bank,en,9.061840057373049
454,Frank Elderson,2021-04-29,115,oecd 2017 invest climate invest growth,en,0.9720067977905272
455,Philip R. Lane,2021-04-26,15,data,en,9.061840057373049
455,Philip R. Lane,2021-04-26,16,latest observation fourth 2020,en,9.061840057373049
455,Philip R. Lane,2021-04-26,62,latest observation 2021,en,9.061840057373049
456,Fabio Panetta,2021-04-26,4,view test,en,9.061840057373049
456,Fabio Panetta,2021-04-26,8,outcome,en,9.061840057373049
456,Fabio Panetta,2021-04-26,30,latest observation 2018,en,9.061840057373049
456,Fabio Panetta,2021-04-26,67,latest observation 20 2021,en,9.061840057373049
458,Fabio Panetta,2021-04-14,7,first share main finding consultation,en,3.021581649780273
458,Fabio Panetta,2021-04-14,14,key finding,en,1.8501863479614256
458,Fabio Panetta,2021-04-14,57,complement cash not replace,en,2.788873672485352
458,Fabio Panetta,2021-04-14,76,analysi two,en,9.061840057373049
458,Fabio Panetta,2021-04-14,96,c able smartphone payment terminal,en,9.061840057373049
462,Isabel Schnabel,2021-03-25,19,policy response two factor account,en,9.061840057373049
462,Isabel Schnabel,2021-03-25,60,reaction function,en,9.061840057373049
462,Isabel Schnabel,2021-03-25,78,see useful current real interest rate gap,en,2.536614418029785
462,Isabel Schnabel,2021-03-25,180,35 part 2018 pp,en,9.061840057373049
473,Philip R. Lane,2021-02-25,4,structure follow,en,9.061840057373049
473,Philip R. Lane,2021-02-25,61,latest observation fourth 2020,en,9.061840057373049
473,Philip R. Lane,2021-02-25,86,latest observation 11 2021,en,9.061840057373049
473,Philip R. Lane,2021-02-25,104,2019 refer 31 2019,en,9.061840057373049
482,Isabel Schnabel,2020-12-16,16,money credence,en,9.061840057373049
482,Isabel Schnabel,2020-12-16,138,survey result not reflect,en,2.788873672485352
482,Isabel Schnabel,2020-12-16,168,conclusion outlook conclude,en,2.69980525970459
482,Isabel Schnabel,2020-12-16,218,2016 ecb,en,9.061840057373049
487,Fabio Panetta,2020-11-27,27,not accept,en,2.788873672485352
487,Fabio Panetta,2020-11-27,102,stake noth short future money,en,1.6928634643554688
487,Fabio Panetta,2020-11-27,106,future,en,9.061840057373049
490,Isabel Schnabel,2020-11-24,2,sector economy never return previou size,en,9.061840057373049
490,Isabel Schnabel,2020-11-24,5,1 global value chain reexamin,en,9.061840057373049
490,Isabel Schnabel,2020-11-24,91,evidence mix,en,2.7703819274902344
490,Isabel Schnabel,2020-11-24,110,harder inflation 2 better 1,en,1.481245517730713
490,Isabel Schnabel,2020-11-24,216,2019 consumption respond new inflation,en,4.797717094421387
492,Christine Lagarde,2020-11-20,5,adjust shop pay,en,1.97153902053833
492,Christine Lagarde,2020-11-20,42,lot scope further,en,3.431535243988037
492,Christine Lagarde,2020-11-20,85,technological advance,en,2.387363910675049
492,Christine Lagarde,2020-11-20,97,,en,9.061840057373049
492,Christine Lagarde,2020-11-20,157,2018 fetal shock selection,en,9.061840057373049
500,Yves Mersch,2020-11-04,32,time creative,en,9.061840057373049
500,Yves Mersch,2020-11-04,38,,en,9.061840057373049
500,Yves Mersch,2020-11-04,43,add element,en,9.061840057373049
500,Yves Mersch,2020-11-04,66,tweak,en,9.061840057373049
500,Yves Mersch,2020-11-04,127,long way,en,3.274052143096924
500,Yves Mersch,2020-11-04,155,discussion,en,9.061840057373049
500,Yves Mersch,2020-11-04,171,,en,9.061840057373049
500,Yves Mersch,2020-11-04,177,achiev,en,9.061840057373049
500,Yves Mersch,2020-11-04,183,20 target mean 20 target,en,9.061840057373049
513,Philip R. Lane,2020-10-06,14,latest observation second 2020,en,4.797717094421387
513,Philip R. Lane,2020-10-06,53,latest observation 2 2020,en,9.061840057373049
513,Philip R. Lane,2020-10-06,75,latest observation 2020,en,9.061840057373049
513,Philip R. Lane,2020-10-06,89,first costly,en,1.6444382667541504
518,Fabio Panetta,2020-09-22,18,vertical line refer 19 2020 18 2020,en,2.387363910675049
518,Fabio Panetta,2020-09-22,19,latest observation 18 2020,en,9.061840057373049
518,Fabio Panetta,2020-09-22,94,now forward hear view,en,2.6740822792053223
525,Philip R. Lane,2020-08-27,26,latest observation 2020,en,9.061840057373049
525,Philip R. Lane,2020-08-27,35,latest observation 21 2020,en,9.061840057373049
525,Philip R. Lane,2020-08-27,41,average calculate 2008 2020,en,9.061840057373049
533,Fabio Panetta,2020-07-01,56,phillip curve flatten,en,1.4352803230285645
533,Fabio Panetta,2020-07-01,119,covid19 inevitably structural change,en,3.612136840820313
533,Fabio Panetta,2020-07-01,151,17gordon r 2016 secular stagnation supply side,en,3.612136840820313
544,Philip R. Lane,2020-05-19,48,latest observation 14 2020,en,9.061840057373049
544,Philip R. Lane,2020-05-19,87,latest observation 2020,en,9.061840057373049
544,Philip R. Lane,2020-05-19,104,base sme respective instrument relevant,en,9.061840057373049
552,Isabel Schnabel,2020-02-27,21,back later,en,9.061840057373049
552,Isabel Schnabel,2020-02-27,61,latest observation 18 2020,en,9.061840057373049
552,Isabel Schnabel,2020-02-27,67,identify sign restriction impact,en,9.061840057373049
552,Isabel Schnabel,2020-02-27,150,see two broad repercussion,en,2.536614418029785
552,Isabel Schnabel,2020-02-27,173,xaxi refer shock,en,1.5717406272888184
552,Isabel Schnabel,2020-02-27,179,change course reflect number factor,en,1.301051139831543
556,Philip R. Lane,2020-02-21,45,latest observation 2020,en,9.061840057373049
556,Philip R. Lane,2020-02-21,52,latest observation 14 2020,en,9.061840057373049
556,Philip R. Lane,2020-02-21,94,latest observation 2019,en,9.061840057373049
561,Isabel Schnabel,2020-02-11,100,situation 1970,en,9.061840057373049
561,Isabel Schnabel,2020-02-11,116,effect positive,en,9.061840057373049
561,Isabel Schnabel,2020-02-11,164,two factor significant,en,9.061840057373049
565,Christine Lagarde,2020-02-05,55,first fil knowledge gap,en,1.5393552780151367
565,Christine Lagarde,2020-02-05,75,policy goal,en,9.061840057373049
565,Christine Lagarde,2020-02-05,81,master,en,9.061840057373049
565,Christine Lagarde,2020-02-05,92,1see gr b j mehl,en,2.536614418029785
568,Christine Lagarde,2020-01-16,8,feel,en,9.061840057373049
568,Christine Lagarde,2020-01-16,31,open transparent accessible,en,9.061840057373049
568,Christine Lagarde,2020-01-16,42,fear wont case,en,2.6121206283569336
568,Christine Lagarde,2020-01-16,69,confidence,en,9.061840057373049
571,Luis de Guindos,2020-01-08,1,title apt,en,9.061840057373049
571,Luis de Guindos,2020-01-08,73,initiative,en,9.061840057373049
571,Luis de Guindos,2020-01-08,78,4 initiative valuable input cmu agenda,en,9.061840057373049
571,Luis de Guindos,2020-01-08,93,effort regard,en,9.061840057373049
572,Benoît Cœuré,2019-12-18,23,answer clear no,en,9.061840057373049
572,Benoît Cœuré,2019-12-18,59,proposal farreach,en,9.061840057373049
572,Benoît Cœuré,2019-12-18,111,case forceful policy action,en,2.78085994720459
572,Benoît Cœuré,2019-12-18,112,option,en,9.061840057373049
576,Benoît Cœuré,2019-12-03,13,accountable situation,en,9.061840057373049
576,Benoît Cœuré,2019-12-03,86,15 likely export firm,en,3.612136840820313
576,Benoît Cœuré,2019-12-03,105,capital well invest,en,3.722856521606445
576,Benoît Cœuré,2019-12-03,178,not,en,9.061840057373049
576,Benoît Cœuré,2019-12-03,219,25396 16see c ur b,en,2.536614418029785
579,Philip R. Lane,2019-11-28,17,latest observation 2019,en,9.061840057373049
579,Philip R. Lane,2019-11-28,35,latest observation 2018,en,9.061840057373049
579,Philip R. Lane,2019-11-28,49,latest observation 2013,en,9.061840057373049
579,Philip R. Lane,2019-11-28,54,latest observation 2016,en,9.061840057373049
579,Philip R. Lane,2019-11-28,76,projection begin 2018,en,1.2179069519042969
579,Philip R. Lane,2019-11-28,80,latest observation 2017,en,9.061840057373049
579,Philip R. Lane,2019-11-28,127,latest observation 2019,en,9.061840057373049
579,Philip R. Lane,2019-11-28,139,latest observation 27 2019,en,9.061840057373049
579,Philip R. Lane,2019-11-28,146,latest observation 15 2019,en,9.061840057373049
580,Benoît Cœuré,2019-11-28,8,1 not bad place start,en,2.788873672485352
580,Benoît Cœuré,2019-11-28,61,5 example,en,9.061840057373049
580,Benoît Cœuré,2019-11-28,155,mandate,en,9.061840057373049
580,Benoît Cœuré,2019-11-28,171,successful start now,en,9.061840057373049
583,Yves Mersch,2019-11-25,7,question not bank regulate,en,2.788873672485352
583,Yves Mersch,2019-11-25,8,question regulate,en,9.061840057373049
583,Yves Mersch,2019-11-25,13,regulatory reform gone,en,3.4977898597717285
583,Yves Mersch,2019-11-25,25,output floor,en,9.061840057373049
583,Yves Mersch,2019-11-25,48,macroprudential side,en,9.061840057373049
583,Yves Mersch,2019-11-25,59,trigger,en,9.061840057373049
584,Philip R. Lane,2019-11-25,92,elaborate,en,9.061840057373049
584,Philip R. Lane,2019-11-25,142,25 basic mechanism,en,3.047835350036621
584,Philip R. Lane,2019-11-25,162,latest observation 2019,en,9.061840057373049
588,Luis de Guindos,2019-11-18,3,offer policy consideration,en,1.2960600852966309
588,Luis de Guindos,2019-11-18,19,bank,en,9.061840057373049
588,Luis de Guindos,2019-11-18,32,worth recal new,en,2.387363910675049
590,Yves Mersch,2019-11-15,9,framework two main objective,en,9.061840057373049
590,Yves Mersch,2019-11-15,18,list link national law,en,2.752083301544189
590,Yves Mersch,2019-11-15,83,battle won cooperation,en,2.6121206283569336
601,Mario Draghi,2019-10-11,35,latest bear out,en,9.061840057373049
601,Mario Draghi,2019-10-11,54,courage knowledge however,en,1.5393552780151367
601,Mario Draghi,2019-10-11,103,duty,en,9.061840057373049
601,Mario Draghi,2019-10-11,118,ecb stay confine mandate,en,9.061840057373049
601,Mario Draghi,2019-10-11,126,,en,9.061840057373049
601,Mario Draghi,2019-10-11,152,wind back clock,en,4.797717094421387
601,Mario Draghi,2019-10-11,166,xlv 2007 pp,en,9.061840057373049
601,Mario Draghi,2019-10-11,186,13a percentage potential gdp,en,1.010085105895996
602,Luis de Guindos,2019-10-03,41,2 reason straightforward,en,3.044527053833008
602,Luis de Guindos,2019-10-03,74,first bank union complet,en,9.061840057373049
602,Luis de Guindos,2019-10-03,82,decouple wealth income consumption output,en,2.69980525970459
602,Luis de Guindos,2019-10-03,107,7kiley m robert j,en,9.061840057373049
604,Mario Draghi,2019-10-01,7,question,en,9.061840057373049
604,Mario Draghi,2019-10-01,21,example,en,9.061840057373049
604,Mario Draghi,2019-10-01,109,sense condition prevail time,en,9.061840057373049
604,Mario Draghi,2019-10-01,147,not policy coordination,en,2.788873672485352
604,Mario Draghi,2019-10-01,178,,en,9.061840057373049
604,Mario Draghi,2019-10-01,260,44a percentage potential gdp,en,1.010085105895996
624,Benoît Cœuré,2019-06-25,96,86 sme,en,9.061840057373049
624,Benoît Cœuré,2019-06-25,110,12 incentive align,en,9.061840057373049
624,Benoît Cœuré,2019-06-25,117,renew impetu vital,en,9.061840057373049
635,Luis de Guindos,2019-05-21,5,done,en,9.061840057373049
635,Luis de Guindos,2019-05-21,32,word policy framework,en,1.8501863479614256
635,Luis de Guindos,2019-05-21,47,interest bank,en,9.061840057373049
635,Luis de Guindos,2019-05-21,53,realistic result policy,en,3.047835350036621
635,Luis de Guindos,2019-05-21,61,analytical framework calibrate macroprudential policy,en,2.387363910675049
636,Benoît Cœuré,2019-05-16,25,5 see next,en,2.536614418029785
636,Benoît Cœuré,2019-05-16,30,7 see next,en,2.536614418029785
636,Benoît Cœuré,2019-05-16,38,10 unit figure 10,en,9.061840057373049
636,Benoît Cœuré,2019-05-16,78,20 sectoral phillip curve corroborate finding,en,1.4352803230285645
636,Benoît Cœuré,2019-05-16,102,26 structural transformation ongo,en,2.69980525970459
636,Benoît Cœuré,2019-05-16,254,see imf 2018 op,en,2.536614418029785
638,Peter Praet,2019-05-15,6,last observation refer 2019,en,9.061840057373049
638,Peter Praet,2019-05-15,15,secular stagnation new economic reality,en,3.047835350036621
638,Peter Praet,2019-05-15,53,institution strong order face shock,en,1.301051139831543
641,Sabine Lautenschläger,2019-05-10,27,bank particular simplify landscape,en,9.061840057373049
641,Sabine Lautenschläger,2019-05-10,32,done,en,9.061840057373049
641,Sabine Lautenschläger,2019-05-10,80,forward discussion,en,9.061840057373049
649,Benoît Cœuré,2019-03-29,37,see next,en,2.536614418029785
649,Benoît Cœuré,2019-03-29,50,next two way,en,3.274052143096924
649,Benoît Cœuré,2019-03-29,56,factor relate national institution,en,2.752083301544189
649,Benoît Cœuré,2019-03-29,104,policy subtract growth,en,0.9720067977905272
657,Sabine Lautenschläger,2019-03-12,1,job,en,9.061840057373049
657,Sabine Lautenschläger,2019-03-12,4,let start begin,en,9.061840057373049
657,Sabine Lautenschläger,2019-03-12,19,manage framework simple,en,9.061840057373049
664,Benoît Cœuré,2019-02-15,61,see 4,en,2.536614418029785
664,Benoît Cœuré,2019-02-15,64,last observation 2017,en,9.061840057373049
664,Benoît Cœuré,2019-02-15,88,unit 70,en,9.061840057373049
664,Benoît Cœuré,2019-02-15,89,see 5,en,2.536614418029785
664,Benoît Cœuré,2019-02-15,126,progress slow,en,2.452521800994873
664,Benoît Cœuré,2019-02-15,152,now,en,9.061840057373049
664,Benoît Cœuré,2019-02-15,175,36 see 9,en,2.536614418029785
664,Benoît Cœuré,2019-02-15,199,two broad channel,en,9.061840057373049
664,Benoît Cœuré,2019-02-15,214,time conclude,en,9.061840057373049
665,Sabine Lautenschläger,2019-02-13,17,job,en,9.061840057373049
665,Sabine Lautenschläger,2019-02-13,21,startup fact,en,2.267709255218506
665,Sabine Lautenschläger,2019-02-13,31,example,en,9.061840057373049
665,Sabine Lautenschläger,2019-02-13,90,brexit happen,en,9.061840057373049
665,Sabine Lautenschläger,2019-02-13,141,see crucial topic,en,2.536614418029785
665,Sabine Lautenschläger,2019-02-13,170,incentive important,en,9.061840057373049
665,Sabine Lautenschläger,2019-02-13,171,staff behaviour earn bonu promot,en,1.6325669288635254
665,Sabine Lautenschläger,2019-02-13,184,sure busy time,en,2.88490629196167
668,Yves Mersch,2019-02-04,31,adjust,en,9.061840057373049
668,Yves Mersch,2019-02-04,32,change,en,9.061840057373049
668,Yves Mersch,2019-02-04,42,discussion ongo,en,2.69980525970459
668,Yves Mersch,2019-02-04,68,responsible instrument,en,9.061840057373049
670,Benoît Cœuré,2019-01-31,13,,en,9.061840057373049
670,Benoît Cœuré,2019-01-31,41,clear sign chang,en,9.061840057373049
670,Benoît Cœuré,2019-01-31,42,chart 1 important,en,9.061840057373049
670,Benoît Cœuré,2019-01-31,70,see chart 3,en,2.536614418029785
670,Benoît Cœuré,2019-01-31,97,third system safe age fintech,en,9.061840057373049
670,Benoît Cœuré,2019-01-31,98,start,en,9.061840057373049
670,Benoît Cœuré,2019-01-31,135,better,en,9.061840057373049
670,Benoît Cœuré,2019-01-31,142,1i paul wong contribution,en,2.6121206283569336
672,Sabine Lautenschläger,2019-01-17,1,play safe,en,9.061840057373049
672,Sabine Lautenschläger,2019-01-17,29,clear,en,9.061840057373049
672,Sabine Lautenschläger,2019-01-17,59,affect regulation supervision adapt,en,9.061840057373049
672,Sabine Lautenschläger,2019-01-17,62,framework fragment,en,9.061840057373049
672,Sabine Lautenschläger,2019-01-17,71,concern rest,en,9.061840057373049
672,Sabine Lautenschläger,2019-01-17,128,ecb bank supervision part,en,9.061840057373049
672,Sabine Lautenschläger,2019-01-17,131,impact technological change bank,en,2.387363910675049
672,Sabine Lautenschläger,2019-01-17,134,reshape priority,en,9.061840057373049
672,Sabine Lautenschläger,2019-01-17,136,example,en,9.061840057373049
672,Sabine Lautenschläger,2019-01-17,144,apply,en,9.061840057373049
673,Mario Draghi,2019-01-15,73,4 conclude,en,9.061840057373049
673,Mario Draghi,2019-01-15,94,three,en,9.061840057373049
673,Mario Draghi,2019-01-15,120,answer no,en,9.061840057373049
673,Mario Draghi,2019-01-15,123,macroprudential tool national government,en,2.752083301544189
673,Mario Draghi,2019-01-15,130,two main reason,en,3.044527053833008
673,Mario Draghi,2019-01-15,154,mean term number,en,9.061840057373049
673,Mario Draghi,2019-01-15,166,unemployment,en,9.061840057373049
673,Mario Draghi,2019-01-15,170,answer absolutely no,en,3.612136840820313
673,Mario Draghi,2019-01-15,199,brexit,en,9.061840057373049
673,Mario Draghi,2019-01-15,200,trade tension china,en,9.061840057373049
677,Mario Draghi,2018-12-15,51,social cost high,en,9.061840057373049
677,Mario Draghi,2018-12-15,107,not obviou,en,2.788873672485352
677,Mario Draghi,2018-12-15,119,,en,9.061840057373049
678,Sabine Lautenschläger,2018-12-14,8,general idea reform,en,9.061840057373049
678,Sabine Lautenschläger,2018-12-14,29,basic,en,9.061840057373049
678,Sabine Lautenschläger,2018-12-14,34,major set reform implement,en,9.061840057373049
678,Sabine Lautenschläger,2018-12-14,35,spe play role substance important,en,2.7703819274902344
678,Sabine Lautenschläger,2018-12-14,38,fear not case,en,2.788873672485352
678,Sabine Lautenschläger,2018-12-14,45,however change,en,9.061840057373049
678,Sabine Lautenschläger,2018-12-14,54,back basel,en,9.061840057373049
678,Sabine Lautenschläger,2018-12-14,56,key feature reform global nature,en,1.8501863479614256
678,Sabine Lautenschläger,2018-12-14,60,supervision count,en,9.061840057373049
678,Sabine Lautenschläger,2018-12-14,71,answer yes finalis,en,1.8858652114868164
678,Sabine Lautenschläger,2018-12-14,72,key implement reform actual law,en,1.008133888244629
685,Peter Praet,2018-11-26,23,latest observation 2018,en,9.061840057373049
685,Peter Praet,2018-11-26,56,latest observation 2018q2,en,9.061840057373049
685,Peter Praet,2018-11-26,72,rate forward guidance twoprong,en,2.7703819274902344
685,Peter Praet,2018-11-26,81,latest observation 16 2018,en,9.061840057373049
688,Luis de Guindos,2018-11-15,38,stock npl high bank,en,1.8555011749267576
688,Luis de Guindos,2018-11-15,39,elaborate issue,en,3.656414031982422
688,Luis de Guindos,2018-11-15,46,policy action role condition,en,2.78085994720459
688,Luis de Guindos,2018-11-15,139,specific,en,9.061840057373049
689,Benoît Cœuré,2018-11-15,3,ninth iteration,en,9.061840057373049
689,Benoît Cœuré,2018-11-15,34,next publish final matter,en,2.752083301544189
689,Benoît Cœuré,2018-11-15,56,6 example two often,en,4.810551643371582
689,Benoît Cœuré,2018-11-15,105,rest history,en,9.061840057373049
690,Sabine Lautenschläger,2018-11-13,0,four bank union stand,en,9.061840057373049
690,Sabine Lautenschläger,2018-11-13,20,two,en,9.061840057373049
690,Sabine Lautenschläger,2018-11-13,25,legislator,en,9.061840057373049
690,Sabine Lautenschläger,2018-11-13,30,bank area,en,2.8628382682800293
690,Sabine Lautenschläger,2018-11-13,34,not bank,en,2.788873672485352
690,Sabine Lautenschläger,2018-11-13,41,attention forward discussion,en,9.061840057373049
695,Sabine Lautenschläger,2018-11-06,4,answer not contradict,en,2.788873672485352
695,Sabine Lautenschläger,2018-11-06,8,focu,en,9.061840057373049
695,Sabine Lautenschläger,2018-11-06,9,sense caught two stool,en,2.204115867614746
695,Sabine Lautenschläger,2018-11-06,59,scope improvement,en,9.061840057373049
695,Sabine Lautenschläger,2018-11-06,84,change,en,9.061840057373049
695,Sabine Lautenschläger,2018-11-06,86,now forward discussion,en,2.6740822792053223
696,Sabine Lautenschläger,2018-10-30,18,ad layer complexity,en,9.061840057373049
696,Sabine Lautenschläger,2018-10-30,56,time framework new happen,en,9.061840057373049
696,Sabine Lautenschläger,2018-10-30,83,mere boxtick,en,9.061840057373049
696,Sabine Lautenschläger,2018-10-30,115,bank,en,9.061840057373049
696,Sabine Lautenschläger,2018-10-30,121,let,en,9.061840057373049
696,Sabine Lautenschläger,2018-10-30,159,doesnt mean relax,en,9.061840057373049
696,Sabine Lautenschläger,2018-10-30,181,way right,en,9.061840057373049
696,Sabine Lautenschläger,2018-10-30,194,impact bank customer,en,9.061840057373049
696,Sabine Lautenschläger,2018-10-30,209,safe not,en,9.061840057373049
696,Sabine Lautenschläger,2018-10-30,211,exchange view,en,9.061840057373049
697,Benoît Cœuré,2018-10-26,30,see next,en,2.536614418029785
697,Benoît Cœuré,2018-10-26,39,2017 share 25,en,3.021581649780273
697,Benoît Cœuré,2018-10-26,75,1in annual sum,en,4.74055814743042
702,Sabine Lautenschläger,2018-10-12,5,birthday happy,en,9.061840057373049
702,Sabine Lautenschläger,2018-10-12,13,urgency reform immediately clear,en,3.612136840820313
702,Sabine Lautenschläger,2018-10-12,15,,en,9.061840057373049
702,Sabine Lautenschläger,2018-10-12,37,play role settl payment bank,en,1.9051647186279297
702,Sabine Lautenschläger,2018-10-12,60,set apart bank,en,9.061840057373049
702,Sabine Lautenschläger,2018-10-12,69,function,en,9.061840057373049
702,Sabine Lautenschläger,2018-10-12,70,objective,en,9.061840057373049
702,Sabine Lautenschläger,2018-10-12,81,,en,9.061840057373049
702,Sabine Lautenschläger,2018-10-12,83,analysi policy,en,9.061840057373049
702,Sabine Lautenschläger,2018-10-12,92,important,en,9.061840057373049
702,Sabine Lautenschläger,2018-10-12,94,tool prerequisite place,en,9.061840057373049
702,Sabine Lautenschläger,2018-10-12,132,risk,en,9.061840057373049
702,Sabine Lautenschläger,2018-10-12,139,practice,en,9.061840057373049
702,Sabine Lautenschläger,2018-10-12,196,first system resilient shock,en,9.061840057373049
702,Sabine Lautenschläger,2018-10-12,216,11 practice,en,9.061840057373049
702,Sabine Lautenschläger,2018-10-12,231,way simplify spe up current multistep process,en,1.2683420181274414
702,Sabine Lautenschläger,2018-10-12,330,answer not clearcut,en,2.788873672485352
702,Sabine Lautenschläger,2018-10-12,332,cant,en,9.061840057373049
704,Benoît Cœuré,2018-10-04,8,next 15 minute,en,9.061840057373049
704,Benoît Cœuré,2018-10-04,31,minute,en,9.061840057373049
704,Benoît Cœuré,2018-10-04,61,see next,en,2.536614418029785
709,Peter Praet,2018-09-20,66,latest observation 2018,en,9.061840057373049
709,Peter Praet,2018-09-20,69,last observation 2018,en,9.061840057373049
709,Peter Praet,2018-09-20,82,latest observation 7 2018,en,9.061840057373049
709,Peter Praet,2018-09-20,121,estimation sample 1999q1 2018q2,en,9.061840057373049
710,Mario Draghi,2018-09-19,36,large,en,9.061840057373049
710,Mario Draghi,2018-09-19,40,case,en,9.061840057373049
710,Mario Draghi,2018-09-19,66,11 sector gap widest service,en,0.9313678741455078
710,Mario Draghi,2018-09-19,83,place two main channel,en,9.061840057373049
710,Mario Draghi,2018-09-19,101,,en,9.061840057373049
710,Mario Draghi,2018-09-19,149,objective achiev,en,0.9003105163574219
710,Mario Draghi,2018-09-19,163,17 1989,en,9.061840057373049
710,Mario Draghi,2018-09-19,175,figure 26 period,en,9.061840057373049
719,Sabine Lautenschläger,2018-07-10,32,second ensure cooperation,en,4.797717094421387
719,Sabine Lautenschläger,2018-07-10,65,mmsr never cooperation,en,9.061840057373049
719,Sabine Lautenschläger,2018-07-10,67,course institution cooperate bank,en,9.061840057373049
719,Sabine Lautenschläger,2018-07-10,69,smooth cooperation start,en,9.061840057373049
719,Sabine Lautenschläger,2018-07-10,144,aurel,en,9.061840057373049
721,Yves Mersch,2018-07-05,38,proposal two flavour,en,9.061840057373049
721,Yves Mersch,2018-07-05,77,beauty backstop,en,3.1631383895874023
721,Yves Mersch,2018-07-05,142,forward,en,9.061840057373049
731,Sabine Lautenschläger,2018-05-29,19,return normal,en,9.061840057373049
731,Sabine Lautenschläger,2018-05-29,46,economic expansion solid broadbas,en,3.047835350036621
731,Sabine Lautenschläger,2018-05-29,48,short real economy well,en,1.86487340927124
731,Sabine Lautenschläger,2018-05-29,53,general term two force play,en,9.061840057373049
731,Sabine Lautenschläger,2018-05-29,54,first phillip curve chang,en,1.4352803230285645
731,Sabine Lautenschläger,2018-05-29,61,amount slack larger,en,9.061840057373049
731,Sabine Lautenschläger,2018-05-29,65,wage growth increas 11 mid2016 18 fourth 2017,en,3.044527053833008
731,Sabine Lautenschläger,2018-05-29,77,time tool place,en,9.061840057373049
731,Sabine Lautenschläger,2018-05-29,90,,en,9.061840057373049
731,Sabine Lautenschläger,2018-05-29,94,redefine target,en,9.061840057373049
731,Sabine Lautenschläger,2018-05-29,97,let start begin,en,9.061840057373049
731,Sabine Lautenschläger,2018-05-29,118,mean future,en,9.061840057373049
731,Sabine Lautenschläger,2018-05-29,120,not happen,en,2.788873672485352
731,Sabine Lautenschläger,2018-05-29,146,cost,en,9.061840057373049
731,Sabine Lautenschläger,2018-05-29,162,realistic,en,9.061840057373049
731,Sabine Lautenschläger,2018-05-29,177,concern,en,9.061840057373049
731,Sabine Lautenschläger,2018-05-29,209,involve conflict interest,en,9.061840057373049
731,Sabine Lautenschläger,2018-05-29,232,refin test,en,3.0734171867370605
731,Sabine Lautenschläger,2018-05-29,237,borrowerbas tool promis,en,2.629415512084961
731,Sabine Lautenschläger,2018-05-29,238,asia now,en,9.061840057373049
731,Sabine Lautenschläger,2018-05-29,266,now income,en,2.6740822792053223
731,Sabine Lautenschläger,2018-05-29,275,second effect temporary,en,4.797717094421387
731,Sabine Lautenschläger,2018-05-29,277,third effect symmetric,en,9.061840057373049
731,Sabine Lautenschläger,2018-05-29,285,clear conflict interest tool achieve two objective once,en,2.284790515899658
731,Sabine Lautenschläger,2018-05-29,313,,en,9.061840057373049
732,Benoît Cœuré,2018-05-25,24,3 perception matter,en,1.8096156120300293
732,Benoît Cœuré,2018-05-25,58,,en,9.061840057373049
732,Benoît Cœuré,2018-05-25,63,14,en,9.061840057373049
733,Benoît Cœuré,2018-05-14,6,,en,9.061840057373049
733,Benoît Cœuré,2018-05-14,55,see potential motivation next,en,2.536614418029785
733,Benoît Cœuré,2018-05-14,118,26 see next,en,2.536614418029785
733,Benoît Cœuré,2018-05-14,124,first social cost,en,9.061840057373049
733,Benoît Cœuré,2018-05-14,139,none observ course,en,9.061840057373049
733,Benoît Cœuré,2018-05-14,146,way,en,9.061840057373049
734,Sabine Lautenschläger,2018-05-14,10,happy,en,9.061840057373049
734,Sabine Lautenschläger,2018-05-14,13,bank union place,en,9.061840057373049
734,Sabine Lautenschläger,2018-05-14,33,bank union,en,9.061840057373049
734,Sabine Lautenschläger,2018-05-14,38,example,en,9.061840057373049
734,Sabine Lautenschläger,2018-05-14,40,bank,en,9.061840057373049
734,Sabine Lautenschläger,2018-05-14,75,two,en,9.061840057373049
734,Sabine Lautenschläger,2018-05-14,85,bank supervision,en,9.061840057373049
734,Sabine Lautenschläger,2018-05-14,89,,en,9.061840057373049
734,Sabine Lautenschläger,2018-05-14,104,vision,en,9.061840057373049
734,Sabine Lautenschläger,2018-05-14,105,,en,9.061840057373049
734,Sabine Lautenschläger,2018-05-14,113,scope act,en,0.9003105163574219
734,Sabine Lautenschläger,2018-05-14,157,bank union place,en,9.061840057373049
734,Sabine Lautenschläger,2018-05-14,158,lot gain,en,0.9720067977905272
734,Sabine Lautenschläger,2018-05-14,165,part bank union share,en,9.061840057373049
734,Sabine Lautenschläger,2018-05-14,167,price paid,en,9.061840057373049
734,Sabine Lautenschläger,2018-05-14,184,short cooperate,en,9.061840057373049
734,Sabine Lautenschläger,2018-05-14,189,bank supervision,en,9.061840057373049
734,Sabine Lautenschläger,2018-05-14,211,bank union,en,9.061840057373049
734,Sabine Lautenschläger,2018-05-14,232,happen progress,en,9.061840057373049
734,Sabine Lautenschläger,2018-05-14,259,learn,en,9.061840057373049
734,Sabine Lautenschläger,2018-05-14,260,together,en,3.431535243988037
736,Sabine Lautenschläger,2018-05-14,5,bit,en,9.061840057373049
736,Sabine Lautenschläger,2018-05-14,13,achieve next 60,en,9.061840057373049
736,Sabine Lautenschläger,2018-05-14,17,hope together,en,3.431535243988037
736,Sabine Lautenschläger,2018-05-14,55,wil accept meaningful change institutional framework,en,2.752083301544189
736,Sabine Lautenschläger,2018-05-14,93,incentive healthy,en,9.061840057373049
736,Sabine Lautenschläger,2018-05-14,101,bottom line simple,en,9.061840057373049
736,Sabine Lautenschläger,2018-05-14,108,importance clear,en,2.7703819274902344
737,Yves Mersch,2018-05-14,79,broader perspective regulation,en,1.2960600852966309
737,Yves Mersch,2018-05-14,89,vcs central counterparty ccp monitor,en,3.1631383895874023
737,Yves Mersch,2018-05-14,121,2018 bitcoin credit,en,9.061840057373049
741,Benoît Cœuré,2018-04-23,2,number reason,en,3.044527053833008
741,Benoît Cœuré,2018-04-23,16,return minute,en,1.8096156120300293
741,Benoît Cœuré,2018-04-23,25,first international cooperation,en,2.752083301544189
743,Benoît Cœuré,2018-04-12,0,scar never,en,9.061840057373049
743,Benoît Cœuré,2018-04-12,31,7 institution revis,en,9.061840057373049
743,Benoît Cœuré,2018-04-12,44,see next start 1970,en,2.536614418029785
743,Benoît Cœuré,2018-04-12,46,boom bust,en,9.061840057373049
744,Mario Draghi,2018-04-11,42,thankful,en,3.3408589363098145
744,Mario Draghi,2018-04-11,50,graeff first all,en,9.061840057373049
744,Mario Draghi,2018-04-11,59,answer integration,en,1.481245517730713
744,Mario Draghi,2018-04-11,73,happen,en,9.061840057373049
744,Mario Draghi,2018-04-11,84,notion,en,9.061840057373049
744,Mario Draghi,2018-04-11,97,development,en,9.061840057373049
744,Mario Draghi,2018-04-11,142,confident happen,en,9.061840057373049
744,Mario Draghi,2018-04-11,143,fact happen,en,9.061840057373049
744,Mario Draghi,2018-04-11,159,graeff alway,en,2.274934768676758
744,Mario Draghi,2018-04-11,181,not internal,en,2.788873672485352
744,Mario Draghi,2018-04-11,185,development,en,9.061840057373049
744,Mario Draghi,2018-04-11,197,factor account,en,9.061840057373049
744,Mario Draghi,2018-04-11,202,effect confidence important,en,2.7703819274902344
744,Mario Draghi,2018-04-11,213,2010 2011,en,9.061840057373049
744,Mario Draghi,2018-04-11,217,economic,en,9.061840057373049
744,Mario Draghi,2018-04-11,220,graeff mr,en,9.061840057373049
747,Sabine Lautenschläger,2018-03-22,10,however regulation,en,9.061840057373049
747,Sabine Lautenschläger,2018-03-22,24,change,en,9.061840057373049
747,Sabine Lautenschläger,2018-03-22,27,not not,en,2.788873672485352
748,Yves Mersch,2018-03-19,63,reason,en,3.044527053833008
748,Yves Mersch,2018-03-19,109,mandate price stability,en,0.9760494232177734
748,Yves Mersch,2018-03-19,134,potential complication relate public sector purchas,en,3.047835350036621
748,Yves Mersch,2018-03-19,140,question time now,en,2.701602935791016
749,Sabine Lautenschläger,2018-03-15,21,inescapable truth bank,en,9.061840057373049
749,Sabine Lautenschläger,2018-03-15,28,economy not,en,9.061840057373049
749,Sabine Lautenschläger,2018-03-15,32,done,en,9.061840057373049
749,Sabine Lautenschläger,2018-03-15,40,view not,en,9.061840057373049
749,Sabine Lautenschläger,2018-03-15,69,contagion subtle,en,9.061840057373049
749,Sabine Lautenschläger,2018-03-15,115,bank back track,en,9.061840057373049
749,Sabine Lautenschläger,2018-03-15,155,obstacle remov,en,9.061840057373049
749,Sabine Lautenschläger,2018-03-15,178,react,en,9.061840057373049
749,Sabine Lautenschläger,2018-03-15,213,foot bill,en,9.061840057373049
749,Sabine Lautenschläger,2018-03-15,217,reason,en,3.044527053833008
749,Sabine Lautenschläger,2018-03-15,218,practice,en,9.061840057373049
749,Sabine Lautenschläger,2018-03-15,267,exception however,en,1.7192659378051758
749,Sabine Lautenschläger,2018-03-15,279,bank solvent not future,en,2.788873672485352
749,Sabine Lautenschläger,2018-03-15,315,issue,en,9.061840057373049
749,Sabine Lautenschläger,2018-03-15,351,bank profitable resilient first place,en,9.061840057373049
751,Peter Praet,2018-03-14,31,latest observation 7 2018,en,9.061840057373049
751,Peter Praet,2018-03-14,146,latest observation 2018,en,9.061840057373049
751,Peter Praet,2018-03-14,160,latest observation 2 2018,en,9.061840057373049
754,Sabine Lautenschläger,2018-03-09,1,didnt well,en,2.575860977172852
754,Sabine Lautenschläger,2018-03-09,28,bank aware,en,9.061840057373049
754,Sabine Lautenschläger,2018-03-09,61,done,en,9.061840057373049
757,Benoît Cœuré,2018-02-23,10,3 first aspect relate interaction interest rate forward guidance asset purchas,en,2.7703819274902344
757,Benoît Cœuré,2018-02-23,26,money mouth,en,9.061840057373049
757,Benoît Cœuré,2018-02-23,58,not,en,9.061840057373049
757,Benoît Cœuré,2018-02-23,63,see previou,en,2.536614418029785
757,Benoît Cœuré,2018-02-23,100,inward shift supply curve,en,3.612136840820313
757,Benoît Cœuré,2018-02-23,149,black dot,en,9.061840057373049
759,Benoît Cœuré,2018-02-16,8,structural headwind however,en,4.797717094421387
759,Benoît Cœuré,2018-02-16,17,2016 share 30,en,3.021581649780273
759,Benoît Cœuré,2018-02-16,18,global economy robust ago,en,1.97153902053833
759,Benoît Cœuré,2018-02-16,88,implication trade twofold,en,2.701602935791016
759,Benoît Cœuré,2018-02-16,97,nomad firm global value chain,en,2.5332202911376958
759,Benoît Cœuré,2018-02-16,167,realistic,en,9.061840057373049
759,Benoît Cœuré,2018-02-16,171,history corroborate view,en,3.4977898597717285
760,Sabine Lautenschläger,2018-02-15,25,grow up,en,2.6740822792053223
760,Sabine Lautenschläger,2018-02-15,28,time achiev,en,0.9003105163574219
760,Sabine Lautenschläger,2018-02-15,39,story bit simple course,en,3.4977898597717285
760,Sabine Lautenschläger,2018-02-15,43,tool macroprudential policy reflect objective,en,9.061840057373049
760,Sabine Lautenschläger,2018-02-15,71,conflict interest,en,9.061840057373049
760,Sabine Lautenschläger,2018-02-15,116,sense,en,9.061840057373049
760,Sabine Lautenschläger,2018-02-15,177,factor play,en,9.061840057373049
760,Sabine Lautenschläger,2018-02-15,192,against backdrop active macroprudential policy,en,9.061840057373049
760,Sabine Lautenschläger,2018-02-15,204,mature,en,9.061840057373049
764,Benoît Cœuré,2018-02-02,21,bolder,en,9.061840057373049
764,Benoît Cœuré,2018-02-02,37,2016 5 recommendation implement,en,9.061840057373049
764,Benoît Cœuré,2018-02-02,97,discussion time,en,2.701602935791016
766,Benoît Cœuré,2018-01-31,18,start 2017 difference 130 basi,en,2.7703819274902344
766,Benoît Cœuré,2018-01-31,28,interpretation incorrect however,en,9.061840057373049
766,Benoît Cœuré,2018-01-31,30,see,en,9.061840057373049
766,Benoît Cœuré,2018-01-31,86,convey two message,en,2.88490629196167
767,Yves Mersch,2018-01-30,34,back later,en,9.061840057373049
767,Yves Mersch,2018-01-30,98,not backstop,en,2.788873672485352
767,Yves Mersch,2018-01-30,122,bank,en,9.061840057373049
772,Peter Praet,2017-11-30,2,breadth expansion notable,en,9.061840057373049
772,Peter Praet,2017-11-30,130,2017 country implement structural reform,en,3.4977898597717285
772,Peter Praet,2017-11-30,152,economic policy reform 2012 growth,en,3.047835350036621
774,Benoît Cœuré,2017-11-24,13,byproduct increas technology,en,3.044527053833008
774,Benoît Cœuré,2017-11-24,144,28 potential change course policy,en,9.061840057373049
774,Benoît Cœuré,2017-11-24,159,see im,en,2.536614418029785
774,Benoît Cœuré,2017-11-24,212,88 special issue 1 pp,en,3.656414031982422
774,Benoît Cœuré,2017-11-24,219,2016 nowcast new topic,en,1.002420425415039
778,Sabine Lautenschläger,2017-11-20,12,regard bank not rope break,en,2.788873672485352
778,Sabine Lautenschläger,2017-11-20,30,way,en,9.061840057373049
778,Sabine Lautenschläger,2017-11-20,41,bank,en,9.061840057373049
778,Sabine Lautenschläger,2017-11-20,51,realistic,en,9.061840057373049
778,Sabine Lautenschläger,2017-11-20,52,governance order,en,2.7703819274902344
778,Sabine Lautenschläger,2017-11-20,81,deal,en,9.061840057373049
778,Sabine Lautenschläger,2017-11-20,110,bank,en,9.061840057373049
778,Sabine Lautenschläger,2017-11-20,130,become wellestablish bank,en,9.061840057373049
778,Sabine Lautenschläger,2017-11-20,141,local staff,en,2.387363910675049
778,Sabine Lautenschläger,2017-11-20,173,achieve trim,en,9.061840057373049
778,Sabine Lautenschläger,2017-11-20,186,mid2018 conduct 120 onsite inspection,en,9.061840057373049
778,Sabine Lautenschläger,2017-11-20,190,,en,9.061840057373049
778,Sabine Lautenschläger,2017-11-20,197,update guide trim,en,9.061840057373049
778,Sabine Lautenschläger,2017-11-20,200,course seek feedback bank update guide,en,1.9051647186279297
779,Mario Draghi,2017-11-17,6,three factor particular,en,2.536614418029785
779,Mario Draghi,2017-11-17,10,global pmi strong,en,9.061840057373049
779,Mario Draghi,2017-11-17,84,9 true global slack,en,9.061840057373049
779,Mario Draghi,2017-11-17,99,reduc pace purchas,en,9.061840057373049
779,Mario Draghi,2017-11-17,113,1 consolidate basi,en,9.061840057373049
779,Mario Draghi,2017-11-17,119,4 people aged 1564,en,1.109874248504639
783,Benoît Cœuré,2017-11-14,38,see first,en,2.536614418029785
783,Benoît Cœuré,2017-11-14,41,see next,en,2.536614418029785
783,Benoît Cœuré,2017-11-14,48,6 reason,en,3.044527053833008
783,Benoît Cœuré,2017-11-14,64,reverse supply effect visible chart,en,3.612136840820313
783,Benoît Cœuré,2017-11-14,74,see,en,9.061840057373049
783,Benoît Cœuré,2017-11-14,77,see previou,en,2.536614418029785
783,Benoît Cœuré,2017-11-14,85,see next,en,2.536614418029785
783,Benoît Cœuré,2017-11-14,106,see next,en,2.536614418029785
783,Benoît Cœuré,2017-11-14,117,offer short preview,en,1.5717406272888184
784,Sabine Lautenschläger,2017-11-14,0,bank supervision next,en,9.061840057373049
784,Sabine Lautenschläger,2017-11-14,16,npl legacy issue,en,3.656414031982422
784,Sabine Lautenschläger,2017-11-14,24,imperative out npl,en,2.547461986541748
784,Sabine Lautenschläger,2017-11-14,27,npl high part bank sector,en,1.8555011749267576
784,Sabine Lautenschläger,2017-11-14,28,bank act,en,9.061840057373049
784,Sabine Lautenschläger,2017-11-14,29,time not better,en,2.788873672485352
784,Sabine Lautenschläger,2017-11-14,33,right governance,en,0.9720067977905272
784,Sabine Lautenschläger,2017-11-14,43,set out bank provision future npl,en,2.547461986541748
788,Vítor Constâncio,2017-11-09,11,public policy,en,3.047835350036621
788,Vítor Constâncio,2017-11-09,167,forward done,en,9.061840057373049
788,Vítor Constâncio,2017-11-09,260,34 see bayoumi t 2017 ibid 73,en,2.536614418029785
793,Benoît Cœuré,2017-11-03,23,second,en,9.061840057373049
793,Benoît Cœuré,2017-11-03,44,3 insight gain breakdown,en,0.9720067977905272
793,Benoît Cœuré,2017-11-03,92,14 shock identify standard sign restriction,en,9.061840057373049
793,Benoît Cœuré,2017-11-03,101,not,en,9.061840057373049
793,Benoît Cœuré,2017-11-03,106,visible 6,en,9.061840057373049
794,Peter Praet,2017-10-27,2,theme wellchosen,en,9.061840057373049
794,Peter Praet,2017-10-27,19,confusion stand,en,9.061840057373049
794,Peter Praet,2017-10-27,51,complement,en,9.061840057373049
797,Sabine Lautenschläger,2017-10-16,32,bank sector become global,en,1.1740727424621582
797,Sabine Lautenschläger,2017-10-16,39,confident case,en,9.061840057373049
797,Sabine Lautenschläger,2017-10-16,54,way forward,en,1.8501863479614256
803,Benoît Cœuré,2017-10-12,37,ccp oversight supervision,en,9.061840057373049
803,Benoît Cœuré,2017-10-12,116,close,en,9.061840057373049
803,Benoît Cœuré,2017-10-12,123,first cooperation regulator both border,en,9.061840057373049
806,Sabine Lautenschläger,2017-10-09,30,done,en,9.061840057373049
806,Sabine Lautenschläger,2017-10-09,37,second let right now,en,4.797717094421387
806,Sabine Lautenschläger,2017-10-09,56,ecb goal healthy bank alive,en,9.061840057373049
806,Sabine Lautenschläger,2017-10-09,97,became clear ecb,en,9.061840057373049
806,Sabine Lautenschläger,2017-10-09,99,done,en,9.061840057373049
806,Sabine Lautenschläger,2017-10-09,136,case alternative,en,9.061840057373049
806,Sabine Lautenschläger,2017-10-09,181,bit stuck,en,9.061840057373049
806,Sabine Lautenschläger,2017-10-09,188,factor weigh inflation,en,1.8555011749267576
806,Sabine Lautenschläger,2017-10-09,212,question time,en,2.701602935791016
806,Sabine Lautenschläger,2017-10-09,226,final part future,en,2.752083301544189
806,Sabine Lautenschläger,2017-10-09,245,time accountable,en,0.9003105163574219
806,Sabine Lautenschläger,2017-10-09,256,decide timeframe,en,9.061840057373049
806,Sabine Lautenschläger,2017-10-09,263,critical,en,9.061840057373049
806,Sabine Lautenschläger,2017-10-09,271,view time,en,9.061840057373049
807,Yves Mersch,2017-10-09,3,specific example,en,3.047835350036621
807,Yves Mersch,2017-10-09,121,humility,en,9.061840057373049
807,Yves Mersch,2017-10-09,174,noth fear fear,en,9.061840057373049
807,Yves Mersch,2017-10-09,180,2012 economic growth,en,3.047835350036621
809,Sabine Lautenschläger,2017-09-28,25,regulatory base solid,en,3.4977898597717285
809,Sabine Lautenschläger,2017-09-28,26,solid level,en,9.061840057373049
809,Sabine Lautenschläger,2017-09-28,30,bold view,en,2.9972290992736816
809,Sabine Lautenschläger,2017-09-28,33,political landscape chang,en,2.387363910675049
809,Sabine Lautenschläger,2017-09-28,51,country strict,en,3.4977898597717285
809,Sabine Lautenschläger,2017-09-28,56,difference country,en,2.7703819274902344
809,Sabine Lautenschläger,2017-09-28,57,progress,en,9.061840057373049
809,Sabine Lautenschläger,2017-09-28,82,happen,en,9.061840057373049
809,Sabine Lautenschläger,2017-09-28,92,unexpect alway happen,en,9.061840057373049
809,Sabine Lautenschläger,2017-09-28,100,waste,en,2.837219715118408
809,Sabine Lautenschläger,2017-09-28,105,end both,en,4.797717094421387
809,Sabine Lautenschläger,2017-09-28,111,right tool course,en,2.284790515899658
809,Sabine Lautenschläger,2017-09-28,178,reason away,en,3.044527053833008
809,Sabine Lautenschläger,2017-09-28,180,,en,9.061840057373049
809,Sabine Lautenschläger,2017-09-28,181,bank sector mean align incentive,en,9.061840057373049
809,Sabine Lautenschläger,2017-09-28,200,delicate matter,en,9.061840057373049
809,Sabine Lautenschläger,2017-09-28,220,done,en,9.061840057373049
814,Mario Draghi,2017-09-22,4,warm all,en,9.061840057373049
814,Mario Draghi,2017-09-22,31,situation now,en,9.061840057373049
814,Mario Draghi,2017-09-22,40,3 greece spain number 23 21 respectively,en,9.061840057373049
814,Mario Draghi,2017-09-22,119,condition first place,en,9.061840057373049
814,Mario Draghi,2017-09-22,132,not live subsidy,en,2.788873672485352
814,Mario Draghi,2017-09-22,142,labour economic 12 4 487509,en,3.047835350036621
817,Sabine Lautenschläger,2017-09-18,2,,en,9.061840057373049
817,Sabine Lautenschläger,2017-09-18,11,briefly begin regulation,en,3.612136840820313
817,Sabine Lautenschläger,2017-09-18,39,danger,en,1.282420635223389
817,Sabine Lautenschläger,2017-09-18,42,way example spe limit,en,9.061840057373049
817,Sabine Lautenschläger,2017-09-18,54,leave two option,en,2.492818832397461
817,Sabine Lautenschläger,2017-09-18,113,speak successful adjustment,en,9.061840057373049
818,Sabine Lautenschläger,2017-09-15,6,question,en,9.061840057373049
818,Sabine Lautenschläger,2017-09-15,8,find right moment,en,4.797717094421387
818,Sabine Lautenschläger,2017-09-15,20,affect core inflation,en,2.426934242248535
822,Vítor Constâncio,2017-09-12,19,acc framework play,en,9.061840057373049
822,Vítor Constâncio,2017-09-12,67,finding imply practice forward guidance,en,3.612136840820313
822,Vítor Constâncio,2017-09-12,122,briefly,en,9.061840057373049
825,Mario Draghi,2017-08-25,47,angle,en,9.061840057373049
825,Mario Draghi,2017-08-25,137,1 capita potential output growth oecd data,en,0.9720067977905272
825,Mario Draghi,2017-08-25,140,1996 mechanism governance,en,9.061840057373049
827,Sabine Lautenschläger,2017-07-26,27,course,en,9.061840057373049
827,Sabine Lautenschläger,2017-07-26,36,men father,en,3.431535243988037
827,Sabine Lautenschläger,2017-07-26,56,right obligation,en,9.061840057373049
827,Sabine Lautenschläger,2017-07-26,57,right mean obligation,en,9.061840057373049
827,Sabine Lautenschläger,2017-07-26,61,concern,en,9.061840057373049
829,Yves Mersch,2017-07-24,5,appropriate not alway mean newest fashionable technology,en,2.788873672485352
829,Yves Mersch,2017-07-24,40,reduce cost accept customer,en,9.061840057373049
829,Yves Mersch,2017-07-24,47,spe price change,en,9.061840057373049
830,Benoît Cœuré,2017-07-11,6,,en,9.061840057373049
830,Benoît Cœuré,2017-07-11,42,3 3,en,9.061840057373049
830,Benoît Cœuré,2017-07-11,55,see 6,en,2.536614418029785
830,Benoît Cœuré,2017-07-11,75,10 see 8,en,2.536614418029785
834,Benoît Cœuré,2017-06-30,10,latest observation 2016q4,en,9.061840057373049
834,Benoît Cœuré,2017-06-30,33,latest observation 2017,en,9.061840057373049
834,Benoît Cœuré,2017-06-30,192,hicp inflation projection 14 13 respectively,en,2.762415885925293
836,Mario Draghi,2017-06-27,31,see,en,9.061840057373049
836,Mario Draghi,2017-06-27,34,inflation recover,en,9.061840057373049
836,Mario Draghi,2017-06-27,37,,en,9.061840057373049
836,Mario Draghi,2017-06-27,53,global factor weigh path inflation,en,1.8555011749267576
836,Mario Draghi,2017-06-27,115,act forcefully,en,2.498004913330078
839,Sabine Lautenschläger,2017-06-19,9,insist bank,en,9.061840057373049
839,Sabine Lautenschläger,2017-06-19,33,true,en,9.061840057373049
839,Sabine Lautenschläger,2017-06-19,35,latest update instal,en,9.061840057373049
839,Sabine Lautenschläger,2017-06-19,37,backup restoration test,en,2.701602935791016
839,Sabine Lautenschläger,2017-06-19,51,advice bank,en,9.061840057373049
840,Vítor Constâncio,2017-06-14,19,factor,en,9.061840057373049
840,Vítor Constâncio,2017-06-14,140,2 see imf gfsr 2017,en,2.536614418029785
840,Vítor Constâncio,2017-06-14,170,385 1 1993,en,9.061840057373049
840,Vítor Constâncio,2017-06-14,172,18 14 2016,en,9.061840057373049
841,Sabine Lautenschläger,2017-06-13,8,approach,en,9.061840057373049
841,Sabine Lautenschläger,2017-06-13,9,best tool method,en,2.284790515899658
841,Sabine Lautenschläger,2017-06-13,15,message bank simple clock tick,en,9.061840057373049
841,Sabine Lautenschläger,2017-06-13,17,not bank,en,2.788873672485352
842,Sabine Lautenschläger,2017-06-01,11,bank adjust,en,9.061840057373049
842,Sabine Lautenschläger,2017-06-01,39,forwardlook approach,en,9.061840057373049
842,Sabine Lautenschläger,2017-06-01,64,outperform term interest income factor play role,en,9.061840057373049
843,Sabine Lautenschläger,2017-05-31,1,number,en,9.061840057373049
843,Sabine Lautenschläger,2017-05-31,5,peaceful life maybe bit bor,en,3.044208526611328
843,Sabine Lautenschläger,2017-05-31,13,business bank,en,2.452521800994873
843,Sabine Lautenschläger,2017-05-31,25,happen right now,en,9.061840057373049
843,Sabine Lautenschläger,2017-05-31,28,not bank well,en,2.788873672485352
843,Sabine Lautenschläger,2017-05-31,31,course fintech,en,9.061840057373049
843,Sabine Lautenschläger,2017-05-31,33,pressure high,en,9.061840057373049
843,Sabine Lautenschläger,2017-05-31,37,change regard normal part business,en,9.061840057373049
843,Sabine Lautenschläger,2017-05-31,38,change,en,9.061840057373049
843,Sabine Lautenschläger,2017-05-31,40,dramatic effect,en,3.047835350036621
843,Sabine Lautenschläger,2017-05-31,42,closer two,en,1.639256477355957
843,Sabine Lautenschläger,2017-05-31,58,proportionality,en,9.061840057373049
843,Sabine Lautenschläger,2017-05-31,75,dont see,en,0.9313678741455078
843,Sabine Lautenschläger,2017-05-31,84,done purpose,en,9.061840057373049
843,Sabine Lautenschläger,2017-05-31,95,bank belong box doesnt,en,9.061840057373049
843,Sabine Lautenschläger,2017-05-31,105,objective price stability,en,0.9760494232177734
843,Sabine Lautenschläger,2017-05-31,110,inflation 19 objective,en,9.061840057373049
843,Sabine Lautenschläger,2017-05-31,111,not single,en,2.788873672485352
843,Sabine Lautenschläger,2017-05-31,153,true both large bank,en,9.061840057373049
843,Sabine Lautenschläger,2017-05-31,174,hope not free,en,2.788873672485352
843,Sabine Lautenschläger,2017-05-31,186,side cost,en,9.061840057373049
843,Sabine Lautenschläger,2017-05-31,190,association cooperative bank,en,9.061840057373049
843,Sabine Lautenschläger,2017-05-31,192,reduce cost single cooperative bank,en,9.061840057373049
843,Sabine Lautenschläger,2017-05-31,200,consolidate,en,9.061840057373049
843,Sabine Lautenschläger,2017-05-31,212,differ,en,9.061840057373049
843,Sabine Lautenschläger,2017-05-31,214,cooperative bank progress,en,9.061840057373049
844,Benoît Cœuré,2017-05-31,21,main obstacle overcome,en,9.061840057373049
844,Benoît Cœuré,2017-05-31,23,start asset side,en,9.061840057373049
844,Benoît Cœuré,2017-05-31,27,decisive rapid action,en,9.061840057373049
846,Vítor Constâncio,2017-05-25,114,potential 16 inflation,en,9.061840057373049
846,Vítor Constâncio,2017-05-25,264,however not likely,en,2.788873672485352
846,Vítor Constâncio,2017-05-25,464,5 bean charle 2009 2013,en,9.061840057373049
846,Vítor Constâncio,2017-05-25,492,potential gdp inflation 12,en,9.061840057373049
846,Vítor Constâncio,2017-05-25,510,41 see gorton 2016,en,2.536614418029785
850,Benoît Cœuré,2017-05-19,18,3 discussion arguably complex,en,3.612136840820313
850,Benoît Cœuré,2017-05-19,55,confirm phillip curve,en,1.4352803230285645
850,Benoît Cœuré,2017-05-19,76,choice parttime involuntary,en,9.061840057373049
860,Yves Mersch,2017-05-08,6,fact gdp grew 05 first,en,0.9720067977905272
860,Yves Mersch,2017-05-08,47,three topic,en,2.536614418029785
860,Yves Mersch,2017-05-08,48,first relate bank profitability,en,0.9760494232177734
860,Yves Mersch,2017-05-08,78,second,en,9.061840057373049
862,Mario Draghi,2017-05-04,43,figure 24 7,en,9.061840057373049
862,Mario Draghi,2017-05-04,60,case,en,9.061840057373049
862,Mario Draghi,2017-05-04,69,half well,en,2.163379669189453
872,Peter Praet,2017-04-06,37,latest observation 31 2017,en,9.061840057373049
872,Peter Praet,2017-04-06,76,last observation 28 2017,en,9.061840057373049
872,Peter Praet,2017-04-06,112,latest observation 2017,en,9.061840057373049
872,Peter Praet,2017-04-06,137,part policy instrument act strong complement,en,1.6930274963378906
872,Peter Praet,2017-04-06,205,93666 woodford m 2013,en,2.6121206283569336
878,Benoît Cœuré,2017-04-03,7,start fact however,en,9.061840057373049
878,Benoît Cœuré,2017-04-03,28,2 regulation not happen overnight,en,2.788873672485352
878,Benoît Cœuré,2017-04-03,56,see 4,en,2.536614418029785
878,Benoît Cœuré,2017-04-03,114,see 10,en,2.536614418029785
878,Benoît Cœuré,2017-04-03,161,word persistent current condition prove,en,9.061840057373049
878,Benoît Cœuré,2017-04-03,163,persist,en,9.061840057373049
879,Benoît Cœuré,2017-03-31,8,reason,en,3.044527053833008
879,Benoît Cœuré,2017-03-31,43,theory,en,9.061840057373049
879,Benoît Cœuré,2017-03-31,80,evidence speak,en,2.7703819274902344
879,Benoît Cœuré,2017-03-31,126,17 see im,en,2.536614418029785
879,Benoît Cœuré,2017-03-31,156,clear,en,9.061840057373049
881,Yves Mersch,2017-03-30,18,four factor respect,en,9.061840057373049
881,Yves Mersch,2017-03-30,70,term office 5 minimum,en,4.810551643371582
881,Yves Mersch,2017-03-30,312,25see article 43 ssm regulation,en,2.536614418029785
881,Yves Mersch,2017-03-30,320,33article 20 21 ssm regulation,en,9.061840057373049
881,Yves Mersch,2017-03-30,341,52see article 5 ssm regulation,en,2.536614418029785
883,Benoît Cœuré,2017-03-28,11,important,en,9.061840057373049
883,Benoît Cœuré,2017-03-28,40,extend,en,9.061840057373049
883,Benoît Cœuré,2017-03-28,98,5 issue relate framework,en,3.656414031982422
885,Sabine Lautenschläger,2017-03-27,13,live internet,en,1.388993263244629
885,Sabine Lautenschläger,2017-03-27,22,end bank,en,4.797717094421387
885,Sabine Lautenschläger,2017-03-27,25,brief potential future,en,9.061840057373049
885,Sabine Lautenschläger,2017-03-27,28,happen right now,en,9.061840057373049
885,Sabine Lautenschläger,2017-03-27,39,general concern,en,9.061840057373049
885,Sabine Lautenschläger,2017-03-27,72,regard number,en,9.061840057373049
885,Sabine Lautenschläger,2017-03-27,87,workshop serve goal,en,9.061840057373049
885,Sabine Lautenschläger,2017-03-27,91,exchange vital,en,9.061840057373049
890,Sabine Lautenschläger,2017-03-13,39,bank become complex,en,1.1740727424621582
890,Sabine Lautenschläger,2017-03-13,47,see merit approach,en,2.536614418029785
890,Sabine Lautenschläger,2017-03-13,53,two,en,9.061840057373049
890,Sabine Lautenschläger,2017-03-13,68,question not focus capital requirement,en,2.788873672485352
890,Sabine Lautenschläger,2017-03-13,97,time finish job,en,1.1812167167663574
890,Sabine Lautenschläger,2017-03-13,107,debate basel,en,9.061840057373049
890,Sabine Lautenschläger,2017-03-13,120,first regulation,en,9.061840057373049
890,Sabine Lautenschläger,2017-03-13,122,second directive,en,4.797717094421387
890,Sabine Lautenschläger,2017-03-13,130,bureaucratic expensive first foremost bank,en,3.047835350036621
890,Sabine Lautenschläger,2017-03-13,132,source fragmentation,en,9.061840057373049
890,Sabine Lautenschläger,2017-03-13,150,dont major revision minor adjustment,en,1.8096156120300293
890,Sabine Lautenschläger,2017-03-13,162,item proposal further,en,3.431535243988037
891,Sabine Lautenschläger,2017-03-02,1,both place 2012 2016,en,9.061840057373049
891,Sabine Lautenschläger,2017-03-02,10,closer,en,9.061840057373049
891,Sabine Lautenschläger,2017-03-02,41,ecb play role,en,9.061840057373049
891,Sabine Lautenschläger,2017-03-02,90,british course global investment bank instance,en,9.061840057373049
891,Sabine Lautenschläger,2017-03-02,119,investment firm large conduct banklike business,en,9.061840057373049
891,Sabine Lautenschläger,2017-03-02,203,strong foundation,en,9.061840057373049
896,Vítor Constâncio,2017-02-03,2,first size scope npl problem,en,9.061840057373049
896,Vítor Constâncio,2017-02-03,33,provision applicable account standard amount 46 stock npl,en,0.9003105163574219
896,Vítor Constâncio,2017-02-03,62,source asymmetric information npl context,en,3.047835350036621
896,Vítor Constâncio,2017-02-03,116,scope public sector involvement,en,3.047835350036621
897,Benoît Cœuré,2017-02-02,2,decision confirm,en,9.061840057373049
897,Benoît Cœuré,2017-02-02,73,inflation increas,en,3.044527053833008
897,Benoît Cœuré,2017-02-02,83,four criteria set out,en,9.061840057373049
897,Benoît Cœuré,2017-02-02,89,third criterion inflation selfsustain,en,9.061840057373049
897,Benoît Cœuré,2017-02-02,97,final,en,9.061840057373049
902,Yves Mersch,2017-01-26,3,increas sign indicative market,en,3.044527053833008
902,Yves Mersch,2017-01-26,10,spain trad 45 bps 50 bps,en,3.0734171867370605
902,Yves Mersch,2017-01-26,59,result central counterparty ccp,en,3.1631383895874023
902,Yves Mersch,2017-01-26,120,prove successful,en,9.061840057373049
908,Yves Mersch,2017-01-16,18,discussion additional,en,9.061840057373049
908,Yves Mersch,2017-01-16,21,ecb discussion analytical,en,4.74055814743042
908,Yves Mersch,2017-01-16,71,dbm currency,en,9.061840057373049
908,Yves Mersch,2017-01-16,74,later,en,9.061840057373049
912,Mario Draghi,2016-11-30,13,empower policy,en,1.2960600852966309
912,Mario Draghi,2016-11-30,34,total factor productivity,en,9.061840057373049
912,Mario Draghi,2016-11-30,41,opposite true,en,9.061840057373049
912,Mario Draghi,2016-11-30,52,depend extent capital labour allocate productive firm,en,4.797717094421387
912,Mario Draghi,2016-11-30,57,two main area,en,2.8628382682800293
912,Mario Draghi,2016-11-30,116,weight view,en,9.061840057373049
916,Mario Draghi,2016-11-21,17,detail,en,9.061840057373049
916,Mario Draghi,2016-11-21,52,factor,en,9.061840057373049
916,Mario Draghi,2016-11-21,71,reverse true,en,9.061840057373049
916,Mario Draghi,2016-11-21,80,final conclud,en,2.752083301544189
922,Sabine Lautenschläger,2016-11-15,6,first bank become resilient,en,1.1740727424621582
922,Sabine Lautenschläger,2016-11-15,39,knowledge objective,en,1.5393552780151367
922,Sabine Lautenschläger,2016-11-15,55,however fitness,en,1.301051139831543
927,Peter Praet,2016-11-09,40,detail,en,9.061840057373049
927,Peter Praet,2016-11-09,83,perspective partial,en,9.061840057373049
927,Peter Praet,2016-11-09,135,crucial way bank union incomplete,en,3.274052143096924
928,Sabine Lautenschläger,2016-11-07,12,question chang,en,9.061840057373049
928,Sabine Lautenschläger,2016-11-07,49,bureaucratic expensive,en,3.047835350036621
928,Sabine Lautenschläger,2016-11-07,67,world chang,en,2.9972290992736816
928,Sabine Lautenschläger,2016-11-07,81,case not,en,9.061840057373049
928,Sabine Lautenschläger,2016-11-07,98,current bank sector,en,9.061840057373049
928,Sabine Lautenschläger,2016-11-07,116,let start regulation,en,9.061840057373049
928,Sabine Lautenschläger,2016-11-07,135,regulation,en,9.061840057373049
928,Sabine Lautenschläger,2016-11-07,190,atm access cash clock,en,2.452521800994873
930,Benoît Cœuré,2016-11-03,16,case shift pole,en,9.061840057373049
930,Benoît Cœuré,2016-11-03,59,design,en,9.061840057373049
930,Benoît Cœuré,2016-11-03,88,matter two reason,en,3.044527053833008
930,Benoît Cœuré,2016-11-03,139,clear not start blank slate,en,2.788873672485352
930,Benoît Cœuré,2016-11-03,190,2013 safe security,en,1.9051647186279297
930,Benoît Cœuré,2016-11-03,213,14bas fitch rating,en,3.4079065322875977
944,Yves Mersch,2016-10-03,4,change mandatory,en,9.061840057373049
944,Yves Mersch,2016-10-03,19,policy,en,9.061840057373049
944,Yves Mersch,2016-10-03,77,choose wisely,en,9.061840057373049
953,Sabine Lautenschläger,2016-09-13,43,ecb done,en,9.061840057373049
953,Sabine Lautenschläger,2016-09-13,63,four comment,en,9.061840057373049
953,Sabine Lautenschläger,2016-09-13,69,end matter real interest rate,en,4.797717094421387
953,Sabine Lautenschläger,2016-09-13,122,not forget return inflation 2 mediumterm goal,en,2.788873672485352
959,Sabine Lautenschläger,2016-07-05,10,elaborate minute,en,9.061840057373049
959,Sabine Lautenschläger,2016-07-05,20,became responsible bank supervision course receiv mandate macroprudential policy,en,9.061840057373049
959,Sabine Lautenschläger,2016-07-05,79,sure,en,9.061840057373049
959,Sabine Lautenschläger,2016-07-05,83,let realistic,en,9.061840057373049
962,Mario Draghi,2016-06-28,5,global factor play,en,9.061840057373049
962,Mario Draghi,2016-06-28,9,range informal solution,en,9.061840057373049
962,Mario Draghi,2016-06-28,59,,en,9.061840057373049
962,Mario Draghi,2016-06-28,64,apply global level,en,3.612136840820313
966,Sabine Lautenschläger,2016-06-20,22,share conviction,en,3.021581649780273
966,Sabine Lautenschläger,2016-06-20,23,ecb cultural share conviction,en,3.021581649780273
966,Sabine Lautenschläger,2016-06-20,36,respect additional cultural reward all,en,2.752083301544189
974,Sabine Lautenschläger,2016-06-01,18,however not mean referee,en,2.788873672485352
974,Sabine Lautenschläger,2016-06-01,84,achiev,en,9.061840057373049
974,Sabine Lautenschläger,2016-06-01,86,harmonisation,en,9.061840057373049
974,Sabine Lautenschläger,2016-06-01,105,decisive factor bank systemic importance,en,3.047835350036621
977,Benoît Cœuré,2016-05-03,17,scope,en,9.061840057373049
977,Benoît Cœuré,2016-05-03,26,tool isolation,en,3.656414031982422
977,Benoît Cœuré,2016-05-03,101,third part,en,9.061840057373049
979,Sabine Lautenschläger,2016-05-02,11,idea,en,9.061840057373049
979,Sabine Lautenschläger,2016-05-02,25,political reality,en,2.387363910675049
979,Sabine Lautenschläger,2016-05-02,100,german company example,en,2.0298047065734863
979,Sabine Lautenschläger,2016-05-02,114,proposal new,en,9.061840057373049
979,Sabine Lautenschläger,2016-05-02,131,convinc,en,9.061840057373049
986,Peter Praet,2016-04-07,24,augment instrument forward guidance,en,9.061840057373049
986,Peter Praet,2016-04-07,33,justify assumption,en,2.78085994720459
986,Peter Praet,2016-04-07,67,pattern confirm respons bls,en,2.977165699005127
987,Peter Praet,2016-04-04,34,issue,en,9.061840057373049
987,Peter Praet,2016-04-04,115,growth inflation,en,9.061840057373049
987,Peter Praet,2016-04-04,164,24s1 151190,en,9.061840057373049
988,Yves Mersch,2016-03-22,19,change role,en,9.061840057373049
988,Yves Mersch,2016-03-22,43,input,en,9.061840057373049
988,Yves Mersch,2016-03-22,45,hand,en,9.061840057373049
994,Sabine Lautenschläger,2016-02-22,31,back later,en,9.061840057373049
994,Sabine Lautenschläger,2016-02-22,33,refer 3200 bank,en,9.061840057373049
994,Sabine Lautenschläger,2016-02-22,37,two topic,en,9.061840057373049
996,Mario Draghi,2016-02-15,5,global economy start global economy,en,0.9720067977905272
996,Mario Draghi,2016-02-15,51,construction sector not recover,en,2.788873672485352
996,Mario Draghi,2016-02-15,53,ecb ready part,en,9.061840057373049
996,Mario Draghi,2016-02-15,76,anfa,en,9.061840057373049
996,Mario Draghi,2016-02-15,83,noth noth,en,9.061840057373049
997,Peter Praet,2016-02-10,29,ncb concern,en,9.061840057373049
997,Peter Praet,2016-02-10,130,,en,9.061840057373049
997,Peter Praet,2016-02-10,142,3see recital 2 41 article 324d brrd,en,2.536614418029785
998,Mario Draghi,2016-02-04,7,alter way,en,3.274052143096924
998,Mario Draghi,2016-02-04,37,2 change influence inflation rate,en,2.7703819274902344
998,Mario Draghi,2016-02-04,51,viewpoint correct,en,9.061840057373049
998,Mario Draghi,2016-02-04,92,third line argument,en,9.061840057373049
998,Mario Draghi,2016-02-04,93,alternative,en,9.061840057373049
998,Mario Draghi,2016-02-04,96,answer no,en,9.061840057373049
998,Mario Draghi,2016-02-04,163,done two way,en,3.274052143096924
1001,Yves Mersch,2016-01-27,30,bank adjust,en,9.061840057373049
1001,Yves Mersch,2016-01-27,36,serve protect tax payer,en,9.061840057373049
1001,Yves Mersch,2016-01-27,48,0 begin,en,9.061840057373049
1001,Yves Mersch,2016-01-27,89,mean increas competition,en,3.044527053833008
1001,Yves Mersch,2016-01-27,102,23 period,en,9.061840057373049
1001,Yves Mersch,2016-01-27,159,relate,en,9.061840057373049
1007,Mario Draghi,2015-12-14,8,structural reform key end,en,9.061840057373049
1007,Mario Draghi,2015-12-14,21,structural,en,9.061840057373049
1007,Mario Draghi,2015-12-14,78,entail,en,9.061840057373049
1007,Mario Draghi,2015-12-14,83,structural reform important,en,9.061840057373049
1012,Sabine Lautenschläger,2015-11-23,22,back later,en,9.061840057373049
1012,Sabine Lautenschläger,2015-11-23,66,inflation forecast inflation 11 2016 17 2017,en,9.061840057373049
1012,Sabine Lautenschläger,2015-11-23,104,noth free life,en,2.536614418029785
1012,Sabine Lautenschläger,2015-11-23,111,relaxation reform effort government,en,0.9720067977905272
1012,Sabine Lautenschläger,2015-11-23,154,development control ecb,en,9.061840057373049
1012,Sabine Lautenschläger,2015-11-23,225,see im,en,2.536614418029785
1012,Sabine Lautenschläger,2015-11-23,229,economy subject usual fluctuation,en,9.061840057373049
1012,Sabine Lautenschläger,2015-11-23,245,germany example,en,2.0298047065734863
1012,Sabine Lautenschläger,2015-11-23,247,germany structural problem,en,2.0298047065734863
1014,Benoît Cœuré,2015-11-21,89,view gap research fill,en,3.4079065322875977
1014,Benoît Cœuré,2015-11-21,245,review economic study 822 pp,en,3.047835350036621
1014,Benoît Cœuré,2015-11-21,287,consultative,en,9.061840057373049
1014,Benoît Cœuré,2015-11-21,292,103117g 40see c ur b,en,2.536614418029785
1015,Mario Draghi,2015-11-20,61,two reason,en,3.044527053833008
1015,Mario Draghi,2015-11-20,75,underline policy economy bank,en,9.061840057373049
1015,Mario Draghi,2015-11-20,95,,en,9.061840057373049
1023,Mario Draghi,2015-11-12,4,not stop,en,2.788873672485352
1023,Mario Draghi,2015-11-12,46,case greece cypru,en,9.061840057373049
1023,Mario Draghi,2015-11-12,53,follow,en,9.061840057373049
1028,Vítor Constâncio,2015-11-05,55,period,en,9.061840057373049
1028,Vítor Constâncio,2015-11-05,62,period,en,9.061840057373049
1028,Vítor Constâncio,2015-11-05,74,real gdp positive contribution 20bp,en,9.061840057373049
1032,Sabine Lautenschläger,2015-11-02,12,busy first,en,1.8501863479614256
1032,Sabine Lautenschläger,2015-11-02,20,not busy special,en,2.788873672485352
1032,Sabine Lautenschläger,2015-11-02,60,ssm first supervision successful,en,9.061840057373049
1037,Vítor Constâncio,2015-10-15,9,list further,en,3.431535243988037
1037,Vítor Constâncio,2015-10-15,104,global factor asset price crossborder flow,en,1.301051139831543
1037,Vítor Constâncio,2015-10-15,159,not complacent,en,2.788873672485352
1037,Vítor Constâncio,2015-10-15,162,attention,en,9.061840057373049
1037,Vítor Constâncio,2015-10-15,212,imf spillover 2012 2013 2014 issue,en,3.656414031982422
1037,Vítor Constâncio,2015-10-15,241,3see gopinath 2015 ecbb 2015,en,2.536614418029785
1044,Mario Draghi,2015-10-01,21,time prevail,en,9.061840057373049
1044,Mario Draghi,2015-10-01,34,interest,en,9.061840057373049
1044,Mario Draghi,2015-10-01,35,interest,en,9.061840057373049
1046,Yves Mersch,2015-09-29,0,mean payment sme head,en,9.061840057373049
1046,Yves Mersch,2015-09-29,12,focu,en,9.061840057373049
1046,Yves Mersch,2015-09-29,26,future,en,9.061840057373049
1046,Yves Mersch,2015-09-29,27,now future,en,2.6740822792053223
1047,Sabine Lautenschläger,2015-09-28,17,key player process,en,1.2960600852966309
1047,Sabine Lautenschläger,2015-09-28,38,apply bank,en,3.612136840820313
1047,Sabine Lautenschläger,2015-09-28,124,banker action,en,9.061840057373049
1047,Sabine Lautenschläger,2015-09-28,125,interest,en,9.061840057373049
1047,Sabine Lautenschläger,2015-09-28,149,,en,9.061840057373049
1060,Yves Mersch,2015-06-25,12,,en,9.061840057373049
1060,Yves Mersch,2015-06-25,13,three particular,en,2.536614418029785
1060,Yves Mersch,2015-06-25,86,not happen,en,2.788873672485352
1060,Yves Mersch,2015-06-25,95,,en,9.061840057373049
1060,Yves Mersch,2015-06-25,100,see two crucial aspect,en,2.536614418029785
1060,Yves Mersch,2015-06-25,117,imply,en,9.061840057373049
1060,Yves Mersch,2015-06-25,119,part,en,9.061840057373049
1062,Yves Mersch,2015-06-16,3,t2s live 22,en,9.061840057373049
1062,Yves Mersch,2015-06-16,25,t2s start process change completely,en,2.452521800994873
1062,Yves Mersch,2015-06-16,63,cmu potential remove,en,9.061840057373049
1064,Peter Praet,2015-06-15,16,main follow,en,9.061840057373049
1064,Peter Praet,2015-06-15,70,key diversity,en,9.061840057373049
1064,Peter Praet,2015-06-15,76,way,en,9.061840057373049
1066,Mario Draghi,2015-05-22,31,mean two key effect,en,9.061840057373049
1066,Mario Draghi,2015-05-22,100,example,en,9.061840057373049
1066,Mario Draghi,2015-05-22,171,growth pick up,en,9.061840057373049
1066,Mario Draghi,2015-05-22,224,152 issue 2 2011,en,3.656414031982422
1069,Benoît Cœuré,2015-05-13,99,lesson not forget,en,2.788873672485352
1069,Benoît Cœuré,2015-05-13,118,halfway,en,2.163379669189453
1069,Benoît Cœuré,2015-05-13,126,objective not coordination coordination sake,en,2.788873672485352
1071,Peter Praet,2015-04-23,8,not structural,en,2.788873672485352
1071,Peter Praet,2015-04-23,152,equivalent 5,en,9.061840057373049
1071,Peter Praet,2015-04-23,153,14 conclude,en,9.061840057373049
1071,Peter Praet,2015-04-23,163,3average imf commission oecd,en,2.69980525970459
1072,Sabine Lautenschläger,2015-04-21,45,elaborate,en,9.061840057373049
1072,Sabine Lautenschläger,2015-04-21,70,regulation,en,9.061840057373049
1072,Sabine Lautenschläger,2015-04-21,75,difficult circumvent individual regulation,en,9.061840057373049
1072,Sabine Lautenschläger,2015-04-21,80,cannot,en,1.0157546997070312
1072,Sabine Lautenschläger,2015-04-21,95,supervision chang,en,9.061840057373049
1076,Mario Draghi,2015-03-31,25,transparency active communication reaction function,en,2.78085994720459
1076,Mario Draghi,2015-03-31,53,context matter,en,9.061840057373049
1076,Mario Draghi,2015-03-31,72,transparency limit,en,9.061840057373049
1078,Mario Draghi,2015-03-23,79,,en,9.061840057373049
1078,Mario Draghi,2015-03-23,100,question inflation rate price stability,en,0.9760494232177734
1078,Mario Draghi,2015-03-23,154,loone,en,9.061840057373049
1078,Mario Draghi,2015-03-23,188,goulard,en,9.061840057373049
1078,Mario Draghi,2015-03-23,189,,en,9.061840057373049
1078,Mario Draghi,2015-03-23,208,next,en,9.061840057373049
1078,Mario Draghi,2015-03-23,209,institution,en,9.061840057373049
1078,Mario Draghi,2015-03-23,216,doesnt,en,9.061840057373049
1078,Mario Draghi,2015-03-23,225,matia,en,9.061840057373049
1078,Mario Draghi,2015-03-23,231,back weve,en,9.061840057373049
1078,Mario Draghi,2015-03-23,234,question,en,9.061840057373049
1078,Mario Draghi,2015-03-23,238,comment,en,9.061840057373049
1078,Mario Draghi,2015-03-23,239,up,en,9.061840057373049
1078,Mario Draghi,2015-03-23,250,blackmail,en,9.061840057373049
1078,Mario Draghi,2015-03-23,253,,en,9.061840057373049
1078,Mario Draghi,2015-03-23,256,place,en,9.061840057373049
1078,Mario Draghi,2015-03-23,298,not place,en,2.788873672485352
1078,Mario Draghi,2015-03-23,304,doubl,en,9.061840057373049
1078,Mario Draghi,2015-03-23,340,time,en,9.061840057373049
1078,Mario Draghi,2015-03-23,341,time,en,9.061840057373049
1078,Mario Draghi,2015-03-23,342,improvement slow gradual,en,2.6740822792053223
1078,Mario Draghi,2015-03-23,356,monot mr,en,2.788873672485352
1078,Mario Draghi,2015-03-23,368,difficult out apart print money,en,2.547461986541748
1078,Mario Draghi,2015-03-23,388,third exchange rate,en,9.061840057373049
1078,Mario Draghi,2015-03-23,429,lot structural reform,en,9.061840057373049
1078,Mario Draghi,2015-03-23,433,question contribution four president,en,9.061840057373049
1078,Mario Draghi,2015-03-23,447,now expenditure growthproduc expenditure growthproduc,en,2.6740822792053223
1078,Mario Draghi,2015-03-23,453,example both,en,9.061840057373049
1078,Mario Draghi,2015-03-23,467,tomc draghi,en,9.061840057373049
1078,Mario Draghi,2015-03-23,493,mosca,en,9.061840057373049
1078,Mario Draghi,2015-03-23,521,draghi,en,9.061840057373049
1078,Mario Draghi,2015-03-23,542,not clearcut,en,2.788873672485352
1078,Mario Draghi,2015-03-23,545,fact not structural,en,2.788873672485352
1078,Mario Draghi,2015-03-23,575,basic,en,9.061840057373049
1078,Mario Draghi,2015-03-23,581,check,en,9.061840057373049
1078,Mario Draghi,2015-03-23,592,lot,en,9.061840057373049
1078,Mario Draghi,2015-03-23,593,justify,en,9.061840057373049
1078,Mario Draghi,2015-03-23,612,not mediumterm shortterm proposition,en,2.788873672485352
1078,Mario Draghi,2015-03-23,615,now not,en,2.6740822792053223
1078,Mario Draghi,2015-03-23,618,different country,en,9.061840057373049
1078,Mario Draghi,2015-03-23,633,next speaker neena gill,en,9.061840057373049
1078,Mario Draghi,2015-03-23,634,gill,en,9.061840057373049
1078,Mario Draghi,2015-03-23,649,requirement,en,9.061840057373049
1080,Mario Draghi,2015-03-18,19,people tirelessly period reality,en,3.612136840820313
1080,Mario Draghi,2015-03-18,88,ecb impressive new home pursue mandate,en,9.061840057373049
1080,Mario Draghi,2015-03-18,90,remind,en,9.061840057373049
1080,Mario Draghi,2015-03-18,98,reflect common now future attention,en,2.6740822792053223
1085,Peter Praet,2015-03-11,9,buy asset,en,2.78085994720459
1085,Peter Praet,2015-03-11,90,emphasise four crucial element,en,1.073343276977539
1085,Peter Praet,2015-03-11,117,bank start curtail lend margin,en,4.797717094421387
1090,Peter Praet,2015-02-12,16,detail,en,9.061840057373049
1090,Peter Praet,2015-02-12,56,real cost fal short objective,en,9.061840057373049
1090,Peter Praet,2015-02-12,57,cost both institutional economic,en,2.752083301544189
1090,Peter Praet,2015-02-12,100,first size intervention substantial,en,9.061840057373049
1091,Benoît Cœuré,2015-02-02,13,structural reform reward,en,9.061840057373049
1091,Benoît Cœuré,2015-02-02,50,weak dominance policy complement compensate,en,2.7703819274902344
1091,Benoît Cœuré,2015-02-02,61,4 learn comment,en,1.5060839653015137
1091,Benoît Cœuré,2015-02-02,121,well incentive,en,3.722856521606445
1092,Vítor Constâncio,2014-12-19,7,apply regulate part system bank,en,3.612136840820313
1092,Vítor Constâncio,2014-12-19,24,institution review next fsb,en,9.061840057373049
1092,Vítor Constâncio,2014-12-19,118,concentrate bank sector,en,9.061840057373049
1094,Peter Praet,2014-12-09,26,respond diagnosi,en,4.797717094421387
1094,Peter Praet,2014-12-09,34,positive incentive amplify multiplier,en,9.061840057373049
1094,Peter Praet,2014-12-09,154,1i tobia blattner contribution,en,9.061840057373049
1095,Sabine Lautenschläger,2014-11-29,15,ecb act accordance mandate,en,2.7703819274902344
1095,Sabine Lautenschläger,2014-11-29,64,sure time prepar,en,9.061840057373049
1095,Sabine Lautenschläger,2014-11-29,84,idle comparison,en,9.061840057373049
1096,Mario Draghi,2014-11-27,39,better,en,9.061840057373049
1096,Mario Draghi,2014-11-27,65,shock preempt right policy,en,9.061840057373049
1096,Mario Draghi,2014-11-27,171,not controversial,en,2.788873672485352
1100,Mario Draghi,2014-11-21,24,unemployment fal slowly,en,9.061840057373049
1100,Mario Draghi,2014-11-21,29,last stood 09,en,9.061840057373049
1100,Mario Draghi,2014-11-21,31,latest read headline inflation 04,en,9.061840057373049
1101,Mario Draghi,2014-11-20,10,not key restor investor confidence,en,2.788873672485352
1101,Mario Draghi,2014-11-20,41,mean,en,9.061840057373049
1101,Mario Draghi,2014-11-20,45,first protect taxpayer,en,9.061840057373049
1101,Mario Draghi,2014-11-20,76,inspir first movement,en,2.247978687286377
1104,Mario Draghi,2014-11-17,15,stood 04,en,9.061840057373049
1104,Mario Draghi,2014-11-17,53,substantial progress,en,9.061840057373049
1104,Mario Draghi,2014-11-17,89,confident achieve,en,9.061840057373049
1104,Mario Draghi,2014-11-17,95,forward discussion,en,9.061840057373049
1111,Yves Mersch,2014-10-22,22,unemployment 115,en,9.061840057373049
1111,Yves Mersch,2014-10-22,64,,en,9.061840057373049
1111,Yves Mersch,2014-10-22,120,new technology,en,9.061840057373049
1112,Benoît Cœuré,2014-10-22,7,situation particularly bad card,en,3.612136840820313
1112,Benoît Cœuré,2014-10-22,29,riskbas approach,en,4.083119869232178
1112,Benoît Cœuré,2014-10-22,33,line market,en,9.061840057373049
1112,Benoît Cœuré,2014-10-22,58,great,en,9.061840057373049
1115,Benoît Cœuré,2014-10-17,48,qualification,en,9.061840057373049
1115,Benoît Cœuré,2014-10-17,58,matter not structural reform implement,en,2.788873672485352
1115,Benoît Cœuré,2014-10-17,155,24 ecb,en,9.061840057373049
1115,Benoît Cœuré,2014-10-17,174,12 issue 1 2013,en,3.656414031982422
1115,Benoît Cœuré,2014-10-17,204,23see c ur b,en,2.536614418029785
1120,Mario Draghi,2014-10-09,28,mean reform,en,9.061840057373049
1120,Mario Draghi,2014-10-09,85,exactly,en,1.6444382667541504
1120,Mario Draghi,2014-10-09,107,structural reform enter picture,en,1.2960600852966309
1120,Mario Draghi,2014-10-09,119,2 not advice,en,2.788873672485352
1122,Sabine Lautenschläger,2014-09-30,26,begin construction,en,9.061840057373049
1122,Sabine Lautenschläger,2014-09-30,61,indirect supervision mean,en,1.8096156120300293
1122,Sabine Lautenschläger,2014-09-30,131,finish,en,9.061840057373049
1122,Sabine Lautenschläger,2014-09-30,141,interview held,en,9.061840057373049
1122,Sabine Lautenschläger,2014-09-30,148,part ready operate 4,en,2.6116294860839844
1126,Mario Draghi,2014-09-11,31,policy maker revive investment,en,9.061840057373049
1126,Mario Draghi,2014-09-11,44,example,en,9.061840057373049
1126,Mario Draghi,2014-09-11,94,time conclude,en,9.061840057373049
1126,Mario Draghi,2014-09-11,95,bottom line start line,en,9.061840057373049
1128,Benoît Cœuré,2014-09-09,3,topic 2,en,3.047835350036621
1128,Benoît Cœuré,2014-09-09,124,see w buiter 2009,en,2.536614418029785
1128,Benoît Cœuré,2014-09-09,128,natural economic order,en,3.047835350036621
1129,Sabine Lautenschläger,2014-09-03,30,example conclusion reach,en,9.061840057373049
1129,Sabine Lautenschläger,2014-09-03,51,tense purpose,en,9.061840057373049
1129,Sabine Lautenschläger,2014-09-03,71,addition rotation staff jst,en,9.061840057373049
1130,Benoît Cœuré,2014-09-02,10,5 two observation contradictory,en,9.061840057373049
1130,Benoît Cœuré,2014-09-02,91,attention,en,9.061840057373049
1130,Benoît Cœuré,2014-09-02,115,competitive bank system stable,en,9.061840057373049
1130,Benoît Cœuré,2014-09-02,121,theory money,en,3.4977898597717285
1135,Mario Draghi,2014-07-09,15,positive concept,en,9.061840057373049
1135,Mario Draghi,2014-07-09,25,large part inescapable,en,9.061840057373049
1135,Mario Draghi,2014-07-09,127,begin,en,9.061840057373049
1135,Mario Draghi,2014-07-09,139,start,en,9.061840057373049
1138,Sabine Lautenschläger,2014-07-07,76,issue relative price change,en,9.061840057373049
1138,Sabine Lautenschläger,2014-07-07,90,projection next rate inflation 11 rate inflation 2016 14,en,9.061840057373049
1138,Sabine Lautenschläger,2014-07-07,120,halv,en,2.163379669189453
1141,Vítor Constâncio,2014-06-23,6,macroprudential policy agenda,en,2.78085994720459
1141,Vítor Constâncio,2014-06-23,64,2014 18 mar,en,9.061840057373049
1141,Vítor Constâncio,2014-06-23,148,time range tool expand,en,9.061840057373049
1141,Vítor Constâncio,2014-06-23,153,crr art,en,9.061840057373049
1141,Vítor Constâncio,2014-06-23,161,next,en,9.061840057373049
1141,Vítor Constâncio,2014-06-23,211,start,en,9.061840057373049
1141,Vítor Constâncio,2014-06-23,224,attention,en,9.061840057373049
1141,Vítor Constâncio,2014-06-23,263,268 2008 reference,en,9.061840057373049
1143,Vítor Constâncio,2014-06-10,36,instrument,en,9.061840057373049
1143,Vítor Constâncio,2014-06-10,50,broader sense regulation first instrument macroprudential policy,en,1.5717406272888184
1143,Vítor Constâncio,2014-06-10,95,2011 nor kashyap al,en,9.061840057373049
1143,Vítor Constâncio,2014-06-10,279,5see hanson sg kashyap ak,en,2.536614418029785
1145,Yves Mersch,2014-05-31,58,,en,9.061840057373049
1145,Yves Mersch,2014-05-31,117,bank union,en,9.061840057373049
1145,Yves Mersch,2014-05-31,148,consistency,en,9.061840057373049
1146,Vítor Constâncio,2014-05-30,9,growth modest,en,9.061840057373049
1146,Vítor Constâncio,2014-05-30,41,future rosy,en,9.061840057373049
1146,Vítor Constâncio,2014-05-30,67,pace growth moderate,en,9.061840057373049
1146,Vítor Constâncio,2014-05-30,113,not happen,en,2.788873672485352
1149,Yves Mersch,2014-05-24,86,location firm size,en,9.061840057373049
1149,Yves Mersch,2014-05-24,116,obstacle,en,9.061840057373049
1149,Yves Mersch,2014-05-24,137,10 solution,en,9.061840057373049
1149,Yves Mersch,2014-05-24,142,way term maturity,en,2.88490629196167
1150,Sabine Lautenschläger,2014-05-23,18,important,en,9.061840057373049
1150,Sabine Lautenschläger,2014-05-23,69,successful not content identify bank weakness,en,2.788873672485352
1150,Sabine Lautenschläger,2014-05-23,74,course closely monitor implementation,en,3.612136840820313
1150,Sabine Lautenschläger,2014-05-23,76,back two aspect later,en,2.398164749145508
1152,Yves Mersch,2014-05-19,10,half circulate 50 hoard,en,2.163379669189453
1152,Yves Mersch,2014-05-19,51,net return flow,en,9.061840057373049
1152,Yves Mersch,2014-05-19,77,suitable stock atm,en,9.061840057373049
1152,Yves Mersch,2014-05-19,125,lose value time,en,9.061840057373049
1154,Vítor Constâncio,2014-05-15,42,now,en,9.061840057373049
1154,Vítor Constâncio,2014-05-15,52,problem,en,9.061840057373049
1154,Vítor Constâncio,2014-05-15,78,ecb importance factor,en,2.7703819274902344
1155,Yves Mersch,2014-05-14,16,reap reward,en,9.061840057373049
1155,Yves Mersch,2014-05-14,23,expertise,en,9.061840057373049
1155,Yves Mersch,2014-05-14,30,course not free,en,2.788873672485352
1155,Yves Mersch,2014-05-14,39,happen test,en,9.061840057373049
1155,Yves Mersch,2014-05-14,75,lower standard supervision,en,1.5717406272888184
1155,Yves Mersch,2014-05-14,94,implement apply uniformly,en,3.612136840820313
1166,Benoît Cœuré,2014-03-31,26,appropriate,en,9.061840057373049
1166,Benoît Cœuré,2014-03-31,67,implication competitive clear ccp serv trad venue,en,9.061840057373049
1166,Benoît Cœuré,2014-03-31,68,ccp link,en,9.061840057373049
1167,Mario Draghi,2014-03-25,8,organise follow,en,1.073343276977539
1167,Mario Draghi,2014-03-25,26,bank credit,en,9.061840057373049
1167,Mario Draghi,2014-03-25,81,banknote represent fraction money,en,1.8096156120300293
1167,Mario Draghi,2014-03-25,104,prerequisite recovery,en,9.061840057373049
1167,Mario Draghi,2014-03-25,127,context creation ssm became critical,en,1.1740727424621582
1167,Mario Draghi,2014-03-25,153,factor,en,9.061840057373049
1167,Mario Draghi,2014-03-25,155,generate recovery,en,9.061840057373049
1167,Mario Draghi,2014-03-25,185,word price stability,en,0.9760494232177734
1167,Mario Draghi,2014-03-25,221,tax code conducive investment,en,9.061840057373049
1167,Mario Draghi,2014-03-25,234,not new,en,2.788873672485352
1167,Mario Draghi,2014-03-25,236,target not reach,en,2.788873672485352
1167,Mario Draghi,2014-03-25,263,hope clear,en,9.061840057373049
1168,Peter Praet,2014-03-12,101,conditional,en,9.061840057373049
1168,Peter Praet,2014-03-12,153,not mean communication framework perfect alway room improvement,en,2.788873672485352
1168,Peter Praet,2014-03-12,158,time update issue,en,3.656414031982422
1168,Peter Praet,2014-03-12,192,part future communication toolkit,en,2.701602935791016
1170,Mario Draghi,2014-02-27,17,achiev,en,9.061840057373049
1170,Mario Draghi,2014-02-27,56,relate prolong period low inflation,en,2.6740822792053223
1170,Mario Draghi,2014-02-27,59,reason concern,en,3.044527053833008
1170,Mario Draghi,2014-02-27,95,learn process,en,9.061840057373049
1170,Mario Draghi,2014-02-27,97,conference today crucial input,en,2.7703819274902344
1172,Benoît Cœuré,2014-02-13,37,concern all,en,9.061840057373049
1172,Benoît Cœuré,2014-02-13,57,leave,en,9.061840057373049
1172,Benoît Cœuré,2014-02-13,61,first foremost responsibility,en,9.061840057373049
1176,Benoît Cœuré,2014-01-31,99,three,en,9.061840057373049
1176,Benoît Cœuré,2014-01-31,141,1183 879907,en,9.061840057373049
1176,Benoît Cœuré,2014-01-31,161,2874 243288 04,en,9.061840057373049
1187,Benoît Cœuré,2013-12-06,18,invit,en,9.061840057373049
1187,Benoît Cœuré,2013-12-06,24,people,en,9.061840057373049
1187,Benoît Cœuré,2013-12-06,48,future,en,9.061840057373049
1187,Benoît Cœuré,2013-12-06,138,ecb price stability,en,0.9760494232177734
1188,Yves Mersch,2013-11-29,13,defragmentation not happen overnight,en,2.788873672485352
1188,Yves Mersch,2013-11-29,128,process start,en,2.452521800994873
1188,Yves Mersch,2013-11-29,145,,en,9.061840057373049
1191,Yves Mersch,2013-11-26,2,remind limit,en,4.797717094421387
1191,Yves Mersch,2013-11-26,38,asymmetry matter,en,3.4977898597717285
1191,Yves Mersch,2013-11-26,51,institutional framework revis,en,2.752083301544189
1191,Yves Mersch,2013-11-26,68,achiev,en,9.061840057373049
1193,Mario Draghi,2013-11-22,21,briefly back,en,3.612136840820313
1193,Mario Draghi,2013-11-22,24,third reduce incentive government reform,en,9.061840057373049
1193,Mario Draghi,2013-11-22,25,concern,en,9.061840057373049
1194,Jörg Asmussen,2013-11-21,2,not view,en,2.788873672485352
1194,Jörg Asmussen,2013-11-21,25,encourage corrective action,en,0.9003105163574219
1194,Jörg Asmussen,2013-11-21,53,shortterm view,en,9.061840057373049
1196,Peter Praet,2013-11-19,27,part observe structural nature,en,9.061840057373049
1196,Peter Praet,2013-11-19,53,source concern,en,9.061840057373049
1196,Peter Praet,2013-11-19,54,policy relevant,en,9.061840057373049
1196,Peter Praet,2013-11-19,56,not,en,9.061840057373049
1196,Peter Praet,2013-11-19,57,price stability,en,0.9760494232177734
1196,Peter Praet,2013-11-19,143,achiev,en,9.061840057373049
1196,Peter Praet,2013-11-19,157,however clear mandate price stability,en,0.9760494232177734
1197,Yves Mersch,2013-11-18,17,true bank union,en,9.061840057373049
1197,Yves Mersch,2013-11-18,22,bank supervision mean practice,en,1.8096156120300293
1197,Yves Mersch,2013-11-18,62,ensure condition apply,en,9.061840057373049
1197,Yves Mersch,2013-11-18,115,taxpayer spar,en,1.5717406272888184
1197,Yves Mersch,2013-11-18,145,objective clear,en,9.061840057373049
1200,Yves Mersch,2013-11-13,49,key objective bank union remove supplyside obstacle,en,2.6116294860839844
1200,Yves Mersch,2013-11-13,57,bank union,en,9.061840057373049
1200,Yves Mersch,2013-11-13,92,reap potential gain securitisation sme revive market,en,9.061840057373049
1202,Jörg Asmussen,2013-11-08,20,treate bank,en,9.061840057373049
1202,Jörg Asmussen,2013-11-08,86,three,en,9.061840057373049
1202,Jörg Asmussen,2013-11-08,110,both,en,9.061840057373049
1202,Jörg Asmussen,2013-11-08,142,ecb view aspect bank union,en,9.061840057373049
1203,Yves Mersch,2013-11-08,1,world chang,en,2.9972290992736816
1203,Yves Mersch,2013-11-08,9,,en,9.061840057373049
1203,Yves Mersch,2013-11-08,24,decision,en,9.061840057373049
1203,Yves Mersch,2013-11-08,36,perspective course not new,en,2.788873672485352
1203,Yves Mersch,2013-11-08,49,oecd structural adjustment 14 percentage gdp period,en,1.010085105895996
1203,Yves Mersch,2013-11-08,87,gdp growth positive next 06,en,9.061840057373049
1203,Yves Mersch,2013-11-08,125,structural explanation,en,9.061840057373049
1204,Jörg Asmussen,2013-11-05,48,not case,en,2.788873672485352
1204,Jörg Asmussen,2013-11-05,68,place strong srm,en,9.061840057373049
1204,Jörg Asmussen,2013-11-05,69,main tenet commission proposal srm,en,3.0734171867370605
1204,Jörg Asmussen,2013-11-05,107,flexibility,en,9.061840057373049
1204,Jörg Asmussen,2013-11-05,169,111 5759,en,9.061840057373049
1206,Benoît Cœuré,2013-10-28,11,difference mind,en,2.7703819274902344
1206,Benoît Cœuré,2013-10-28,71,,en,9.061840057373049
1206,Benoît Cœuré,2013-10-28,79,way,en,9.061840057373049
1206,Benoît Cœuré,2013-10-28,129,change progress,en,9.061840057373049
1213,Mario Draghi,2013-10-09,9,process implication focu,en,2.452521800994873
1213,Mario Draghi,2013-10-09,11,people create anxiety,en,4.74055814743042
1213,Mario Draghi,2013-10-09,102,location matter,en,1.8096156120300293
1213,Mario Draghi,2013-10-09,103,bank union reverse,en,9.061840057373049
1213,Mario Draghi,2013-10-09,117,unit comparison 6 gdp 2012,en,9.061840057373049
1213,Mario Draghi,2013-10-09,118,ensure time consistency,en,9.061840057373049
1213,Mario Draghi,2013-10-09,167,international currency experience,en,2.752083301544189
1214,Peter Praet,2013-10-07,44,elaborate two aspect,en,2.398164749145508
1214,Peter Praet,2013-10-07,47,opt combination both,en,9.061840057373049
1214,Peter Praet,2013-10-07,112,institutional framework solid,en,2.752083301544189
1214,Peter Praet,2013-10-07,174,11441166 nishimura kg,en,9.061840057373049
1215,Benoît Cœuré,2013-09-30,48,affect bank cost fund,en,9.061840057373049
1215,Benoît Cœuré,2013-09-30,50,factor account,en,9.061840057373049
1215,Benoît Cœuré,2013-09-30,51,list four,en,9.061840057373049
1217,Benoît Cœuré,2013-09-26,3,tool forward guidance,en,9.061840057373049
1217,Benoît Cœuré,2013-09-26,25,forward guidance,en,9.061840057373049
1217,Benoît Cœuré,2013-09-26,102,confirm time,en,9.061840057373049
1218,Yves Mersch,2013-09-26,15,achieve regime change focu,en,9.061840057373049
1218,Yves Mersch,2013-09-26,17,both element,en,9.061840057373049
1218,Yves Mersch,2013-09-26,32,regime change,en,9.061840057373049
1218,Yves Mersch,2013-09-26,75,outcome onsite inspection contain finding summary,en,9.061840057373049
1218,Yves Mersch,2013-09-26,108,achieve,en,9.061840057373049
1218,Yves Mersch,2013-09-26,154,question not mechanism mindset,en,2.788873672485352
1221,Mario Draghi,2013-09-16,18,situation,en,9.061840057373049
1221,Mario Draghi,2013-09-16,22,happen,en,9.061840057373049
1221,Mario Draghi,2013-09-16,40,preserve mandate,en,9.061840057373049
1221,Mario Draghi,2013-09-16,47,economy fragile,en,1.8501863479614256
1221,Mario Draghi,2013-09-16,48,unemployment high,en,9.061840057373049
1221,Mario Draghi,2013-09-16,65,matter,en,9.061840057373049
1221,Mario Draghi,2013-09-16,92,country improvement,en,3.4977898597717285
1223,Benoît Cœuré,2013-09-11,12,clear obligation implement major jurisdiction,en,9.061840057373049
1223,Benoît Cœuré,2013-09-11,27,,en,9.061840057373049
1223,Benoît Cœuré,2013-09-11,46,answer clear no,en,9.061840057373049
1223,Benoît Cœuré,2013-09-11,84,two key regard,en,9.061840057373049
1223,Benoît Cœuré,2013-09-11,149,result promis,en,9.061840057373049
1227,Benoît Cœuré,2013-09-02,2,debate,en,9.061840057373049
1227,Benoît Cœuré,2013-09-02,60,general stage,en,1.010085105895996
1227,Benoît Cœuré,2013-09-02,62,policy maker alway option noth,en,2.6116294860839844
1227,Benoît Cœuré,2013-09-02,74,5 back later,en,9.061840057373049
1235,Jörg Asmussen,2013-07-09,27,key issue follow,en,3.656414031982422
1235,Jörg Asmussen,2013-07-09,53,discussion finalis soon,en,4.265146732330322
1235,Jörg Asmussen,2013-07-09,94,not reduce fragmentation,en,2.788873672485352
1238,Yves Mersch,2013-06-27,12,stability,en,0.9760494232177734
1238,Yves Mersch,2013-06-27,69,start single supervision,en,9.061840057373049
1238,Yves Mersch,2013-06-27,91,litmu test bank,en,1.080333232879639
1238,Yves Mersch,2013-06-27,120,discretion,en,9.061840057373049
1238,Yves Mersch,2013-06-27,127,return initial imagery storm subsid,en,3.4977898597717285
1238,Yves Mersch,2013-06-27,131,calm water,en,3.274052143096924
1241,Mario Draghi,2013-06-25,16,confirm currency stable,en,9.061840057373049
1241,Mario Draghi,2013-06-25,40,counterpart act,en,9.061840057373049
1241,Mario Draghi,2013-06-25,95,reform inspiration country,en,9.061840057373049
1241,Mario Draghi,2013-06-25,109,implement,en,9.061840057373049
1247,Jörg Asmussen,2013-06-14,18,third role bank union,en,9.061840057373049
1247,Jörg Asmussen,2013-06-14,66,alway ecb,en,9.061840057373049
1247,Jörg Asmussen,2013-06-14,108,case strong,en,9.061840057373049
1249,Mario Draghi,2013-06-13,5,integral part live,en,9.061840057373049
1249,Mario Draghi,2013-06-13,27,line mandate,en,9.061840057373049
1249,Mario Draghi,2013-06-13,35,sure succe,en,9.061840057373049
1253,Mario Draghi,2013-06-03,60,opposite true,en,9.061840057373049
1253,Mario Draghi,2013-06-03,64,way persevere reform effort,en,9.061840057373049
1253,Mario Draghi,2013-06-03,88,data,en,9.061840057373049
1255,Mario Draghi,2013-05-23,23,response immediate forceful,en,9.061840057373049
1255,Mario Draghi,2013-05-23,70,real gdp contract first 2013,en,9.061840057373049
1255,Mario Draghi,2013-05-23,74,example,en,9.061840057373049
1256,Peter Praet,2013-05-22,19,tool,en,9.061840057373049
1256,Peter Praet,2013-05-22,37,reflection imprudent behaviour,en,9.061840057373049
1256,Peter Praet,2013-05-22,95,way strongly complicate policy,en,3.612136840820313
1256,Peter Praet,2013-05-22,199,establish commitment,en,1.080333232879639
1257,Benoît Cœuré,2013-05-17,73,not,en,9.061840057373049
1257,Benoît Cœuré,2013-05-17,78,example,en,9.061840057373049
1257,Benoît Cœuré,2013-05-17,104,second bas mediumterm orientation,en,4.797717094421387
1257,Benoît Cœuré,2013-05-17,158,ecb act mandate,en,9.061840057373049
1259,Jörg Asmussen,2013-05-08,12,bank system represent 700 gdp,en,9.061840057373049
1259,Jörg Asmussen,2013-05-08,39,forc ecb act,en,9.061840057373049
1259,Jörg Asmussen,2013-05-08,47,noth noth,en,9.061840057373049
1260,Benoît Cœuré,2013-05-03,69,back short,en,9.061840057373049
1260,Benoît Cœuré,2013-05-03,88,course oversimplify,en,9.061840057373049
1260,Benoît Cœuré,2013-05-03,99,learn area,en,2.8628382682800293
1262,Jörg Asmussen,2013-04-29,48,,en,9.061840057373049
1262,Jörg Asmussen,2013-04-29,78,better way part bank union,en,3.274052143096924
1262,Jörg Asmussen,2013-04-29,83,bank union ssm,en,9.061840057373049
1264,Jörg Asmussen,2013-04-25,6,fix complex,en,9.061840057373049
1264,Jörg Asmussen,2013-04-25,15,ecb,en,9.061840057373049
1264,Jörg Asmussen,2013-04-25,32,first respect mandate price stability,en,0.9760494232177734
1264,Jörg Asmussen,2013-04-25,54,react government ask,en,0.9720067977905272
1264,Jörg Asmussen,2013-04-25,60,greece figure 6 10,en,9.061840057373049
1264,Jörg Asmussen,2013-04-25,84,politic adjustment message attention,en,3.047835350036621
1264,Jörg Asmussen,2013-04-25,86,consequence,en,9.061840057373049
1264,Jörg Asmussen,2013-04-25,112,feed,en,9.061840057373049
1264,Jörg Asmussen,2013-04-25,138,people,en,9.061840057373049
1266,Jörg Asmussen,2013-04-20,12,cynic,en,9.061840057373049
1266,Jörg Asmussen,2013-04-20,59,conclude clear message,en,9.061840057373049
1266,Jörg Asmussen,2013-04-20,68,adjustment,en,9.061840057373049
1272,Jörg Asmussen,2013-03-20,23,alway alternative,en,2.78085994720459
1272,Jörg Asmussen,2013-03-20,25,begin alternative,en,9.061840057373049
1272,Jörg Asmussen,2013-03-20,36,change course consequence,en,9.061840057373049
1272,Jörg Asmussen,2013-03-20,99,time message attention,en,9.061840057373049
1274,Mario Draghi,2013-03-19,21,process change,en,2.452521800994873
1274,Mario Draghi,2013-03-19,33,specific example,en,3.047835350036621
1274,Mario Draghi,2013-03-19,46,contribution matter action relevant,en,1.8096156120300293
1277,Vítor Constâncio,2013-03-11,35,3 bank union,en,9.061840057373049
1277,Vítor Constâncio,2013-03-11,55,bank union build effective,en,2.9972290992736816
1277,Vítor Constâncio,2013-03-11,73,key feature,en,1.8501863479614256
1279,Yves Mersch,2013-02-27,2,not happen,en,2.788873672485352
1279,Yves Mersch,2013-02-27,3,stumbl block clear preparatory phase,en,3.4977898597717285
1279,Yves Mersch,2013-02-27,99,crucial srm place once ssm operational,en,2.7703819274902344
1279,Yves Mersch,2013-02-27,116,mandate,en,9.061840057373049
1280,Mario Draghi,2013-02-27,80,ecb stay focus fight inflation,en,1.8501863479614256
1280,Mario Draghi,2013-02-27,107,not act bank,en,2.788873672485352
1280,Mario Draghi,2013-02-27,110,act preserve price stability,en,0.9760494232177734
1280,Mario Draghi,2013-02-27,177,country difficulty,en,3.4977898597717285
1280,Mario Draghi,2013-02-27,186,mutual possible,en,9.061840057373049
1280,Mario Draghi,2013-02-27,199,way achiev,en,2.78085994720459
1280,Mario Draghi,2013-02-27,201,integrate nation market,en,1.8096156120300293
1282,Benoît Cœuré,2013-02-22,5,people live not visibly,en,2.788873672485352
1282,Benoît Cœuré,2013-02-22,11,policy,en,9.061840057373049
1282,Benoît Cœuré,2013-02-22,32,figure,en,9.061840057373049
1282,Benoît Cœuré,2013-02-22,110,8 output,en,9.061840057373049
1282,Benoît Cœuré,2013-02-22,115,,en,9.061840057373049
1301,Benoît Cœuré,2012-12-01,55,first restore condition smart,en,2.426934242248535
1301,Benoît Cœuré,2012-12-01,98,occasion,en,9.061840057373049
1301,Benoît Cœuré,2012-12-01,116,viable solution,en,9.061840057373049
1301,Benoît Cœuré,2012-12-01,145,average 206 1999 2012,en,9.061840057373049
1303,Mario Draghi,2012-11-30,11,urgent matter,en,9.061840057373049
1303,Mario Draghi,2012-11-30,64,current account 8 percentage gdp,en,1.010085105895996
1303,Mario Draghi,2012-11-30,94,create job,en,1.1812167167663574
1303,Mario Draghi,2012-11-30,96,study indicate gain 2030,en,1.6930274963378906
1307,Benoît Cœuré,2012-11-19,29,appeal two shortcoming,en,9.061840057373049
1307,Benoît Cœuré,2012-11-19,43,case single bank system,en,9.061840057373049
1307,Benoît Cœuré,2012-11-19,45,mean view follow,en,9.061840057373049
1307,Benoît Cœuré,2012-11-19,67,hard arrangement concern consistent article 1276 tfeu,en,9.061840057373049
1308,Mario Draghi,2012-11-15,31,economic growth fal,en,3.047835350036621
1308,Mario Draghi,2012-11-15,39,act,en,9.061840057373049
1308,Mario Draghi,2012-11-15,91,see solution incomplete,en,2.536614418029785
1308,Mario Draghi,2012-11-15,98,share conviction,en,3.021581649780273
1308,Mario Draghi,2012-11-15,127,ad backward,en,9.061840057373049
1310,Mario Draghi,2012-11-07,47,difficult road long way,en,3.274052143096924
1310,Mario Draghi,2012-11-07,101,ensure country reform ecb active,en,3.4977898597717285
1310,Mario Draghi,2012-11-07,112,intervention not change outlook,en,2.788873672485352
1312,Mario Draghi,2012-10-24,8,listen,en,9.061840057373049
1312,Mario Draghi,2012-10-24,14,next gradual recovery,en,0.9720067977905272
1312,Mario Draghi,2012-10-24,66,lot comment commitment,en,1.080333232879639
1312,Mario Draghi,2012-10-24,102,conclude,en,9.061840057373049
1312,Mario Draghi,2012-10-24,108,government reform economy,en,9.061840057373049
1313,Vítor Constâncio,2012-10-22,14,add element full concept,en,3.722856521606445
1313,Vítor Constâncio,2012-10-22,55,requir concept succe,en,2.247978687286377
1313,Vítor Constâncio,2012-10-22,100,element function refer,en,9.061840057373049
1313,Vítor Constâncio,2012-10-22,105,not concept,en,2.788873672485352
1313,Vítor Constâncio,2012-10-22,139,decid government,en,9.061840057373049
1313,Vítor Constâncio,2012-10-22,167,sense,en,9.061840057373049
1313,Vítor Constâncio,2012-10-22,206,particular regularly,en,9.061840057373049
1313,Vítor Constâncio,2012-10-22,218,see,en,9.061840057373049
1313,Vítor Constâncio,2012-10-22,230,aspect lot,en,9.061840057373049
1313,Vítor Constâncio,2012-10-22,233,,en,9.061840057373049
1313,Vítor Constâncio,2012-10-22,253,clear proposal,en,9.061840057373049
1313,Vítor Constâncio,2012-10-22,275,first possible asymmetry,en,9.061840057373049
1313,Vítor Constâncio,2012-10-22,295,see happen,en,2.536614418029785
1313,Vítor Constâncio,2012-10-22,310,view,en,9.061840057373049
1313,Vítor Constâncio,2012-10-22,333,smooth process,en,9.061840057373049
1313,Vítor Constâncio,2012-10-22,369,difference,en,9.061840057373049
1317,Mario Draghi,2012-10-09,5,ecb action build bridge,en,2.9972290992736816
1317,Mario Draghi,2012-10-09,19,decline 2 course 2013,en,9.061840057373049
1317,Mario Draghi,2012-10-09,71,both both,en,9.061840057373049
1319,Benoît Cœuré,2012-10-01,43,act prudence,en,9.061840057373049
1319,Benoît Cœuré,2012-10-01,70,permanent nature,en,9.061840057373049
1319,Benoît Cœuré,2012-10-01,86,list five,en,9.061840057373049
1321,Mario Draghi,2012-09-25,28,country largest adjustment,en,3.4977898597717285
1321,Mario Draghi,2012-09-25,43,governance reform,en,2.7703819274902344
1321,Mario Draghi,2012-09-25,60,decid favour,en,2.5332202911376958
1321,Mario Draghi,2012-09-25,96,clear alway mediumterm orientation,en,9.061840057373049
1321,Mario Draghi,2012-09-25,114,ecb action build bridge future,en,2.9972290992736816
1321,Mario Draghi,2012-09-25,149,situation fac,en,9.061840057373049
1321,Mario Draghi,2012-09-25,157,ecb act,en,9.061840057373049
1322,Benoît Cœuré,2012-09-23,2,wish success,en,9.061840057373049
1322,Benoît Cœuré,2012-09-23,84,not prove case,en,2.788873672485352
1322,Benoît Cœuré,2012-09-23,98,2008 lower policy rate 425 075 now,en,1.2960600852966309
1322,Benoît Cœuré,2012-09-23,156,example,en,9.061840057373049
1324,Benoît Cœuré,2012-09-20,5,elaborate two,en,9.061840057373049
1324,Benoît Cœuré,2012-09-20,114,conflict instance compatible,en,2.7703819274902344
1324,Benoît Cœuré,2012-09-20,160,answer no,en,9.061840057373049
1325,Vítor Constâncio,2012-09-07,32,follow argument concept,en,2.6740822792053223
1325,Vítor Constâncio,2012-09-07,112,empirical line argumentation,en,2.387363910675049
1325,Vítor Constâncio,2012-09-07,248,attention,en,9.061840057373049
1326,Mario Draghi,2012-09-06,17,reason complex,en,3.044527053833008
1326,Mario Draghi,2012-09-06,25,done,en,9.061840057373049
1326,Mario Draghi,2012-09-06,68,,en,9.061840057373049
1326,Mario Draghi,2012-09-06,85,import idea start,en,9.061840057373049
1326,Mario Draghi,2012-09-06,93,discussion begin,en,1.2179069519042969
1326,Mario Draghi,2012-09-06,105,meantime grateful,en,9.061840057373049
1330,Mario Draghi,2012-07-26,20,,en,9.061840057373049
1330,Mario Draghi,2012-07-26,33,second message progress,en,4.797717094421387
1330,Mario Draghi,2012-07-26,34,third sense political,en,9.061840057373049
1330,Mario Draghi,2012-07-26,38,message,en,9.061840057373049
1330,Mario Draghi,2012-07-26,43,investor retreate national boundary,en,2.752083301544189
1330,Mario Draghi,2012-07-26,53,situation overcome course,en,2.69980525970459
1330,Mario Draghi,2012-07-26,57,short fund,en,9.061840057373049
1330,Mario Draghi,2012-07-26,59,care,en,0.9095144271850586
1330,Mario Draghi,2012-07-26,61,little,en,2.0162367820739746
1330,Mario Draghi,2012-07-26,65,remit,en,9.061840057373049
1333,Jörg Asmussen,2012-07-17,11,not,en,9.061840057373049
1333,Jörg Asmussen,2012-07-17,17,imply ecb,en,3.612136840820313
1333,Jörg Asmussen,2012-07-17,47,,en,9.061840057373049
1333,Jörg Asmussen,2012-07-17,55,country different,en,3.4977898597717285
1333,Jörg Asmussen,2012-07-17,64,second 2,en,4.797717094421387
1333,Jörg Asmussen,2012-07-17,82,third 3,en,9.061840057373049
1333,Jörg Asmussen,2012-07-17,83,imply ecb,en,3.612136840820313
1333,Jörg Asmussen,2012-07-17,96,right,en,9.061840057373049
1333,Jörg Asmussen,2012-07-17,97,mean time,en,9.061840057373049
1333,Jörg Asmussen,2012-07-17,103,step significant,en,9.061840057373049
1333,Jörg Asmussen,2012-07-17,104,debate,en,9.061840057373049
1333,Jörg Asmussen,2012-07-17,106,,en,9.061840057373049
1333,Jörg Asmussen,2012-07-17,120,overcome,en,9.061840057373049
1333,Jörg Asmussen,2012-07-17,126,attention,en,9.061840057373049
1334,Mario Draghi,2012-07-09,30,four reason comparison constituency limit,en,3.044527053833008
1334,Mario Draghi,2012-07-09,35,mandate track record speak,en,9.061840057373049
1334,Mario Draghi,2012-07-09,58,process start,en,2.452521800994873
1334,Mario Draghi,2012-07-09,80,full implementation,en,3.722856521606445
1334,Mario Draghi,2012-07-09,90,forward roadmap start,en,9.061840057373049
1335,Jörg Asmussen,2012-07-06,41,trader,en,9.061840057373049
1335,Jörg Asmussen,2012-07-06,77,second 2,en,4.797717094421387
1335,Jörg Asmussen,2012-07-06,99,,en,9.061840057373049
1335,Jörg Asmussen,2012-07-06,104,firewall,en,9.061840057373049
1335,Jörg Asmussen,2012-07-06,117,,en,9.061840057373049
1335,Jörg Asmussen,2012-07-06,151,communicate ask,en,9.061840057373049
1335,Jörg Asmussen,2012-07-06,155,motivate prevent catastrophe,en,9.061840057373049
1335,Jörg Asmussen,2012-07-06,189,,en,9.061840057373049
1335,Jörg Asmussen,2012-07-06,196,limit,en,9.061840057373049
1336,Jörg Asmussen,2012-07-02,5,complicate part,en,9.061840057373049
1336,Jörg Asmussen,2012-07-02,17,observer,en,9.061840057373049
1336,Jörg Asmussen,2012-07-02,109,clear confidence smooth path,en,2.7703819274902344
1336,Jörg Asmussen,2012-07-02,112,now,en,9.061840057373049
1346,Benoît Cœuré,2012-06-01,9,restore confidence,en,2.426934242248535
1346,Benoît Cœuré,2012-06-01,25,noth ecb bank solvency,en,9.061840057373049
1346,Benoît Cœuré,2012-06-01,38,idea floate not repeat,en,2.788873672485352
1346,Benoît Cœuré,2012-06-01,46,conclude positive,en,9.061840057373049
1349,Jörg Asmussen,2012-05-24,74,interaction real economy,en,9.061840057373049
1349,Jörg Asmussen,2012-05-24,88,done,en,9.061840057373049
1349,Jörg Asmussen,2012-05-24,115,feedback loop stop,en,9.061840057373049
1350,Jörg Asmussen,2012-05-21,24,agenda,en,9.061840057373049
1350,Jörg Asmussen,2012-05-21,67,large sum,en,9.061840057373049
1350,Jörg Asmussen,2012-05-21,117,70 eus gdp service 20 service crossborder basi,en,0.9250211715698242
1350,Jörg Asmussen,2012-05-21,147,idea,en,9.061840057373049
1350,Jörg Asmussen,2012-05-21,174,chang,en,9.061840057373049
1361,Jörg Asmussen,2012-04-20,17,data,en,9.061840057373049
1361,Jörg Asmussen,2012-04-20,35,central control regional spend,en,2.752083301544189
1361,Jörg Asmussen,2012-04-20,75,example spain,en,9.061840057373049
1361,Jörg Asmussen,2012-04-20,82,party now,en,3.1631383895874023
1365,Vítor Constâncio,2012-04-17,0,fit statistic macroprudential oversight,en,3.047835350036621
1365,Vítor Constâncio,2012-04-17,29,achiev,en,9.061840057373049
1365,Vítor Constâncio,2012-04-17,32,securitisation vehicle,en,2.762415885925293
1368,Jörg Asmussen,2012-04-12,15,path not smooth,en,2.788873672485352
1368,Jörg Asmussen,2012-04-12,19,ireland,en,9.061840057373049
1368,Jörg Asmussen,2012-04-12,20,confident success story,en,2.452521800994873
1368,Jörg Asmussen,2012-04-12,51,prov,en,9.061840057373049
1368,Jörg Asmussen,2012-04-12,140,comment area,en,2.8628382682800293
1371,Jörg Asmussen,2012-03-27,16,long way,en,3.274052143096924
1371,Jörg Asmussen,2012-03-27,24,political courage,en,2.387363910675049
1371,Jörg Asmussen,2012-03-27,47,achiev,en,9.061840057373049
1371,Jörg Asmussen,2012-03-27,65,conclude message hope,en,9.061840057373049
1372,Mario Draghi,2012-03-26,100,prevention better cure spirit compact,en,1.2179069519042969
1372,Mario Draghi,2012-03-26,122,play part,en,9.061840057373049
1372,Mario Draghi,2012-03-26,124,time action,en,0.9003105163574219
1377,Peter Praet,2012-02-27,17,ecb secur price stability,en,0.9760494232177734
1377,Peter Praet,2012-02-27,28,ecb line mandate,en,9.061840057373049
1377,Peter Praet,2012-02-27,53,not problem,en,2.788873672485352
1377,Peter Praet,2012-02-27,114,long,en,9.061840057373049
1377,Peter Praet,2012-02-27,133,society,en,9.061840057373049
1377,Peter Praet,2012-02-27,138,wakeup call,en,9.061840057373049
1379,Benoît Cœuré,2012-02-19,4,find noth new im,en,4.797717094421387
1379,Benoît Cœuré,2012-02-19,52,technical leeway,en,2.387363910675049
1379,Benoît Cœuré,2012-02-19,137,10 number 5 2004,en,9.061840057373049
1380,Mario Draghi,2011-12-19,55,ecb welcome outcome,en,9.061840057373049
1380,Mario Draghi,2011-12-19,72,input investor,en,9.061840057373049
1380,Mario Draghi,2011-12-19,75,word ecb rating,en,9.061840057373049
1381,Lorenzo Bini Smaghi,2011-12-16,5,organise follow,en,1.073343276977539
1381,Lorenzo Bini Smaghi,2011-12-16,34,step further,en,3.431535243988037
1381,Lorenzo Bini Smaghi,2011-12-16,114,clear prevention alway better cure,en,9.061840057373049
1382,Mario Draghi,2011-12-15,47,first bank option terminate operation,en,2.701602935791016
1382,Mario Draghi,2011-12-15,67,prevent happen,en,9.061840057373049
1382,Mario Draghi,2011-12-15,80,prevention better cure,en,1.2179069519042969
1384,Vítor Constâncio,2011-12-08,53,time inflation return 2 course 2012,en,9.061840057373049
1384,Vítor Constâncio,2011-12-08,95,correspond rate growth close 110,en,4.797717094421387
1384,Vítor Constâncio,2011-12-08,173,available tool,en,9.061840057373049
1384,Vítor Constâncio,2011-12-08,195,5see article 1275 tfeu,en,2.536614418029785
1384,Vítor Constâncio,2011-12-08,208,13ecb 2010 annual,en,4.74055814743042
1388,José Manuel González-Páramo,2011-11-24,3,question confront,en,3.033313751220703
1388,José Manuel González-Páramo,2011-11-24,14,three main proposition,en,2.536614418029785
1388,José Manuel González-Páramo,2011-11-24,48,ecb,en,9.061840057373049
1388,José Manuel González-Páramo,2011-11-24,207,see mark distinction,en,2.536614418029785
1389,Peter Praet,2011-11-24,5,identify,en,9.061840057373049
1389,Peter Praet,2011-11-24,98,example capital requirement regulation art,en,9.061840057373049
1389,Peter Praet,2011-11-24,113,debate ongo,en,9.061840057373049
1389,Peter Praet,2011-11-24,118,cost clear identification not,en,9.061840057373049
1398,Jean-Claude Trichet,2011-10-24,24,now,en,9.061840057373049
1398,Jean-Claude Trichet,2011-10-24,95,policy adapt,en,2.78085994720459
1398,Jean-Claude Trichet,2011-10-24,114,prudent,en,9.061840057373049
1398,Jean-Claude Trichet,2011-10-24,128,emphasise,en,9.061840057373049
1398,Jean-Claude Trichet,2011-10-24,140,incomplete,en,9.061840057373049
1398,Jean-Claude Trichet,2011-10-24,181,time implement vision start,en,9.061840057373049
1398,Jean-Claude Trichet,2011-10-24,199,invent concept,en,9.061840057373049
1398,Jean-Claude Trichet,2011-10-24,205,master,en,9.061840057373049
1398,Jean-Claude Trichet,2011-10-24,218,condition create mutual responsibility,en,9.061840057373049
1398,Jean-Claude Trichet,2011-10-24,224,question confront obstacle,en,3.033313751220703
1398,Jean-Claude Trichet,2011-10-24,225,not back,en,2.788873672485352
1402,Lorenzo Bini Smaghi,2011-10-17,28,happen,en,9.061840057373049
1402,Lorenzo Bini Smaghi,2011-10-17,116,two reason,en,3.044527053833008
1402,Lorenzo Bini Smaghi,2011-10-17,121,done,en,9.061840057373049
1402,Lorenzo Bini Smaghi,2011-10-17,182,solution study,en,9.061840057373049
1402,Lorenzo Bini Smaghi,2011-10-17,187,fourth issue case greece,en,3.656414031982422
1402,Lorenzo Bini Smaghi,2011-10-17,201,way,en,9.061840057373049
1409,Jean-Claude Trichet,2011-10-04,21,,en,9.061840057373049
1409,Jean-Claude Trichet,2011-10-04,67,inflation stay 2,en,9.061840057373049
1409,Jean-Claude Trichet,2011-10-04,77,,en,9.061840057373049
1409,Jean-Claude Trichet,2011-10-04,87,confident,en,9.061840057373049
1415,Jean-Claude Trichet,2011-09-15,32,confident satisfactorily conclud,en,3.612136840820313
1415,Jean-Claude Trichet,2011-09-15,50,forward progress g20,en,2.452521800994873
1415,Jean-Claude Trichet,2011-09-15,53,time implement,en,9.061840057373049
1415,Jean-Claude Trichet,2011-09-15,56,see similar message sifi,en,2.536614418029785
1415,Jean-Claude Trichet,2011-09-15,69,forward g20 finance minister,en,2.7703819274902344
1415,Jean-Claude Trichet,2011-09-15,88,attention,en,9.061840057373049
1416,Lorenzo Bini Smaghi,2011-09-15,100,efsf attempt create institution characteristic,en,2.274934768676758
1416,Lorenzo Bini Smaghi,2011-09-15,128,brief reference two,en,2.7703819274902344
1416,Lorenzo Bini Smaghi,2011-09-15,167,last intervention subject public discussion,en,3.047835350036621
1416,Lorenzo Bini Smaghi,2011-09-15,171,procedure safeguard mechanism,en,9.061840057373049
1422,Lorenzo Bini Smaghi,2011-07-08,57,,en,9.061840057373049
1422,Lorenzo Bini Smaghi,2011-07-08,60,however not case practice,en,2.788873672485352
1422,Lorenzo Bini Smaghi,2011-07-08,109,clear shortcom,en,9.061840057373049
1422,Lorenzo Bini Smaghi,2011-07-08,114,end,en,9.061840057373049
1422,Lorenzo Bini Smaghi,2011-07-08,145,apply country,en,3.612136840820313
1431,Jean-Claude Trichet,2011-06-16,9,finding comparison interest,en,9.061840057373049
1431,Jean-Claude Trichet,2011-06-16,15,natural,en,9.061840057373049
1431,Jean-Claude Trichet,2011-06-16,30,result similar inflation,en,9.061840057373049
1431,Jean-Claude Trichet,2011-06-16,85,enforcement tool effective,en,2.284790515899658
1431,Jean-Claude Trichet,2011-06-16,95,not similar size,en,2.788873672485352
1436,Jürgen Stark,2011-06-10,2,theme return normality,en,9.061840057373049
1436,Jürgen Stark,2011-06-10,3,new normal,en,9.061840057373049
1436,Jürgen Stark,2011-06-10,26,decision first policy 2009,en,9.061840057373049
1436,Jürgen Stark,2011-06-10,33,accommodate upward price pressure,en,9.061840057373049
1437,José Manuel González-Páramo,2011-06-10,42,start fragile liability,en,0.9760494232177734
1437,José Manuel González-Páramo,2011-06-10,52,order real economy recover weak bank recapitalis,en,0.9008541107177734
1437,José Manuel González-Páramo,2011-06-10,53,recent regulatory change capital spain crucial,en,3.4977898597717285
1442,Lorenzo Bini Smaghi,2011-06-06,19,event recent confirm view,en,9.061840057373049
1442,Lorenzo Bini Smaghi,2011-06-06,31,first asses solvency country different company,en,3.4977898597717285
1442,Lorenzo Bini Smaghi,2011-06-06,65,implication analysi,en,4.74055814743042
1442,Lorenzo Bini Smaghi,2011-06-06,74,problem,en,9.061840057373049
1442,Lorenzo Bini Smaghi,2011-06-06,101,idea bad practice,en,9.061840057373049
1442,Lorenzo Bini Smaghi,2011-06-06,127,8see ft 24 2011,en,2.536614418029785
1444,Jean-Claude Trichet,2011-06-02,29,unify diverse time,en,9.061840057373049
1444,Jean-Claude Trichet,2011-06-02,44,emu price stability,en,0.9760494232177734
1444,Jean-Claude Trichet,2011-06-02,57,determin action reflect responsibility,en,0.9188117980957032
1444,Jean-Claude Trichet,2011-06-02,90,aware observer concern,en,3.021581649780273
1449,Lorenzo Bini Smaghi,2011-05-23,82,policy response conditional,en,9.061840057373049
1449,Lorenzo Bini Smaghi,2011-05-23,154,finish international coordination,en,2.752083301544189
1449,Lorenzo Bini Smaghi,2011-05-23,163,agenda,en,9.061840057373049
1449,Lorenzo Bini Smaghi,2011-05-23,193,2adrian shin 2009,en,9.061840057373049
1449,Lorenzo Bini Smaghi,2011-05-23,204,12a kay 2010,en,9.061840057373049
1450,Gertrude Tumpel-Gugerell,2011-05-19,26,better,en,9.061840057373049
1450,Gertrude Tumpel-Gugerell,2011-05-19,27,lot progress regard,en,2.452521800994873
1450,Gertrude Tumpel-Gugerell,2011-05-19,29,similar institution setup atlantic,en,2.267709255218506
1450,Gertrude Tumpel-Gugerell,2011-05-19,49,modest well,en,2.575860977172852
1450,Gertrude Tumpel-Gugerell,2011-05-19,53,link better research,en,9.061840057373049
1451,José Manuel González-Páramo,2011-05-18,0,securitisation future,en,9.061840057373049
1451,José Manuel González-Páramo,2011-05-18,10,comment briefly program,en,3.612136840820313
1451,José Manuel González-Páramo,2011-05-18,62,lesson,en,9.061840057373049
1451,José Manuel González-Páramo,2011-05-18,74,design regulation supervision,en,9.061840057373049
1460,Gertrude Tumpel-Gugerell,2011-05-10,42,back later,en,9.061840057373049
1460,Gertrude Tumpel-Gugerell,2011-05-10,83,economy global,en,9.061840057373049
1460,Gertrude Tumpel-Gugerell,2011-05-10,88,effort,en,9.061840057373049
1466,Vítor Constâncio,2011-04-15,83,potential reason,en,3.044527053833008
1466,Vítor Constâncio,2011-04-15,110,2011 kashyap al,en,9.061840057373049
1466,Vítor Constâncio,2011-04-15,119,initiative fsb bcb,en,9.061840057373049
1466,Vítor Constâncio,2011-04-15,244,not progres,en,2.788873672485352
1479,Jean-Claude Trichet,2011-03-18,49,coordination require,en,9.061840057373049
1479,Jean-Claude Trichet,2011-03-18,71,see specific,en,2.536614418029785
1479,Jean-Claude Trichet,2011-03-18,81,not happen,en,2.788873672485352
1479,Jean-Claude Trichet,2011-03-18,98,main area recommendation,en,2.8628382682800293
1479,Jean-Claude Trichet,2011-03-18,102,clear borrow framework,en,2.6740822792053223
1479,Jean-Claude Trichet,2011-03-18,130,indicate progress,en,9.061840057373049
1482,Lorenzo Bini Smaghi,2011-03-11,23,no,en,9.061840057373049
1482,Lorenzo Bini Smaghi,2011-03-11,36,alternative,en,9.061840057373049
1482,Lorenzo Bini Smaghi,2011-03-11,217,surely,en,9.061840057373049
1482,Lorenzo Bini Smaghi,2011-03-11,259,direction,en,9.061840057373049
1482,Lorenzo Bini Smaghi,2011-03-11,268,hop wisdom,en,9.061840057373049
1488,Lorenzo Bini Smaghi,2011-02-14,6,not,en,9.061840057373049
1488,Lorenzo Bini Smaghi,2011-02-14,69,ecb position clear,en,9.061840057373049
1488,Lorenzo Bini Smaghi,2011-02-14,73,serve model,en,9.061840057373049
1488,Lorenzo Bini Smaghi,2011-02-14,80,start stability,en,0.9760494232177734
1488,Lorenzo Bini Smaghi,2011-02-14,150,well,en,9.061840057373049
1488,Lorenzo Bini Smaghi,2011-02-14,168,public finance,en,3.047835350036621
1488,Lorenzo Bini Smaghi,2011-02-14,179,two factor tackl,en,2.456697940826416
1488,Lorenzo Bini Smaghi,2011-02-14,189,17 country moment,en,3.4977898597717285
1489,Jean-Claude Trichet,2011-02-11,30,needle compass price stability,en,0.9760494232177734
1489,Jean-Claude Trichet,2011-02-11,61,needle compass,en,9.061840057373049
1489,Jean-Claude Trichet,2011-02-11,64,fact,en,9.061840057373049
1489,Jean-Claude Trichet,2011-02-11,70,1980 28,en,9.061840057373049
1489,Jean-Claude Trichet,2011-02-11,71,1970 49,en,9.061840057373049
1489,Jean-Claude Trichet,2011-02-11,94,change,en,9.061840057373049
1494,Lorenzo Bini Smaghi,2011-01-27,59,first increas temporary,en,3.044527053833008
1494,Lorenzo Bini Smaghi,2011-01-27,92,result,en,9.061840057373049
1494,Lorenzo Bini Smaghi,2011-01-27,94,accomplish moderation cost price producer,en,9.061840057373049
1497,Lorenzo Bini Smaghi,2011-01-19,3,list upfront turn order,en,3.033313751220703
1497,Lorenzo Bini Smaghi,2011-01-19,78,price,en,9.061840057373049
1497,Lorenzo Bini Smaghi,2011-01-19,91,mislead signal persistent change relative price,en,2.752083301544189
1497,Lorenzo Bini Smaghi,2011-01-19,182,alway sense coordinate objective instrument,en,9.061840057373049
1498,Lorenzo Bini Smaghi,2011-01-10,8,word economy global policy local,en,9.061840057373049
1498,Lorenzo Bini Smaghi,2011-01-10,9,two way contradiction,en,3.274052143096924
1498,Lorenzo Bini Smaghi,2011-01-10,26,unlikely change rapidly,en,3.612136840820313
1502,Vítor Constâncio,2010-12-07,45,historic shift concern role interplay market,en,3.047835350036621
1502,Vítor Constâncio,2010-12-07,110,answer two way,en,3.274052143096924
1502,Vítor Constâncio,2010-12-07,265,nation product action,en,9.061840057373049
1502,Vítor Constâncio,2010-12-07,277,13 attention,en,9.061840057373049
1502,Vítor Constâncio,2010-12-07,285,135146 gomory re,en,3.4977898597717285
1503,Jean-Claude Trichet,2010-12-03,31,1980 74 1970 88,en,9.061840057373049
1503,Jean-Claude Trichet,2010-12-03,49,boom bust prevail,en,1.97153902053833
1503,Jean-Claude Trichet,2010-12-03,95,transparency,en,9.061840057373049
1509,Jean-Claude Trichet,2010-11-19,5,moment,en,9.061840057373049
1509,Jean-Claude Trichet,2010-11-19,14,new,en,9.061840057373049
1509,Jean-Claude Trichet,2010-11-19,17,now 12 track record,en,2.6740822792053223
1510,Jürgen Stark,2010-11-19,38,view two requirement natural complement,en,9.061840057373049
1510,Jürgen Stark,2010-11-19,56,return shortly,en,1.6444382667541504
1510,Jürgen Stark,2010-11-19,142,policy operational,en,2.6116294860839844
1513,Gertrude Tumpel-Gugerell,2010-11-15,16,start sepa,en,0.9313678741455078
1513,Gertrude Tumpel-Gugerell,2010-11-15,37,major issue,en,3.656414031982422
1513,Gertrude Tumpel-Gugerell,2010-11-15,45,online payment solution suitable achieve safety,en,0.9003105163574219
1515,Jean-Claude Trichet,2010-11-13,7,key issue broader context,en,3.656414031982422
1515,Jean-Claude Trichet,2010-11-13,34,value,en,9.061840057373049
1515,Jean-Claude Trichet,2010-11-13,56,boom bust inevitable consequence,en,1.97153902053833
1515,Jean-Claude Trichet,2010-11-13,77,directional position amplify create gap asset price,en,2.752083301544189
1515,Jean-Claude Trichet,2010-11-13,92,similar reason,en,3.044527053833008
1515,Jean-Claude Trichet,2010-11-13,116,complacency inappropriate,en,1.6930274963378906
1521,Gertrude Tumpel-Gugerell,2010-10-25,14,view future outlook retail trade sector,en,1.9051647186279297
1521,Gertrude Tumpel-Gugerell,2010-10-25,57,global recovery,en,9.061840057373049
1521,Gertrude Tumpel-Gugerell,2010-10-25,81,past 11 confident future,en,9.061840057373049
1522,Lorenzo Bini Smaghi,2010-10-22,19,develop,en,9.061840057373049
1522,Lorenzo Bini Smaghi,2010-10-22,33,technological progress,en,2.387363910675049
1522,Lorenzo Bini Smaghi,2010-10-22,126,sure,en,9.061840057373049
1525,Gertrude Tumpel-Gugerell,2010-10-18,8,apply sepa,en,3.612136840820313
1525,Gertrude Tumpel-Gugerell,2010-10-18,65,concept apply card market,en,3.612136840820313
1525,Gertrude Tumpel-Gugerell,2010-10-18,71,iso 20022 standard,en,9.061840057373049
1525,Gertrude Tumpel-Gugerell,2010-10-18,75,however,en,9.061840057373049
1526,Jean-Claude Trichet,2010-10-16,20,global economic governance,en,3.047835350036621
1526,Jean-Claude Trichet,2010-10-16,53,global system far regard,en,9.061840057373049
1526,Jean-Claude Trichet,2010-10-16,69,deal both,en,9.061840057373049
1530,Lorenzo Bini Smaghi,2010-10-08,4,three main observation,en,2.536614418029785
1530,Lorenzo Bini Smaghi,2010-10-08,50,third,en,9.061840057373049
1530,Lorenzo Bini Smaghi,2010-10-08,67,problem,en,9.061840057373049
1530,Lorenzo Bini Smaghi,2010-10-08,71,reason relevant,en,3.044527053833008
1531,Jean-Claude Trichet,2010-09-29,17,not replace function,en,2.788873672485352
1531,Jean-Claude Trichet,2010-09-29,44,consultation proposal trigger wide response,en,1.1262059211730957
1531,Jean-Claude Trichet,2010-09-29,45,300 comment receiv public,en,9.061840057373049
1531,Jean-Claude Trichet,2010-09-29,110,wellknown,en,1.5393552780151367
1545,Vítor Constâncio,2010-07-09,37,1999 2 country exceed 5 mark,en,3.4977898597717285
1545,Vítor Constâncio,2010-07-09,108,argument,en,9.061840057373049
1545,Vítor Constâncio,2010-07-09,130,idea macroprudential policy not new,en,2.788873672485352
1546,Jürgen Stark,2010-07-09,15,money ignor,en,9.061840057373049
1546,Jürgen Stark,2010-07-09,50,start,en,9.061840057373049
1546,Jürgen Stark,2010-07-09,51,organise,en,9.061840057373049
1549,Gertrude Tumpel-Gugerell,2010-07-03,27,period seven,en,9.061840057373049
1549,Gertrude Tumpel-Gugerell,2010-07-03,56,well structural reform pay,en,3.722856521606445
1549,Gertrude Tumpel-Gugerell,2010-07-03,110,confidence back,en,2.7703819274902344
1554,Lorenzo Bini Smaghi,2010-06-18,14,dealt,en,9.061840057373049
1554,Lorenzo Bini Smaghi,2010-06-18,16,response,en,9.061840057373049
1554,Lorenzo Bini Smaghi,2010-06-18,17,complicate,en,9.061840057373049
1554,Lorenzo Bini Smaghi,2010-06-18,32,greece responsible situation,en,9.061840057373049
1554,Lorenzo Bini Smaghi,2010-06-18,40,mechanism didnt,en,9.061840057373049
1554,Lorenzo Bini Smaghi,2010-06-18,80,b doesnt viable solution,en,9.061840057373049
1554,Lorenzo Bini Smaghi,2010-06-18,94,nobody interest,en,1.6930274963378906
1554,Lorenzo Bini Smaghi,2010-06-18,141,greece case,en,9.061840057373049
1554,Lorenzo Bini Smaghi,2010-06-18,180,viable solution,en,9.061840057373049
1559,Lorenzo Bini Smaghi,2010-06-14,94,early,en,9.061840057373049
1559,Lorenzo Bini Smaghi,2010-06-14,97,list,en,9.061840057373049
1559,Lorenzo Bini Smaghi,2010-06-14,149,fewer abss create out bank book,en,2.547461986541748
1559,Lorenzo Bini Smaghi,2010-06-14,156,inflation outcome,en,2.69980525970459
1563,Jean-Claude Trichet,2010-06-10,25,reason,en,3.044527053833008
1563,Jean-Claude Trichet,2010-06-10,30,interven,en,9.061840057373049
1563,Jean-Claude Trichet,2010-06-10,129,two reason change,en,3.044527053833008
1569,Lorenzo Bini Smaghi,2010-05-28,19,start test,en,9.061840057373049
1569,Lorenzo Bini Smaghi,2010-05-28,40,bas four key assumption,en,2.78085994720459
1569,Lorenzo Bini Smaghi,2010-05-28,49,reason pact not,en,3.044527053833008
1569,Lorenzo Bini Smaghi,2010-05-28,69,public,en,9.061840057373049
1569,Lorenzo Bini Smaghi,2010-05-28,118,often,en,9.061840057373049
1569,Lorenzo Bini Smaghi,2010-05-28,141,government away,en,9.061840057373049
1569,Lorenzo Bini Smaghi,2010-05-28,157,proposal,en,9.061840057373049
1569,Lorenzo Bini Smaghi,2010-05-28,166,function function,en,9.061840057373049
1574,Jean-Claude Trichet,2010-05-06,29,selffinance constrain investment,en,2.7703819274902344
1574,Jean-Claude Trichet,2010-05-06,59,5 basic intuition straightforward,en,3.047835350036621
1574,Jean-Claude Trichet,2010-05-06,91,function 2 ignor function 3 4 5 abus,en,9.061840057373049
1574,Jean-Claude Trichet,2010-05-06,126,11 intuition straightforward,en,9.061840057373049
1574,Jean-Claude Trichet,2010-05-06,128,consistent fact,en,9.061840057373049
1574,Jean-Claude Trichet,2010-05-06,161,2007 share 8,en,3.021581649780273
1574,Jean-Claude Trichet,2010-05-06,162,highly profitable business,en,3.612136840820313
1574,Jean-Claude Trichet,2010-05-06,174,answer no,en,9.061840057373049
1574,Jean-Claude Trichet,2010-05-06,243,2see pollin 1954 hudson 2002,en,2.536614418029785
1574,Jean-Claude Trichet,2010-05-06,259,14see philippon reshef 2009,en,2.536614418029785
1576,Jean-Claude Trichet,2010-04-29,45,finance back basic,en,2.7703819274902344
1576,Jean-Claude Trichet,2010-04-29,108,reap large payoff,en,9.061840057373049
1576,Jean-Claude Trichet,2010-04-29,127,stay path,en,9.061840057373049
1579,Jean-Claude Trichet,2010-04-27,12,effort prevent futile,en,9.061840057373049
1579,Jean-Claude Trichet,2010-04-27,14,question,en,9.061840057373049
1579,Jean-Claude Trichet,2010-04-27,209,latest observation 16 2010,en,9.061840057373049
1579,Jean-Claude Trichet,2010-04-27,258,second guard against complacency,en,4.797717094421387
1579,Jean-Claude Trichet,2010-04-27,308,well 1920 history,en,3.722856521606445
1586,Lorenzo Bini Smaghi,2010-04-15,45,question,en,9.061840057373049
1586,Lorenzo Bini Smaghi,2010-04-15,183,stood 50 gdp 1970 rose 300 2000 550 2007,en,9.061840057373049
1586,Lorenzo Bini Smaghi,2010-04-15,327,11adrian t h shin 2010,en,9.061840057373049
1586,Lorenzo Bini Smaghi,2010-04-15,338,size fit all,en,9.061840057373049
1586,Lorenzo Bini Smaghi,2010-04-15,369,bank,en,9.061840057373049
1586,Lorenzo Bini Smaghi,2010-04-15,379,evidence,en,9.061840057373049
1586,Lorenzo Bini Smaghi,2010-04-15,394,finance firm size growth,en,2.7703819274902344
1589,Jean-Claude Trichet,2010-04-10,47,directional position amplify create gap asset price,en,2.752083301544189
1589,Jean-Claude Trichet,2010-04-10,100,logic guide policy simple,en,3.047835350036621
1589,Jean-Claude Trichet,2010-04-10,142,see sign improvement,en,2.536614418029785
1589,Jean-Claude Trichet,2010-04-10,153,structural reform critical process,en,2.387363910675049
1600,José Manuel González-Páramo,2010-02-26,10,single,en,9.061840057373049
1600,José Manuel González-Páramo,2010-02-26,64,response interest rate policy,en,9.061840057373049
1600,José Manuel González-Páramo,2010-02-26,117,answer not,en,9.061840057373049
1602,Lorenzo Bini Smaghi,2010-02-24,146,lesson critical time,en,2.387363910675049
1602,Lorenzo Bini Smaghi,2010-02-24,201,illusion,en,9.061840057373049
1602,Lorenzo Bini Smaghi,2010-02-24,235,9see particular cogley sargent 2008,en,2.536614418029785
1602,Lorenzo Bini Smaghi,2010-02-24,236,10diamond 1982 b 1984,en,4.797717094421387
1605,Lorenzo Bini Smaghi,2010-02-10,9,conclude policy consideration,en,9.061840057373049
1605,Lorenzo Bini Smaghi,2010-02-10,91,china interest case study,en,9.061840057373049
1605,Lorenzo Bini Smaghi,2010-02-10,166,lardy calculation reflect situation 2008q1 real interest rate historical low,en,2.387363910675049
1605,Lorenzo Bini Smaghi,2010-02-10,169,reason interest reconstruct lardy calculation,en,3.044527053833008
1607,Lorenzo Bini Smaghi,2010-01-29,19,likely driven four main factor,en,3.612136840820313
1607,Lorenzo Bini Smaghi,2010-01-29,81,initiative both public private target,en,3.047835350036621
1607,Lorenzo Bini Smaghi,2010-01-29,144,becom addict,en,9.061840057373049
1607,Lorenzo Bini Smaghi,2010-01-29,177,play part,en,9.061840057373049
1610,Lorenzo Bini Smaghi,2010-01-26,42,,en,9.061840057373049
1610,Lorenzo Bini Smaghi,2010-01-26,51,experience 20022004,en,2.7703819274902344
1610,Lorenzo Bini Smaghi,2010-01-26,66,comment,en,9.061840057373049
1614,Lorenzo Bini Smaghi,2010-01-18,82,not all,en,2.788873672485352
1614,Lorenzo Bini Smaghi,2010-01-18,114,start bank system,en,9.061840057373049
1614,Lorenzo Bini Smaghi,2010-01-18,139,illusion,en,9.061840057373049
1614,Lorenzo Bini Smaghi,2010-01-18,174,uncertainty,en,9.061840057373049
1614,Lorenzo Bini Smaghi,2010-01-18,177,world uncertain,en,2.9972290992736816
1614,Lorenzo Bini Smaghi,2010-01-18,182,result reaction slower,en,9.061840057373049
1617,Jean-Claude Trichet,2009-12-11,33,up responsibility,en,9.061840057373049
1617,Jean-Claude Trichet,2009-12-11,98,macroprudential recommendation not individual institution,en,2.788873672485352
1617,Jean-Claude Trichet,2009-12-11,117,view not happen,en,2.788873672485352
1617,Jean-Claude Trichet,2009-12-11,119,additional exceptional,en,2.752083301544189
1617,Jean-Claude Trichet,2009-12-11,126,better regulation combine microprudential macroprudential perspective,en,9.061840057373049
1620,Jean-Claude Trichet,2009-12-10,12,dna incorporate build block life,en,2.9972290992736816
1620,Jean-Claude Trichet,2009-12-10,36,2 first contagion,en,9.061840057373049
1620,Jean-Claude Trichet,2009-12-10,45,three key,en,2.536614418029785
1620,Jean-Claude Trichet,2009-12-10,204,short catastrophe insurance,en,5.378180980682373
1626,Lorenzo Bini Smaghi,2009-11-20,3,1 issue rome 11,en,3.656414031982422
1626,Lorenzo Bini Smaghi,2009-11-20,50,happen,en,9.061840057373049
1626,Lorenzo Bini Smaghi,2009-11-20,109,impact,en,9.061840057373049
1627,Jean-Claude Trichet,2009-11-20,25,sure repeate,en,9.061840057373049
1627,Jean-Claude Trichet,2009-11-20,31,way,en,9.061840057373049
1627,Jean-Claude Trichet,2009-11-20,116,new macroprudential aspect framework,en,9.061840057373049
1629,Lorenzo Bini Smaghi,2009-11-19,7,economic outlook uncertain,en,3.047835350036621
1629,Lorenzo Bini Smaghi,2009-11-19,17,not outcome,en,2.788873672485352
1629,Lorenzo Bini Smaghi,2009-11-19,56,start closely data,en,3.612136840820313
1629,Lorenzo Bini Smaghi,2009-11-19,93,largest gap 1980,en,0.9720067977905272
1629,Lorenzo Bini Smaghi,2009-11-19,116,study closely relax,en,3.612136840820313
1629,Lorenzo Bini Smaghi,2009-11-19,149,observation,en,9.061840057373049
1629,Lorenzo Bini Smaghi,2009-11-19,196,summarise main,en,1.073343276977539
1629,Lorenzo Bini Smaghi,2009-11-19,198,uncertainty high,en,3.1631383895874023
1634,Gertrude Tumpel-Gugerell,2009-11-12,53,however not alway case,en,2.788873672485352
1634,Gertrude Tumpel-Gugerell,2009-11-12,87,analysi crucial importance,en,9.061840057373049
1634,Gertrude Tumpel-Gugerell,2009-11-12,99,linkage interaction,en,9.061840057373049
1641,Lorenzo Bini Smaghi,2009-10-16,26,confident,en,9.061840057373049
1641,Lorenzo Bini Smaghi,2009-10-16,38,jpmorgan,en,9.061840057373049
1641,Lorenzo Bini Smaghi,2009-10-16,62,answer twofold,en,9.061840057373049
1641,Lorenzo Bini Smaghi,2009-10-16,100,destroy business,en,9.061840057373049
1641,Lorenzo Bini Smaghi,2009-10-16,134,start happen,en,9.061840057373049
1641,Lorenzo Bini Smaghi,2009-10-16,144,veritable race bottom,en,9.061840057373049
1641,Lorenzo Bini Smaghi,2009-10-16,167,,en,9.061840057373049
1641,Lorenzo Bini Smaghi,2009-10-16,191,apply,en,9.061840057373049
1641,Lorenzo Bini Smaghi,2009-10-16,201,issue,en,9.061840057373049
1641,Lorenzo Bini Smaghi,2009-10-16,274,elect,en,9.061840057373049
1641,Lorenzo Bini Smaghi,2009-10-16,279,1 interview bbc 10 2009,en,9.061840057373049
1644,Jean-Claude Trichet,2009-10-09,15,discover name constru signify charm,en,9.061840057373049
1644,Jean-Claude Trichet,2009-10-09,133,possible two reason,en,3.044527053833008
1644,Jean-Claude Trichet,2009-10-09,180,new mediumterm perspective concentrate policy mediumterm objective,en,9.061840057373049
1644,Jean-Claude Trichet,2009-10-09,208,word italy,en,3.2062621116638184
1644,Jean-Claude Trichet,2009-10-09,226,encourage policy maker tackle issue,en,3.656414031982422
1652,Jürgen Stark,2009-09-15,17,first upward revision 2007,en,9.061840057373049
1652,Jürgen Stark,2009-09-15,20,confidence faster,en,2.7703819274902344
1652,Jürgen Stark,2009-09-15,25,annual inflation rate positive next relatively subdu,en,3.612136840820313
1652,Jürgen Stark,2009-09-15,80,effective transparent,en,9.061840057373049
1652,Jürgen Stark,2009-09-15,171,decision,en,9.061840057373049
1653,Lorenzo Bini Smaghi,2009-09-11,33,issue reversibility,en,9.061840057373049
1653,Lorenzo Bini Smaghi,2009-09-11,40,solution right,en,9.061840057373049
1653,Lorenzo Bini Smaghi,2009-09-11,52,loss constrain future relatively gradualistic,en,3.612136840820313
1653,Lorenzo Bini Smaghi,2009-09-11,94,commit,en,9.061840057373049
1656,José Manuel González-Páramo,2009-09-04,7,bank stop lend,en,9.061840057373049
1656,José Manuel González-Páramo,2009-09-04,11,extent action successful,en,9.061840057373049
1656,José Manuel González-Páramo,2009-09-04,14,declin 40 basi,en,9.061840057373049
1656,José Manuel González-Páramo,2009-09-04,55,wishful,en,9.061840057373049
1656,José Manuel González-Páramo,2009-09-04,66,correct policy action,en,2.78085994720459
1656,José Manuel González-Páramo,2009-09-04,79,generou assumption,en,9.061840057373049
1657,Jürgen Stark,2009-09-04,1,12 difficult,en,9.061840057373049
1657,Jürgen Stark,2009-09-04,36,first case great inflation 1970,en,9.061840057373049
1657,Jürgen Stark,2009-09-04,45,current outlook stand,en,9.061840057373049
1657,Jürgen Stark,2009-09-04,89,elaborate phase out,en,9.061840057373049
1657,Jürgen Stark,2009-09-04,100,situation complicate,en,9.061840057373049
1658,Jean-Claude Trichet,2009-09-04,13,not consideration interest policy,en,2.788873672485352
1658,Jean-Claude Trichet,2009-09-04,80,guid framework,en,2.5332202911376958
1658,Jean-Claude Trichet,2009-09-04,143,today perspective credit,en,9.061840057373049
1662,Jean-Claude Trichet,2009-07-13,6,event,en,9.061840057373049
1662,Jean-Claude Trichet,2009-07-13,20,passive recent,en,9.061840057373049
1662,Jean-Claude Trichet,2009-07-13,148,now,en,9.061840057373049
1662,Jean-Claude Trichet,2009-07-13,182,encourage credit,en,9.061840057373049
1662,Jean-Claude Trichet,2009-07-13,221,first pragmatic explanation,en,3.047835350036621
1665,Jürgen Stark,2009-06-25,4,position,en,9.061840057373049
1665,Jürgen Stark,2009-06-25,55,approach,en,9.061840057373049
1665,Jürgen Stark,2009-06-25,100,germany case,en,2.0298047065734863
1665,Jürgen Stark,2009-06-25,110,five respect,en,9.061840057373049
1665,Jürgen Stark,2009-06-25,149,size bank,en,9.061840057373049
1666,Lorenzo Bini Smaghi,2009-06-24,12,given,en,0.9368009567260742
1666,Lorenzo Bini Smaghi,2009-06-24,34,start low,en,9.061840057373049
1666,Lorenzo Bini Smaghi,2009-06-24,59,separation all,en,9.061840057373049
1666,Lorenzo Bini Smaghi,2009-06-24,85,exactly,en,1.6444382667541504
1670,Lorenzo Bini Smaghi,2009-06-19,10,example scope macroprudential supervision,en,9.061840057373049
1670,Lorenzo Bini Smaghi,2009-06-19,31,lot requir respect,en,2.247978687286377
1670,Lorenzo Bini Smaghi,2009-06-19,40,conduct analysi monitor,en,4.74055814743042
1670,Lorenzo Bini Smaghi,2009-06-19,46,identification counterparty,en,9.061840057373049
1670,Lorenzo Bini Smaghi,2009-06-19,82,ecb time,en,9.061840057373049
1675,Jean-Claude Trichet,2009-06-12,55,exceptional mode operation,en,2.752083301544189
1675,Jean-Claude Trichet,2009-06-12,74,describ credit,en,9.061840057373049
1675,Jean-Claude Trichet,2009-06-12,89,unforgivable,en,9.061840057373049
1675,Jean-Claude Trichet,2009-06-12,95,two main message regard,en,1.8096156120300293
1676,José Manuel González-Páramo,2009-06-10,4,revert later,en,9.061840057373049
1676,José Manuel González-Páramo,2009-06-10,11,uncertainty pervasive,en,3.1631383895874023
1676,José Manuel González-Páramo,2009-06-10,51,start,en,9.061840057373049
1677,Jürgen Stark,2009-06-08,234,change operational framework course communicate time,en,2.752083301544189
1677,Jürgen Stark,2009-06-08,260,ecb welcome commission proposal,en,9.061840057373049
1677,Jürgen Stark,2009-06-08,283,conclude summarise main,en,1.073343276977539
1677,Jürgen Stark,2009-06-08,291,particular mediumterm perspective,en,9.061840057373049
1685,Jean-Claude Trichet,2009-05-25,7,side coin allur,en,9.061840057373049
1685,Jean-Claude Trichet,2009-05-25,11,link topic,en,9.061840057373049
1685,Jean-Claude Trichet,2009-05-25,22,answer yes,en,1.8858652114868164
1687,Gertrude Tumpel-Gugerell,2009-05-06,101,not,en,9.061840057373049
1687,Gertrude Tumpel-Gugerell,2009-05-06,182,ecb welcome proposal,en,9.061840057373049
1687,Gertrude Tumpel-Gugerell,2009-05-06,218,let realistic 2009 difficult,en,3.047835350036621
1690,Lorenzo Bini Smaghi,2009-04-28,30,two reason,en,3.044527053833008
1690,Lorenzo Bini Smaghi,2009-04-28,88,theory purchase asset,en,3.4977898597717285
1690,Lorenzo Bini Smaghi,2009-04-28,170,early,en,9.061840057373049
1694,Jean-Claude Trichet,2009-04-17,18,powerful useful tool,en,9.061840057373049
1694,Jean-Claude Trichet,2009-04-17,49,decisive immediate action requir,en,0.9003105163574219
1694,Jean-Claude Trichet,2009-04-17,105,end 2008 growth size operation 40,en,4.797717094421387
1702,Gertrude Tumpel-Gugerell,2009-03-16,113,offer clear settlement sct,en,9.061840057373049
1702,Gertrude Tumpel-Gugerell,2009-03-16,128,sct sdd replace national payment instrument,en,2.752083301544189
1702,Gertrude Tumpel-Gugerell,2009-03-16,174,2 figure 2009,en,9.061840057373049
1703,Jürgen Stark,2009-03-09,4,2008 reduc key ecb interest rate 275 basi,en,9.061840057373049
1703,Jürgen Stark,2009-03-09,9,realistic 2009 difficult,en,3.047835350036621
1703,Jürgen Stark,2009-03-09,45,face truth 2009 difficult,en,9.061840057373049
1703,Jürgen Stark,2009-03-09,121,high,en,9.061840057373049
1703,Jürgen Stark,2009-03-09,174,responsibility,en,9.061840057373049
1703,Jürgen Stark,2009-03-09,180,commitment substantial,en,1.080333232879639
1703,Jürgen Stark,2009-03-09,200,transparent accountable action,en,0.9003105163574219
1703,Jürgen Stark,2009-03-09,202,1 imf weo update 28 2009,en,9.061840057373049
1707,Lorenzo Bini Smaghi,2009-02-18,14,early,en,9.061840057373049
1707,Lorenzo Bini Smaghi,2009-02-18,22,achiev,en,9.061840057373049
1707,Lorenzo Bini Smaghi,2009-02-18,23,average inflation rate 1999 2008 22 1 percentage 1990,en,1.010085105895996
1707,Lorenzo Bini Smaghi,2009-02-18,28,achiev,en,9.061840057373049
1707,Lorenzo Bini Smaghi,2009-02-18,35,compare,en,9.061840057373049
1707,Lorenzo Bini Smaghi,2009-02-18,37,grown,en,9.061840057373049
1707,Lorenzo Bini Smaghi,2009-02-18,48,however astray,en,9.061840057373049
1707,Lorenzo Bini Smaghi,2009-02-18,118,substantive,en,9.061840057373049
1707,Lorenzo Bini Smaghi,2009-02-18,131,country direction,en,3.4977898597717285
1711,Jean-Claude Trichet,2009-02-12,35,1980 rate 29 1970 49,en,9.061840057373049
1711,Jean-Claude Trichet,2009-02-12,51,price increas course cash conversion,en,3.044527053833008
1711,Jean-Claude Trichet,2009-02-12,146,occasion,en,9.061840057373049
1711,Jean-Claude Trichet,2009-02-12,159,way,en,9.061840057373049
1711,Jean-Claude Trichet,2009-02-12,192,relate part,en,9.061840057373049
1712,Lorenzo Bini Smaghi,2009-02-12,17,direct clearcut,en,9.061840057373049
1712,Lorenzo Bini Smaghi,2009-02-12,37,three shortcoming,en,2.536614418029785
1712,Lorenzo Bini Smaghi,2009-02-12,75,design framework important,en,9.061840057373049
1712,Lorenzo Bini Smaghi,2009-02-12,82,maybe concentrate two,en,3.044208526611328
1712,Lorenzo Bini Smaghi,2009-02-12,89,pragmatism key,en,9.061840057373049
1712,Lorenzo Bini Smaghi,2009-02-12,95,share reflection,en,3.021581649780273
1712,Lorenzo Bini Smaghi,2009-02-12,152,create havoc,en,2.3032798767089844
1712,Lorenzo Bini Smaghi,2009-02-12,157,fourth institution,en,9.061840057373049
1713,Lucas Papademos,2009-02-11,103,objective met,en,9.061840057373049
1713,Lucas Papademos,2009-02-11,128,start account standard,en,9.061840057373049
1713,Lucas Papademos,2009-02-11,134,,en,9.061840057373049
1717,Jean-Claude Trichet,2009-01-21,29,first topic,en,2.284790515899658
1717,Jean-Claude Trichet,2009-01-21,31,disinflation process fal inflation rate,en,2.452521800994873
1717,Jean-Claude Trichet,2009-01-21,35,sustain real income,en,9.061840057373049
1727,Lorenzo Bini Smaghi,2008-12-09,10,main focus g20 agenda,en,9.061840057373049
1727,Lorenzo Bini Smaghi,2008-12-09,13,strong appropriate policy response global level,en,2.3851895332336426
1727,Lorenzo Bini Smaghi,2008-12-09,80,place 60 later,en,9.061840057373049
1727,Lorenzo Bini Smaghi,2008-12-09,87,food,en,9.061840057373049
1730,Gertrude Tumpel-Gugerell,2008-12-08,23,finding,en,9.061840057373049
1730,Gertrude Tumpel-Gugerell,2008-12-08,55,issue,en,9.061840057373049
1730,Gertrude Tumpel-Gugerell,2008-12-08,114,briefly important,en,3.612136840820313
1731,Lorenzo Bini Smaghi,2008-12-01,85,initiative private agent market,en,9.061840057373049
1731,Lorenzo Bini Smaghi,2008-12-01,101,factor bank solvency,en,9.061840057373049
1731,Lorenzo Bini Smaghi,2008-12-01,223,last observation sep 2008,en,9.061840057373049
1731,Lorenzo Bini Smaghi,2008-12-01,268,21 restor confidence madrid 25 2008 wwwecbint,en,2.7703819274902344
1733,Lorenzo Bini Smaghi,2008-11-25,41,hit target,en,9.061840057373049
1733,Lorenzo Bini Smaghi,2008-11-25,73,intervention,en,9.061840057373049
1733,Lorenzo Bini Smaghi,2008-11-25,93,similar massive action atlantic,en,0.9003105163574219
1734,Lorenzo Bini Smaghi,2008-11-25,15,,en,9.061840057373049
1734,Lorenzo Bini Smaghi,2008-11-25,155,experience 1994 interest respect,en,2.7703819274902344
1734,Lorenzo Bini Smaghi,2008-11-25,182,available wwwecbint,en,9.061840057373049
1734,Lorenzo Bini Smaghi,2008-11-25,192,874 fourth 2002,en,9.061840057373049
1743,Jean-Claude Trichet,2008-11-13,17,trigger,en,9.061840057373049
1743,Jean-Claude Trichet,2008-11-13,32,deriv two main factor,en,9.061840057373049
1743,Jean-Claude Trichet,2008-11-13,85,second main factor concern transparency,en,4.797717094421387
1743,Jean-Claude Trichet,2008-11-13,102,second lack transparency,en,4.797717094421387
1746,Jürgen Stark,2008-11-12,51,however two,en,9.061840057373049
1746,Jürgen Stark,2008-11-12,84,first,en,9.061840057373049
1746,Jürgen Stark,2008-11-12,124,permanent,en,9.061840057373049
1749,Jean-Claude Trichet,2008-10-27,33,not certainty,en,2.788873672485352
1749,Jean-Claude Trichet,2008-10-27,67,however reform process complete,en,2.452521800994873
1749,Jean-Claude Trichet,2008-10-27,71,people,en,9.061840057373049
1749,Jean-Claude Trichet,2008-10-27,86,increas competition,en,3.044527053833008
1749,Jean-Claude Trichet,2008-10-27,113,done policy side,en,9.061840057373049
1749,Jean-Claude Trichet,2008-10-27,136,crucial term both labour cost firm markup,en,9.061840057373049
1750,Gertrude Tumpel-Gugerell,2008-10-27,2,mean follow fashion pay lip service idea,en,2.6740822792053223
1750,Gertrude Tumpel-Gugerell,2008-10-27,38,user concern price,en,1.639256477355957
1750,Gertrude Tumpel-Gugerell,2008-10-27,98,sepa,en,9.061840057373049
1753,Gertrude Tumpel-Gugerell,2008-10-20,56,regulation,en,9.061840057373049
1753,Gertrude Tumpel-Gugerell,2008-10-20,85,opposite,en,9.061840057373049
1753,Gertrude Tumpel-Gugerell,2008-10-20,129,handbook bank oxford university,en,9.061840057373049
1759,Lorenzo Bini Smaghi,2008-09-26,7,regulation factor,en,9.061840057373049
1759,Lorenzo Bini Smaghi,2008-09-26,9,conflict individual collective interest,en,9.061840057373049
1759,Lorenzo Bini Smaghi,2008-09-26,72,bottom line start line,en,9.061840057373049
1759,Lorenzo Bini Smaghi,2008-09-26,76,constraint obligation not individual institution,en,2.788873672485352
1761,Lorenzo Bini Smaghi,2008-09-25,5,,en,9.061840057373049
1761,Lorenzo Bini Smaghi,2008-09-25,6,last couple,en,9.061840057373049
1761,Lorenzo Bini Smaghi,2008-09-25,44,formal proposal,en,9.061840057373049
1761,Lorenzo Bini Smaghi,2008-09-25,69,noth happen,en,9.061840057373049
1761,Lorenzo Bini Smaghi,2008-09-25,108,lack consistency aris,en,2.78085994720459
1761,Lorenzo Bini Smaghi,2008-09-25,110,goal achiev,en,9.061840057373049
1761,Lorenzo Bini Smaghi,2008-09-25,139,noth new,en,9.061840057373049
1761,Lorenzo Bini Smaghi,2008-09-25,143,percentage 75,en,1.010085105895996
1761,Lorenzo Bini Smaghi,2008-09-25,154,afford,en,9.061840057373049
1761,Lorenzo Bini Smaghi,2008-09-25,217,maybe new,en,3.044208526611328
1774,Jean-Claude Trichet,2008-09-05,51,see picture,en,2.536614418029785
1774,Jean-Claude Trichet,2008-09-05,75,observe movement,en,9.061840057373049
1774,Jean-Claude Trichet,2008-09-05,80,back later,en,9.061840057373049
1774,Jean-Claude Trichet,2008-09-05,122,start structural factor,en,9.061840057373049
1774,Jean-Claude Trichet,2008-09-05,330,24s1 83109,en,9.061840057373049
1774,Jean-Claude Trichet,2008-09-05,336,3 fact problem,en,9.061840057373049
1775,Gertrude Tumpel-Gugerell,2008-09-03,17,crossroad well,en,9.061840057373049
1775,Gertrude Tumpel-Gugerell,2008-09-03,37,user concern price,en,1.639256477355957
1775,Gertrude Tumpel-Gugerell,2008-09-03,41,regulation 2560 apply customertobank domain,en,3.612136840820313
1775,Gertrude Tumpel-Gugerell,2008-09-03,56,test idea,en,9.061840057373049
1775,Gertrude Tumpel-Gugerell,2008-09-03,90,national instrument mean fragmentation,en,2.752083301544189
1783,Lucas Papademos,2008-06-26,24,broker reply,en,9.061840057373049
1783,Lucas Papademos,2008-06-26,66,,en,9.061840057373049
1783,Lucas Papademos,2008-06-26,69,5 fact,en,9.061840057373049
1785,Lorenzo Bini Smaghi,2008-06-24,43,main instrument achieve objective,en,9.061840057373049
1785,Lorenzo Bini Smaghi,2008-06-24,48,happen,en,9.061840057373049
1785,Lorenzo Bini Smaghi,2008-06-24,58,stupid policy comply,en,2.267709255218506
1785,Lorenzo Bini Smaghi,2008-06-24,89,answer not obviou,en,2.788873672485352
1785,Lorenzo Bini Smaghi,2008-06-24,92,answer not obviou,en,2.788873672485352
1785,Lorenzo Bini Smaghi,2008-06-24,106,however clear certain solution not follow,en,2.788873672485352
1785,Lorenzo Bini Smaghi,2008-06-24,111,achieve improvement,en,9.061840057373049
1785,Lorenzo Bini Smaghi,2008-06-24,116,choice clear,en,9.061840057373049
1785,Lorenzo Bini Smaghi,2008-06-24,117,conclude,en,9.061840057373049
1788,Gertrude Tumpel-Gugerell,2008-06-18,14,trad arena,en,2.8628382682800293
1788,Gertrude Tumpel-Gugerell,2008-06-18,69,clear,en,9.061840057373049
1788,Gertrude Tumpel-Gugerell,2008-06-18,82,sure cooperation,en,9.061840057373049
1793,Lorenzo Bini Smaghi,2008-06-12,13,,en,9.061840057373049
1793,Lorenzo Bini Smaghi,2008-06-12,16,analyse particular two,en,9.061840057373049
1793,Lorenzo Bini Smaghi,2008-06-12,156,initiative strongly ecb implement soon,en,3.612136840820313
1793,Lorenzo Bini Smaghi,2008-06-12,246,9 provision replicate art,en,9.061840057373049
1794,Jürgen Stark,2008-06-11,55,next,en,9.061840057373049
1794,Jürgen Stark,2008-06-11,179,678711 phillip w 1958,en,1.4352803230285645
1794,Jürgen Stark,2008-06-11,205,16 see cogley sbordone 2008,en,2.536614418029785
1818,Jürgen Stark,2008-04-15,97,achiev,en,9.061840057373049
1818,Jürgen Stark,2008-04-15,107,strongly disapprove view,en,3.612136840820313
1818,Jürgen Stark,2008-04-15,115,reason concern,en,3.044527053833008
1818,Jürgen Stark,2008-04-15,129,receiv mix signal,en,9.061840057373049
1818,Jürgen Stark,2008-04-15,144,result bad economic policy,en,3.047835350036621
1832,Lucas Papademos,2008-02-26,28,extent see,en,0.9313678741455078
1832,Lucas Papademos,2008-02-26,44,two main,en,9.061840057373049
1832,Lucas Papademos,2008-02-26,72,objective twofold,en,9.061840057373049
1832,Lucas Papademos,2008-02-26,81,accomplish achieve,en,2.3115363121032715
1833,Jean-Claude Trichet,2008-02-25,12,offer reflection implication change,en,9.061840057373049
1833,Jean-Claude Trichet,2008-02-25,49,first format,en,9.061840057373049
1833,Jean-Claude Trichet,2008-02-25,51,briefly example,en,3.612136840820313
1835,Jean-Claude Trichet,2008-02-15,117,conclusion conclude,en,9.061840057373049
1835,Jean-Claude Trichet,2008-02-15,127,data 2007 partly,en,1.6444382667541504
1835,Jean-Claude Trichet,2008-02-15,132,5 data refer 2007,en,9.061840057373049
1842,Lucas Papademos,2008-01-22,45,effect identify relatively direct indirect,en,3.612136840820313
1842,Lucas Papademos,2008-01-22,268,7 see bean 2006a 2006b,en,2.536614418029785
1842,Lucas Papademos,2008-01-22,269,8 see rogoff 2004 2006,en,2.536614418029785
1842,Lucas Papademos,2008-01-22,286,63 reference literature,en,2.7703819274902344
1842,Lucas Papademos,2008-01-22,292,24 see rajan 2005 2006,en,2.536614418029785
1843,Jürgen Stark,2008-01-22,53,doubt,en,9.061840057373049
1843,Jürgen Stark,2008-01-22,89,disapprove proposal,en,9.061840057373049
1843,Jürgen Stark,2008-01-22,101,reason procedure implement,en,3.044527053833008
1843,Jürgen Stark,2008-01-22,115,not,en,9.061840057373049
1849,Lucas Papademos,2008-01-05,6,reason,en,3.044527053833008
1849,Lucas Papademos,2008-01-05,80,first back 2005 2006,en,9.061840057373049
1849,Lucas Papademos,2008-01-05,84,two message convey,en,9.061840057373049
1849,Lucas Papademos,2008-01-05,192,norge bank 2005 inflation,en,9.061840057373049
1849,Lucas Papademos,2008-01-05,203,7 see barclay capital 2007,en,2.536614418029785
1854,Lorenzo Bini Smaghi,2007-12-10,33,external cost,en,2.752083301544189
1854,Lorenzo Bini Smaghi,2007-12-10,34,form,en,9.061840057373049
1854,Lorenzo Bini Smaghi,2007-12-10,41,now,en,9.061840057373049
1856,Jean-Claude Trichet,2007-12-05,20,figure,en,9.061840057373049
1856,Jean-Claude Trichet,2007-12-05,50,5 25 shock not smooth out,en,2.788873672485352
1856,Jean-Claude Trichet,2007-12-05,130,conclude,en,9.061840057373049
1859,Jürgen Stark,2007-11-29,22,process term disintermediation,en,2.452521800994873
1859,Jürgen Stark,2007-11-29,46,1999 300 bill,en,9.061840057373049
1859,Jürgen Stark,2007-11-29,93,area research conduct future,en,3.4079065322875977
1859,Jürgen Stark,2007-11-29,190,5 see rajan 2005,en,2.536614418029785
1864,Lorenzo Bini Smaghi,2007-11-20,7,away win competition,en,1.86487340927124
1864,Lorenzo Bini Smaghi,2007-11-20,16,let start stability,en,0.9760494232177734
1864,Lorenzo Bini Smaghi,2007-11-20,26,way accountable,en,2.78085994720459
1864,Lorenzo Bini Smaghi,2007-11-20,28,value,en,9.061840057373049
1864,Lorenzo Bini Smaghi,2007-11-20,85,communication contribut reduce tension money market,en,1.8096156120300293
1864,Lorenzo Bini Smaghi,2007-11-20,130,knew better,en,9.061840057373049
1864,Lorenzo Bini Smaghi,2007-11-20,140,persist,en,9.061840057373049
1864,Lorenzo Bini Smaghi,2007-11-20,152,remedy asymmetry,en,2.78085994720459
1864,Lorenzo Bini Smaghi,2007-11-20,157,question,en,9.061840057373049
1864,Lorenzo Bini Smaghi,2007-11-20,183,first language issue,en,3.656414031982422
1864,Lorenzo Bini Smaghi,2007-11-20,213,optimal solution achiev,en,0.9188117980957032
1866,Gertrude Tumpel-Gugerell,2007-11-19,28,topic broader,en,3.047835350036621
1866,Gertrude Tumpel-Gugerell,2007-11-19,39,readiness customer,en,2.452521800994873
1866,Gertrude Tumpel-Gugerell,2007-11-19,57,first communication sepa,en,9.061840057373049
1866,Gertrude Tumpel-Gugerell,2007-11-19,69,2 study confirm two main force play,en,9.061840057373049
1866,Gertrude Tumpel-Gugerell,2007-11-19,88,increas card reduce cost relate payment cash,en,3.044527053833008
1866,Gertrude Tumpel-Gugerell,2007-11-19,131,payment function,en,9.061840057373049
1866,Gertrude Tumpel-Gugerell,2007-11-19,139,2008 start process,en,9.061840057373049
1866,Gertrude Tumpel-Gugerell,2007-11-19,145,creative solution pay,en,9.061840057373049
1867,Jürgen Stark,2007-11-15,14,form response,en,9.061840057373049
1867,Jürgen Stark,2007-11-15,16,effective,en,9.061840057373049
1867,Jürgen Stark,2007-11-15,107,ecb respond,en,9.061840057373049
1867,Jürgen Stark,2007-11-15,122,ecb respond,en,9.061840057373049
1867,Jürgen Stark,2007-11-15,218,7 issue 3 271299,en,3.656414031982422
1868,Gertrude Tumpel-Gugerell,2007-11-12,46,briefly both feature,en,3.612136840820313
1868,Gertrude Tumpel-Gugerell,2007-11-12,71,word,en,9.061840057373049
1868,Gertrude Tumpel-Gugerell,2007-11-12,126,conclusion briefly conclude,en,3.612136840820313
1879,Gertrude Tumpel-Gugerell,2007-10-08,24,train not,en,9.061840057373049
1879,Gertrude Tumpel-Gugerell,2007-10-08,27,not,en,9.061840057373049
1879,Gertrude Tumpel-Gugerell,2007-10-08,31,parallel,en,9.061840057373049
1879,Gertrude Tumpel-Gugerell,2007-10-08,33,see time,en,2.536614418029785
1879,Gertrude Tumpel-Gugerell,2007-10-08,54,bank implement change,en,9.061840057373049
1879,Gertrude Tumpel-Gugerell,2007-10-08,74,link value chain company,en,9.061840057373049
1880,Lorenzo Bini Smaghi,2007-10-01,21,start fact figure,en,9.061840057373049
1880,Lorenzo Bini Smaghi,2007-10-01,57,source found,en,9.061840057373049
1880,Lorenzo Bini Smaghi,2007-10-01,67,standard respons,en,9.061840057373049
1884,Jean-Claude Trichet,2007-09-29,11,case global level,en,9.061840057373049
1884,Jean-Claude Trichet,2007-09-29,59,future,en,9.061840057373049
1884,Jean-Claude Trichet,2007-09-29,100,deal,en,9.061840057373049
1884,Jean-Claude Trichet,2007-09-29,103,4 group 22 became 1999 group 20,en,1.1740727424621582
1890,Lorenzo Bini Smaghi,2007-09-21,31,two reason,en,3.044527053833008
1890,Lorenzo Bini Smaghi,2007-09-21,106,5 ecb instrument appropriate,en,9.061840057373049
1890,Lorenzo Bini Smaghi,2007-09-21,117,2 weight calculate 24 major currency,en,9.061840057373049
1892,Gertrude Tumpel-Gugerell,2007-09-13,6,topic,en,9.061840057373049
1892,Gertrude Tumpel-Gugerell,2007-09-13,49,however,en,9.061840057373049
1892,Gertrude Tumpel-Gugerell,2007-09-13,53,part institution,en,9.061840057373049
1892,Gertrude Tumpel-Gugerell,2007-09-13,55,summarise main,en,1.073343276977539
1896,Jean-Claude Trichet,2007-09-07,38,3 research main,en,3.4079065322875977
1896,Jean-Claude Trichet,2007-09-07,51,2005 unit bil klenow 2004,en,2.6740822792053223
1896,Jean-Claude Trichet,2007-09-07,104,full sample 1954q32007q1 great inflation 1983q12007q1,en,3.722856521606445
1896,Jean-Claude Trichet,2007-09-07,109,13 result,en,9.061840057373049
1897,Gertrude Tumpel-Gugerell,2007-09-03,96,value chain company,en,9.061840057373049
1897,Gertrude Tumpel-Gugerell,2007-09-03,104,up 32 previou,en,9.061840057373049
1897,Gertrude Tumpel-Gugerell,2007-09-03,143,epc organise,en,9.061840057373049
1899,Lucas Papademos,2007-07-23,36,create appropriate institution,en,9.061840057373049
1899,Lucas Papademos,2007-07-23,58,statistic,en,9.061840057373049
1899,Lucas Papademos,2007-07-23,68,framework result,en,9.061840057373049
1899,Lucas Papademos,2007-07-23,105,however two certainty count,en,3.1631383895874023
1900,Jean-Claude Trichet,2007-07-20,77,briefly labour mobility,en,3.612136840820313
1900,Jean-Claude Trichet,2007-07-20,115,gap result private fund,en,9.061840057373049
1900,Jean-Claude Trichet,2007-07-20,144,data 2006 partly,en,1.6444382667541504
1900,Jean-Claude Trichet,2007-07-20,152,326 gordon r j,en,9.061840057373049
1901,Lucas Papademos,2007-07-12,42,word two synergy,en,3.770662307739258
1901,Lucas Papademos,2007-07-12,60,three policy implication,en,2.536614418029785
1901,Lucas Papademos,2007-07-12,80,question briefly next,en,3.612136840820313
1901,Lucas Papademos,2007-07-12,109,inevitably limitation,en,3.612136840820313
1901,Lucas Papademos,2007-07-12,114,effectively,en,9.061840057373049
1906,Lorenzo Bini Smaghi,2007-07-05,5,basic message twofold,en,3.047835350036621
1906,Lorenzo Bini Smaghi,2007-07-05,22,first clear institutional statu,en,2.752083301544189
1906,Lorenzo Bini Smaghi,2007-07-05,70,economic figure validate,en,3.047835350036621
1906,Lorenzo Bini Smaghi,2007-07-05,116,regard,en,9.061840057373049
1911,José Manuel González-Páramo,2007-06-15,9,not politic,en,2.788873672485352
1911,José Manuel González-Páramo,2007-06-15,33,instance term structure interest rate,en,2.7703819274902344
1911,José Manuel González-Páramo,2007-06-15,47,reaction function,en,9.061840057373049
1912,Jean-Claude Trichet,2007-06-13,21,two main issue,en,3.656414031982422
1912,Jean-Claude Trichet,2007-06-13,26,crucial adjustment mechanism,en,9.061840057373049
1912,Jean-Claude Trichet,2007-06-13,60,process highly,en,2.452521800994873
1918,Lorenzo Bini Smaghi,2007-05-24,26,structure follow,en,9.061840057373049
1918,Lorenzo Bini Smaghi,2007-05-24,30,conclude,en,9.061840057373049
1918,Lorenzo Bini Smaghi,2007-05-24,239,20 see morri shin 1998,en,2.536614418029785
1922,Lucas Papademos,2007-05-21,61,briefly,en,9.061840057373049
1922,Lucas Papademos,2007-05-21,161,policy,en,9.061840057373049
1922,Lucas Papademos,2007-05-21,175,direct technical change,en,2.387363910675049
1922,Lucas Papademos,2007-05-21,176,2002 review economic study 694 pp,en,3.047835350036621
1922,Lucas Papademos,2007-05-21,250,review economic study 732381412,en,3.047835350036621
1922,Lucas Papademos,2007-05-21,272,economic policy 1940 523577,en,3.047835350036621
1922,Lucas Papademos,2007-05-21,282,finance productivity,en,2.7703819274902344
1924,Jean-Claude Trichet,2007-05-09,34,elaborate aspect,en,9.061840057373049
1924,Jean-Claude Trichet,2007-05-09,57,four issue respect,en,3.656414031982422
1924,Jean-Claude Trichet,2007-05-09,117,conclusion briefly conclude,en,3.612136840820313
1927,Lucas Papademos,2007-05-02,47,early 1990 gap widen,en,3.612136840820313
1927,Lucas Papademos,2007-05-02,56,reason,en,3.044527053833008
1927,Lucas Papademos,2007-05-02,106,institution particularly relevant,en,3.612136840820313
1927,Lucas Papademos,2007-05-02,113,empirical evidence,en,2.387363910675049
1930,Lorenzo Bini Smaghi,2007-04-19,46,true two relate reason,en,3.044527053833008
1930,Lorenzo Bini Smaghi,2007-04-19,79,not substantive requirement formal,en,2.788873672485352
1930,Lorenzo Bini Smaghi,2007-04-19,101,not alway uncontroversial,en,2.788873672485352
1931,Jean-Claude Trichet,2007-04-18,82,fourth forward,en,9.061840057373049
1931,Jean-Claude Trichet,2007-04-18,108,scope initiative transparency,en,9.061840057373049
1931,Jean-Claude Trichet,2007-04-18,156,see wel 2007,en,2.536614418029785
1935,Lucas Papademos,2007-03-23,57,theory,en,9.061840057373049
1935,Lucas Papademos,2007-03-23,72,not case,en,2.788873672485352
1935,Lucas Papademos,2007-03-23,76,subject now focu,en,2.6740822792053223
1935,Lucas Papademos,2007-03-23,127,likely effect,en,3.612136840820313
1936,Jürgen Stark,2007-03-23,11,theme,en,9.061840057373049
1936,Jürgen Stark,2007-03-23,40,effective public spend,en,3.047835350036621
1936,Jürgen Stark,2007-03-23,67,large government,en,9.061840057373049
1937,Gertrude Tumpel-Gugerell,2007-03-23,15,start figure migration,en,9.061840057373049
1937,Gertrude Tumpel-Gugerell,2007-03-23,44,reason,en,3.044527053833008
1937,Gertrude Tumpel-Gugerell,2007-03-23,76,start shortterm,en,9.061840057373049
1939,José Manuel González-Páramo,2007-03-16,19,question,en,9.061840057373049
1939,José Manuel González-Páramo,2007-03-16,35,way cut labour cost,en,9.061840057373049
1939,José Manuel González-Páramo,2007-03-16,199,best shot,en,9.061840057373049
1939,José Manuel González-Páramo,2007-03-16,248,three factor,en,2.536614418029785
1940,Lorenzo Bini Smaghi,2007-03-14,22,explanation,en,9.061840057373049
1940,Lorenzo Bini Smaghi,2007-03-14,23,not list all,en,2.788873672485352
1940,Lorenzo Bini Smaghi,2007-03-14,63,situation,en,9.061840057373049
1942,Jean-Claude Trichet,2007-02-28,31,reflect factor,en,9.061840057373049
1942,Jean-Claude Trichet,2007-02-28,95,enormou done all,en,9.061840057373049
1942,Jean-Claude Trichet,2007-02-28,96,all,en,9.061840057373049
1946,Gertrude Tumpel-Gugerell,2007-02-13,16,stand,en,9.061840057373049
1946,Gertrude Tumpel-Gugerell,2007-02-13,21,spe sit back relax,en,9.061840057373049
1946,Gertrude Tumpel-Gugerell,2007-02-13,32,bank,en,9.061840057373049
1946,Gertrude Tumpel-Gugerell,2007-02-13,188,ecb transparency service price add crucial information customer,en,9.061840057373049
1952,Lorenzo Bini Smaghi,2007-01-18,29,4 reduction cost facilitate trade country reallocation production,en,3.4977898597717285
1952,Lorenzo Bini Smaghi,2007-01-18,109,extent aspect history repeate,en,3.4977898597717285
1952,Lorenzo Bini Smaghi,2007-01-18,273,lower real interest rate globe,en,9.061840057373049
1955,José Manuel González-Páramo,2007-01-15,31,positive feedback respect tale,en,1.0466089248657229
1955,José Manuel González-Páramo,2007-01-15,49,ecb play role,en,9.061840057373049
1955,José Manuel González-Páramo,2007-01-15,50,word now,en,9.061840057373049
1974,Lucas Papademos,2006-11-10,54,money not matter,en,2.788873672485352
1974,Lucas Papademos,2006-11-10,66,forward finding research,en,2.5332202911376958
1974,Lucas Papademos,2006-11-10,73,robust useful,en,1.97153902053833
1974,Lucas Papademos,2006-11-10,99,serv well,en,9.061840057373049
1974,Lucas Papademos,2006-11-10,109,done area promis,en,2.8628382682800293
1981,Lorenzo Bini Smaghi,2006-10-26,39,start information problem,en,9.061840057373049
1981,Lorenzo Bini Smaghi,2006-10-26,87,advantage,en,1.010085105895996
1981,Lorenzo Bini Smaghi,2006-10-26,150,two reason,en,3.044527053833008
1981,Lorenzo Bini Smaghi,2006-10-26,249,8 controversial,en,9.061840057373049
1984,Lucas Papademos,2006-10-20,14,spe up process,en,1.2683420181274414
1984,Lucas Papademos,2006-10-20,38,,en,9.061840057373049
1984,Lucas Papademos,2006-10-20,48,briefly result finding,en,3.612136840820313
1984,Lucas Papademos,2006-10-20,73,hard fact,en,2.5332202911376958
1985,Jean-Claude Trichet,2006-10-16,40,final,en,9.061840057373049
1985,Jean-Claude Trichet,2006-10-16,73,reform pay,en,9.061840057373049
1985,Jean-Claude Trichet,2006-10-16,134,27 figure impressive,en,9.061840057373049
1993,Gertrude Tumpel-Gugerell,2006-09-20,7,stop print banknote mint coin,en,9.061840057373049
1993,Gertrude Tumpel-Gugerell,2006-09-20,27,interchange fee,en,9.061840057373049
1993,Gertrude Tumpel-Gugerell,2006-09-20,28,ecb role sepa,en,1.9051647186279297
1993,Gertrude Tumpel-Gugerell,2006-09-20,66,cash crucial mean payment,en,9.061840057373049
1993,Gertrude Tumpel-Gugerell,2006-09-20,68,respect bank sector invest proces cash,en,9.061840057373049
1993,Gertrude Tumpel-Gugerell,2006-09-20,96,13 different model,en,9.061840057373049
1993,Gertrude Tumpel-Gugerell,2006-09-20,105,respect clear,en,9.061840057373049
1993,Gertrude Tumpel-Gugerell,2006-09-20,153,mean,en,9.061840057373049
1994,Gertrude Tumpel-Gugerell,2006-09-18,20,05,en,9.061840057373049
1994,Gertrude Tumpel-Gugerell,2006-09-18,25,4 ecb mandate price stability,en,0.9760494232177734
1994,Gertrude Tumpel-Gugerell,2006-09-18,115,sustain improvement,en,9.061840057373049
1995,Jürgen Stark,2006-09-17,11,,en,9.061840057373049
1995,Jürgen Stark,2006-09-17,12,2007 staff projection real gdp growth 16 26,en,9.061840057373049
1995,Jürgen Stark,2006-09-17,82,lag,en,9.061840057373049
2005,Gertrude Tumpel-Gugerell,2006-06-29,37,noth new electronic payment,en,3.047835350036621
2005,Gertrude Tumpel-Gugerell,2006-06-29,51,service not involv settlement fund,en,2.788873672485352
2005,Gertrude Tumpel-Gugerell,2006-06-29,74,7 proce,en,9.061840057373049
2006,Jean-Claude Trichet,2006-06-29,5,ecb pay close attention,en,9.061840057373049
2006,Jean-Claude Trichet,2006-06-29,16,share reflection change implication,en,3.021581649780273
2006,Jean-Claude Trichet,2006-06-29,38,,en,9.061840057373049
2006,Jean-Claude Trichet,2006-06-29,73,example,en,9.061840057373049
2006,Jean-Claude Trichet,2006-06-29,122,,en,9.061840057373049
2006,Jean-Claude Trichet,2006-06-29,129,comparison,en,9.061840057373049
2006,Jean-Claude Trichet,2006-06-29,131,9 25 shock not smooth,en,2.788873672485352
2006,Jean-Claude Trichet,2006-06-29,151,progress impressive,en,2.452521800994873
2006,Jean-Claude Trichet,2006-06-29,161,correction slow,en,9.061840057373049
2006,Jean-Claude Trichet,2006-06-29,247,lot stake urgent action,en,1.6928634643554688
2009,Gertrude Tumpel-Gugerell,2006-06-15,23,bank regulation supervision,en,9.061840057373049
2009,Gertrude Tumpel-Gugerell,2006-06-15,26,,en,9.061840057373049
2009,Gertrude Tumpel-Gugerell,2006-06-15,38,interaction regulation competition now interaction regulation competition complex,en,2.6740822792053223
2009,Gertrude Tumpel-Gugerell,2006-06-15,95,start structure bank sector,en,9.061840057373049
2009,Gertrude Tumpel-Gugerell,2006-06-15,126,analysi restrict country similar bank structure,en,3.4977898597717285
2009,Gertrude Tumpel-Gugerell,2006-06-15,167,4 issue 4 2006,en,3.656414031982422
2012,Gertrude Tumpel-Gugerell,2006-06-09,9,however contribution payment bank profit relatively modest 9,en,3.612136840820313
2012,Gertrude Tumpel-Gugerell,2006-06-09,17,mean practice,en,9.061840057373049
2012,Gertrude Tumpel-Gugerell,2006-06-09,53,achieve practice,en,9.061840057373049
2013,Jean-Claude Trichet,2006-06-08,11,fact recount,en,9.061840057373049
2013,Jean-Claude Trichet,2006-06-08,68,policy rate observ variable,en,9.061840057373049
2013,Jean-Claude Trichet,2006-06-08,75,reason rigidity,en,3.044527053833008
2013,Jean-Claude Trichet,2006-06-08,100,hope convey notion,en,9.061840057373049
2013,Jean-Claude Trichet,2006-06-08,135,8 two main conclusion,en,9.061840057373049
2013,Jean-Claude Trichet,2006-06-08,141,2005 bil klenow 2004,en,2.6740822792053223
2013,Jean-Claude Trichet,2006-06-08,185,risk,en,9.061840057373049
2017,Lucas Papademos,2006-05-25,21,chart,en,9.061840057373049
2017,Lucas Papademos,2006-05-25,34,aspect,en,9.061840057373049
2017,Lucas Papademos,2006-05-25,127,role orientation chang,en,9.061840057373049
2017,Lucas Papademos,2006-05-25,147,positive conclude attention,en,9.061840057373049
2021,Otmar Issing,2006-05-05,34,influence path policy rate time,en,2.7703819274902344
2021,Otmar Issing,2006-05-05,52,two relate reason,en,3.044527053833008
2021,Otmar Issing,2006-05-05,59,different,en,9.061840057373049
2021,Otmar Issing,2006-05-05,136,follow,en,9.061840057373049
2023,José Manuel González-Páramo,2006-05-05,21,strike tradeoff way reflect achieve,en,3.274052143096924
2023,José Manuel González-Páramo,2006-05-05,63,corrective arm,en,9.061840057373049
2023,José Manuel González-Páramo,2006-05-05,82,way calamity,en,9.061840057373049
2023,José Manuel González-Páramo,2006-05-05,87,,en,9.061840057373049
2023,José Manuel González-Páramo,2006-05-05,88,,en,9.061840057373049
2026,José Manuel González-Páramo,2006-05-04,13,,en,9.061840057373049
2026,José Manuel González-Páramo,2006-05-04,25,respect not lack information,en,2.788873672485352
2026,José Manuel González-Páramo,2006-05-04,36,first annual information set publish forthcom,en,4.74055814743042
2026,José Manuel González-Páramo,2006-05-04,69,step further,en,3.431535243988037
2026,José Manuel González-Páramo,2006-05-04,71,bottomup approach,en,9.061840057373049
2028,Lorenzo Bini Smaghi,2006-04-27,1,word global twice title,en,9.061840057373049
2028,Lorenzo Bini Smaghi,2006-04-27,170,however not alway case,en,2.788873672485352
2028,Lorenzo Bini Smaghi,2006-04-27,242,however implementation slow,en,1.481245517730713
2030,Jean-Claude Trichet,2006-04-24,54,spend 28 gdp rd,en,4.797717094421387
2030,Jean-Claude Trichet,2006-04-24,72,potential gain reap substantial,en,9.061840057373049
2030,Jean-Claude Trichet,2006-04-24,93,all,en,9.061840057373049
2030,Jean-Claude Trichet,2006-04-24,101,5 oecd 2006 factbook,en,9.061840057373049
2030,Jean-Claude Trichet,2006-04-24,115,figure 2005,en,9.061840057373049
2035,Jean-Claude Trichet,2006-03-31,31,example,en,9.061840057373049
2035,Jean-Claude Trichet,2006-03-31,40,potential integration,en,9.061840057373049
2035,Jean-Claude Trichet,2006-03-31,57,movement area slower,en,2.8628382682800293
2035,Jean-Claude Trichet,2006-03-31,80,,en,9.061840057373049
2035,Jean-Claude Trichet,2006-03-31,104,progress impressive,en,2.452521800994873
2035,Jean-Claude Trichet,2006-03-31,114,correction slow,en,9.061840057373049
2035,Jean-Claude Trichet,2006-03-31,191,5b close monitor implementation structural reform,en,9.061840057373049
2039,José Manuel González-Páramo,2006-03-17,39,identification crucial effect result policy recommendation,en,9.061840057373049
2039,José Manuel González-Páramo,2006-03-17,174,different result,en,9.061840057373049
2039,José Manuel González-Páramo,2006-03-17,185,crucial fact,en,9.061840057373049
2039,José Manuel González-Páramo,2006-03-17,193,convey ecb response problem,en,9.061840057373049
2040,Otmar Issing,2006-03-16,3,not,en,9.061840057373049
2040,Otmar Issing,2006-03-16,16,discussion cover broad spectrum,en,0.9250211715698242
2040,Otmar Issing,2006-03-16,19,example,en,9.061840057373049
2040,Otmar Issing,2006-03-16,30,ecb respect special institution,en,9.061840057373049
2040,Otmar Issing,2006-03-16,40,,en,9.061840057373049
2040,Otmar Issing,2006-03-16,41,moment farewell,en,9.061840057373049
2040,Otmar Issing,2006-03-16,47,troop way stop,en,3.274052143096924
2040,Otmar Issing,2006-03-16,54,20 napoleon pari,en,9.061840057373049
2042,Jean-Claude Trichet,2006-02-27,2,host invitation,en,9.061840057373049
2042,Jean-Claude Trichet,2006-02-27,71,impact visible,en,9.061840057373049
2042,Jean-Claude Trichet,2006-02-27,144,start achieve price stability,en,0.9760494232177734
2045,Gertrude Tumpel-Gugerell,2006-02-23,63,else,en,9.061840057373049
2045,Gertrude Tumpel-Gugerell,2006-02-23,142,yes reduce cost,en,9.061840057373049
2045,Gertrude Tumpel-Gugerell,2006-02-23,151,conclude return image bridge,en,9.061840057373049
2045,Gertrude Tumpel-Gugerell,2006-02-23,152,bridge not built overnight,en,2.788873672485352
2047,Lucas Papademos,2006-02-10,8,chinese name m rc p l,en,9.061840057373049
2047,Lucas Papademos,2006-02-10,18,crossroad,en,9.061840057373049
2047,Lucas Papademos,2006-02-10,208,v time conclude,en,9.061840057373049
2047,Lucas Papademos,2006-02-10,229,ecb full constitution,en,3.722856521606445
2050,Jean-Claude Trichet,2006-01-20,6,structure follow,en,9.061840057373049
2050,Jean-Claude Trichet,2006-01-20,25,2004 1825,en,9.061840057373049
2050,Jean-Claude Trichet,2006-01-20,173,oecd economic study no,en,3.047835350036621
2053,Lorenzo Bini Smaghi,2005-12-08,112,theory,en,9.061840057373049
2053,Lorenzo Bini Smaghi,2005-12-08,153,standard model,en,9.061840057373049
2053,Lorenzo Bini Smaghi,2005-12-08,170,policy reversal interest rate reduc,en,9.061840057373049
2053,Lorenzo Bini Smaghi,2005-12-08,213,error,en,9.061840057373049
2053,Lorenzo Bini Smaghi,2005-12-08,233,textbook treatment,en,9.061840057373049
2058,Lucas Papademos,2005-11-18,2,,en,9.061840057373049
2058,Lucas Papademos,2005-11-18,63,stand,en,9.061840057373049
2058,Lucas Papademos,2005-11-18,64,lot achiev,en,9.061840057373049
2058,Lucas Papademos,2005-11-18,111,2 first bond market,en,4.797717094421387
2058,Lucas Papademos,2005-11-18,132,stock price,en,9.061840057373049
2067,Gertrude Tumpel-Gugerell,2005-10-21,158,however regulatory competition selfregulation face limit,en,3.4977898597717285
2067,Gertrude Tumpel-Gugerell,2005-10-21,227,branch network diversify settlement system,en,3.4079065322875977
2067,Gertrude Tumpel-Gugerell,2005-10-21,228,data bank profitable,en,9.061840057373049
2068,José Manuel González-Páramo,2005-10-18,5,matter,en,9.061840057373049
2068,José Manuel González-Páramo,2005-10-18,22,review both,en,9.061840057373049
2068,José Manuel González-Páramo,2005-10-18,27,first force attraction,en,9.061840057373049
2068,José Manuel González-Páramo,2005-10-18,59,finance growth,en,2.7703819274902344
2069,Gertrude Tumpel-Gugerell,2005-10-14,22,room both,en,9.061840057373049
2069,Gertrude Tumpel-Gugerell,2005-10-14,27,,en,9.061840057373049
2069,Gertrude Tumpel-Gugerell,2005-10-14,40,summarise finding,en,1.073343276977539
2069,Gertrude Tumpel-Gugerell,2005-10-14,122,figure target,en,9.061840057373049
2069,Gertrude Tumpel-Gugerell,2005-10-14,193,step further,en,3.431535243988037
2070,José Manuel González-Páramo,2005-10-13,1,invitation,en,9.061840057373049
2070,José Manuel González-Páramo,2005-10-13,3,truth,en,9.061840057373049
2070,José Manuel González-Páramo,2005-10-13,64,pact face additional constraint,en,2.752083301544189
2070,José Manuel González-Páramo,2005-10-13,82,adjustment structural,en,9.061840057373049
2070,José Manuel González-Páramo,2005-10-13,106,impact,en,9.061840057373049
2070,José Manuel González-Páramo,2005-10-13,181,likely large12,en,3.612136840820313
2071,Lorenzo Bini Smaghi,2005-10-10,15,appropriate response shock,en,9.061840057373049
2071,Lorenzo Bini Smaghi,2005-10-10,30,unstable output inflation,en,0.9211225509643556
2071,Lorenzo Bini Smaghi,2005-10-10,34,two cas,en,9.061840057373049
2071,Lorenzo Bini Smaghi,2005-10-10,157,depend,en,9.061840057373049
2073,Gertrude Tumpel-Gugerell,2005-10-03,7,however spe train,en,1.5717406272888184
2073,Gertrude Tumpel-Gugerell,2005-10-03,20,sepa,en,9.061840057373049
2073,Gertrude Tumpel-Gugerell,2005-10-03,31,however obstacle overcome,en,9.061840057373049
2073,Gertrude Tumpel-Gugerell,2005-10-03,82,potential cost involv relevant,en,9.061840057373049
2073,Gertrude Tumpel-Gugerell,2005-10-03,91,impetu push consolidation,en,9.061840057373049
2073,Gertrude Tumpel-Gugerell,2005-10-03,94,impetu push forward,en,9.061840057373049
2073,Gertrude Tumpel-Gugerell,2005-10-03,110,alternative,en,9.061840057373049
2076,Lucas Papademos,2005-09-22,13,observation not new,en,2.788873672485352
2076,Lucas Papademos,2005-09-22,16,valid,en,9.061840057373049
2076,Lucas Papademos,2005-09-22,19,general issue,en,3.656414031982422
2076,Lucas Papademos,2005-09-22,58,elaborate reform later,en,9.061840057373049
2094,Jean-Claude Trichet,2005-06-15,24,close 2,en,9.061840057373049
2094,Jean-Claude Trichet,2005-06-15,30,criteria level interest rate,en,9.061840057373049
2094,Jean-Claude Trichet,2005-06-15,40,growth,en,9.061840057373049
2094,Jean-Claude Trichet,2005-06-15,41,not,en,9.061840057373049
2094,Jean-Claude Trichet,2005-06-15,43,not case,en,2.788873672485352
2096,Jean-Claude Trichet,2005-06-08,110,regular transmission mechanism wealth effect result change asset price,en,1.8096156120300293
2096,Jean-Claude Trichet,2005-06-08,215,way boom observ perceiv real time,en,9.061840057373049
2096,Jean-Claude Trichet,2005-06-08,218,33 15 boom highcost boom 17 lowcost boom,en,1.002420425415039
2096,Jean-Claude Trichet,2005-06-08,223,lowcost boom 17 pre2 period 17 pre1 period 17 b1 period,en,1.002420425415039
2103,Otmar Issing,2005-05-20,29,first sight mechanism straightforward,en,9.061840057373049
2103,Otmar Issing,2005-05-20,115,occasion briefly comment idea gain,en,3.612136840820313
2103,Otmar Issing,2005-05-20,131,conclude citation,en,9.061840057373049
2109,Gertrude Tumpel-Gugerell,2005-04-25,14,11 system function,en,9.061840057373049
2109,Gertrude Tumpel-Gugerell,2005-04-25,68,consolidation,en,9.061840057373049
2109,Gertrude Tumpel-Gugerell,2005-04-25,90,briefly summarise,en,3.612136840820313
2110,Jean-Claude Trichet,2005-04-19,24,individual element separately,en,0.9313678741455078
2110,Jean-Claude Trichet,2005-04-19,48,follow,en,9.061840057373049
2110,Jean-Claude Trichet,2005-04-19,61,ecb,en,9.061840057373049
2116,Jean-Claude Trichet,2005-03-18,103,couple figure,en,9.061840057373049
2116,Jean-Claude Trichet,2005-03-18,109,happen,en,9.061840057373049
2116,Jean-Claude Trichet,2005-03-18,111,,en,9.061840057373049
2129,Gertrude Tumpel-Gugerell,2005-01-20,9,emerg consensu,en,9.061840057373049
2129,Gertrude Tumpel-Gugerell,2005-01-20,46,consolidate technical infrastructure target,en,2.387363910675049
2129,Gertrude Tumpel-Gugerell,2005-01-20,50,effort integration,en,9.061840057373049
2129,Gertrude Tumpel-Gugerell,2005-01-20,53,final observation implementation,en,2.752083301544189
2130,Otmar Issing,2005-01-20,2,workshop timely important,en,3.612136840820313
2130,Otmar Issing,2005-01-20,44,true international standard,en,2.752083301544189
2130,Otmar Issing,2005-01-20,52,operational framework suit,en,2.752083301544189
2130,Otmar Issing,2005-01-20,58,cash changeover 2002,en,9.061840057373049
2130,Otmar Issing,2005-01-20,79,success collective,en,2.452521800994873
2130,Otmar Issing,2005-01-20,88,hardly change first,en,3.612136840820313
2130,Otmar Issing,2005-01-20,90,attention,en,9.061840057373049
2151,Jean-Claude Trichet,2004-11-11,18,economy never rest,en,9.061840057373049
2151,Jean-Claude Trichet,2004-11-11,33,best output gap observation correlate variable,en,0.9720067977905272
2151,Jean-Claude Trichet,2004-11-11,161,,en,9.061840057373049
2157,Jean-Claude Trichet,2004-10-27,54,accession however chang,en,1.7192659378051758
2157,Jean-Claude Trichet,2004-10-27,125,28,en,9.061840057373049
2157,Jean-Claude Trichet,2004-10-27,129,uncertainty mark history,en,3.1631383895874023
2160,Otmar Issing,2004-10-22,3,not overnight,en,2.788873672485352
2160,Otmar Issing,2004-10-22,90,opposite true,en,9.061840057373049
2160,Otmar Issing,2004-10-22,137,unwarrant,en,9.061840057373049
2160,Otmar Issing,2004-10-22,205,economic policy 433448,en,3.047835350036621
2161,Tommaso Padoa-Schioppa,2004-10-21,57,consequence visible,en,2.7703819274902344
2161,Tommaso Padoa-Schioppa,2004-10-21,64,first tax system transparent,en,9.061840057373049
2161,Tommaso Padoa-Schioppa,2004-10-21,68,eu15 50 cent,en,9.061840057373049
2161,Tommaso Padoa-Schioppa,2004-10-21,74,factor well,en,9.061840057373049
2161,Tommaso Padoa-Schioppa,2004-10-21,75,size country,en,9.061840057373049
2161,Tommaso Padoa-Schioppa,2004-10-21,90,fit fat,en,9.061840057373049
2161,Tommaso Padoa-Schioppa,2004-10-21,95,indication competition new,en,9.061840057373049
2167,Otmar Issing,2004-10-03,19,na ve claim,en,9.061840057373049
2167,Otmar Issing,2004-10-03,28,new,en,9.061840057373049
2167,Otmar Issing,2004-10-03,96,attention,en,9.061840057373049
2175,Gertrude Tumpel-Gugerell,2004-09-21,8,ecb interest card payment,en,9.061840057373049
2175,Gertrude Tumpel-Gugerell,2004-09-21,51,last aspect concern standardisation,en,9.061840057373049
2175,Gertrude Tumpel-Gugerell,2004-09-21,92,policy focus catalyst role time,en,1.8501863479614256
2178,Gertrude Tumpel-Gugerell,2004-09-06,20,achiev,en,9.061840057373049
2178,Gertrude Tumpel-Gugerell,2004-09-06,24,shown,en,9.061840057373049
2178,Gertrude Tumpel-Gugerell,2004-09-06,49,supplement infrastructure crossborder business,en,0.9250211715698242
2186,Tommaso Padoa-Schioppa,2004-06-23,12,case,en,9.061840057373049
2186,Tommaso Padoa-Schioppa,2004-06-23,13,topic,en,9.061840057373049
2186,Tommaso Padoa-Schioppa,2004-06-23,47,crossborder bank 5,en,0.9250211715698242
2201,Tommaso Padoa-Schioppa,2004-05-13,51,pay good service banknote advantage,en,1.010085105895996
2201,Tommaso Padoa-Schioppa,2004-05-13,279,factor cit,en,9.061840057373049
2201,Tommaso Padoa-Schioppa,2004-05-13,310,oversight,en,9.061840057373049
2201,Tommaso Padoa-Schioppa,2004-05-13,348,bank tool provision account credit,en,0.9188117980957032
2202,Jean-Claude Trichet,2004-05-13,1,honour invit,en,9.061840057373049
2202,Jean-Claude Trichet,2004-05-13,85,objective top reform list progress,en,9.061840057373049
2202,Jean-Claude Trichet,2004-05-13,112,implementation,en,9.061840057373049
2202,Jean-Claude Trichet,2004-05-13,141,consideration follow,en,9.061840057373049
2202,Jean-Claude Trichet,2004-05-13,210,briefly conclude,en,3.612136840820313
2208,Lucas Papademos,2004-04-27,34,fact,en,9.061840057373049
2208,Lucas Papademos,2004-04-27,85,gap,en,9.061840057373049
2208,Lucas Papademos,2004-04-27,134,reason conclusion,en,3.044527053833008
2208,Lucas Papademos,2004-04-27,168,unfound,en,9.061840057373049
2210,Jean-Claude Trichet,2004-04-26,58,reform implement,en,9.061840057373049
2210,Jean-Claude Trichet,2004-04-26,142,not justify,en,2.788873672485352
2210,Jean-Claude Trichet,2004-04-26,228,second difference,en,4.797717094421387
2212,Jean-Claude Trichet,2004-04-23,62,structural reform actively pursue implementation,en,3.612136840820313
2212,Jean-Claude Trichet,2004-04-23,104,two main argument forward,en,9.061840057373049
2212,Jean-Claude Trichet,2004-04-23,126,fact alive,en,9.061840057373049
2216,Lucas Papademos,2004-04-19,169,tradeoff fac,en,9.061840057373049
2216,Lucas Papademos,2004-04-19,184,progress,en,9.061840057373049
2216,Lucas Papademos,2004-04-19,196,exist framework,en,9.061840057373049
2216,Lucas Papademos,2004-04-19,217,none manage both,en,9.061840057373049
2218,Lucas Papademos,2004-04-05,8,dont count,en,9.061840057373049
2218,Lucas Papademos,2004-04-05,23,third done,en,9.061840057373049
2218,Lucas Papademos,2004-04-05,25,start concern,en,9.061840057373049
2218,Lucas Papademos,2004-04-05,32,interest,en,9.061840057373049
2218,Lucas Papademos,2004-04-05,42,two side coin,en,9.061840057373049
2218,Lucas Papademos,2004-04-05,73,concern,en,9.061840057373049
2218,Lucas Papademos,2004-04-05,95,impact,en,9.061840057373049
2218,Lucas Papademos,2004-04-05,101,clear,en,9.061840057373049
2218,Lucas Papademos,2004-04-05,124,driver spe,en,1.5717406272888184
2218,Lucas Papademos,2004-04-05,150,lent weight,en,2.575860977172852
2222,Jean-Claude Trichet,2004-03-04,34,road travel,en,3.770662307739258
2222,Jean-Claude Trichet,2004-03-04,45,operational framework infrastructure target,en,2.752083301544189
2222,Jean-Claude Trichet,2004-03-04,55,time,en,9.061840057373049
2223,Tommaso Padoa-Schioppa,2004-02-26,27,example competition border act catalyst structural change,en,9.061840057373049
2223,Tommaso Padoa-Schioppa,2004-02-26,99,briefly mean,en,3.612136840820313
2223,Tommaso Padoa-Schioppa,2004-02-26,120,conclusion conclude,en,9.061840057373049
2225,Lucas Papademos,2004-02-20,3,follow,en,9.061840057373049
2225,Lucas Papademos,2004-02-20,35,design strong,en,9.061840057373049
2225,Lucas Papademos,2004-02-20,42,jury strong identity,en,3.4977898597717285
2227,Tommaso Padoa-Schioppa,2004-02-02,20,flavour two figure,en,9.061840057373049
2227,Tommaso Padoa-Schioppa,2004-02-02,35,first multilateral nature framework,en,9.061840057373049
2227,Tommaso Padoa-Schioppa,2004-02-02,68,case inflation,en,9.061840057373049
2227,Tommaso Padoa-Schioppa,2004-02-02,121,brief,en,9.061840057373049
2227,Tommaso Padoa-Schioppa,2004-02-02,139,time conclude,en,9.061840057373049
2228,Jean-Claude Trichet,2004-02-02,104,downward effect price,en,9.061840057373049
2228,Jean-Claude Trichet,2004-02-02,113,three,en,9.061840057373049
2228,Jean-Claude Trichet,2004-02-02,129,truer,en,9.061840057373049
2229,Jean-Claude Trichet,2004-01-29,1,invitation,en,9.061840057373049
2229,Jean-Claude Trichet,2004-01-29,25,outlook price,en,9.061840057373049
2229,Jean-Claude Trichet,2004-01-29,102,start flow,en,9.061840057373049
2231,Jean-Claude Trichet,2004-01-26,54,pres,en,9.061840057373049
2231,Jean-Claude Trichet,2004-01-26,55,first removal obstacle competition,en,9.061840057373049
2231,Jean-Claude Trichet,2004-01-26,124,fsap now near completion,en,2.6740822792053223
2236,Jean-Claude Trichet,2003-12-03,44,framework produce potential,en,9.061840057373049
2236,Jean-Claude Trichet,2003-12-03,64,two strategic objective,en,3.047835350036621
2236,Jean-Claude Trichet,2003-12-03,80,word,en,9.061840057373049
2240,Jean-Claude Trichet,2003-11-26,130,improvement visible,en,9.061840057373049
2240,Jean-Claude Trichet,2003-11-26,136,course attention paid aspect term implementation new framework well,en,1.2039542198181152
2240,Jean-Claude Trichet,2003-11-26,174,attention,en,9.061840057373049
2241,Gertrude Tumpel-Gugerell,2003-11-21,8,case intermediation custodian settlement system,en,9.061840057373049
2241,Gertrude Tumpel-Gugerell,2003-11-21,88,case public intervention intervention appropriate,en,3.047835350036621
2241,Gertrude Tumpel-Gugerell,2003-11-21,89,constraint intervention,en,9.061840057373049
2242,Jean-Claude Trichet,2003-11-20,5,invitation,en,9.061840057373049
2242,Jean-Claude Trichet,2003-11-20,63,sea,en,9.061840057373049
2242,Jean-Claude Trichet,2003-11-20,67,eu,en,9.061840057373049
2242,Jean-Claude Trichet,2003-11-20,71,decid constitution,en,9.061840057373049
2244,Gertrude Tumpel-Gugerell,2003-11-14,44,main trad partner,en,3.0734171867370605
2244,Gertrude Tumpel-Gugerell,2003-11-14,110,objective price stability,en,0.9760494232177734
2244,Gertrude Tumpel-Gugerell,2003-11-14,134,attention particular exchange rate arrangement,en,9.061840057373049
2247,Lucas Papademos,2003-11-03,66,fact comparison additional conclusion,en,2.752083301544189
2247,Lucas Papademos,2003-11-03,71,conclusion however tentative,en,1.7192659378051758
2247,Lucas Papademos,2003-11-03,97,3 reason,en,3.044527053833008
2249,Gertrude Tumpel-Gugerell,2003-11-03,3,substantial contribution process,en,9.061840057373049
2249,Gertrude Tumpel-Gugerell,2003-11-03,54,4 dynamic gain clear,en,3.047835350036621
2249,Gertrude Tumpel-Gugerell,2003-11-03,57,detail,en,9.061840057373049
2249,Gertrude Tumpel-Gugerell,2003-11-03,74,total factor productivity,en,9.061840057373049
2250,Willem F. Duisenberg,2003-10-29,1,time goodbye,en,9.061840057373049
2250,Willem F. Duisenberg,2003-10-29,4,feeling mix,en,1.0298681259155271
2250,Willem F. Duisenberg,2003-10-29,13,hope history,en,9.061840057373049
2250,Willem F. Duisenberg,2003-10-29,21,time bank not critic,en,2.788873672485352
2250,Willem F. Duisenberg,2003-10-29,22,not critic,en,2.788873672485352
2250,Willem F. Duisenberg,2003-10-29,28,communicate,en,9.061840057373049
2250,Willem F. Duisenberg,2003-10-29,30,conclude position right,en,9.061840057373049
2250,Willem F. Duisenberg,2003-10-29,32,become better,en,9.061840057373049
2250,Willem F. Duisenberg,2003-10-29,36,price stability,en,0.9760494232177734
2250,Willem F. Duisenberg,2003-10-29,40,fact not bear out,en,2.788873672485352
2250,Willem F. Duisenberg,2003-10-29,42,not overreact,en,2.788873672485352
2250,Willem F. Duisenberg,2003-10-29,48,miss,en,9.061840057373049
2250,Willem F. Duisenberg,2003-10-29,78,design,en,9.061840057373049
2250,Willem F. Duisenberg,2003-10-29,82,growth,en,9.061840057373049
2250,Willem F. Duisenberg,2003-10-29,87,progress,en,9.061840057373049
2250,Willem F. Duisenberg,2003-10-29,89,time,en,9.061840057373049
2250,Willem F. Duisenberg,2003-10-29,94,done bit well,en,2.575860977172852
2250,Willem F. Duisenberg,2003-10-29,95,pass buck,en,9.061840057373049
2253,Eugenio Domingo Solans,2003-10-24,8,issue,en,9.061840057373049
2253,Eugenio Domingo Solans,2003-10-24,51,lesson history,en,1.7192659378051758
2253,Eugenio Domingo Solans,2003-10-24,69,describe briefly,en,3.044208526611328
2253,Eugenio Domingo Solans,2003-10-24,70,first borrow,en,9.061840057373049
2253,Eugenio Domingo Solans,2003-10-24,96,asia,en,9.061840057373049
2253,Eugenio Domingo Solans,2003-10-24,101,exception first,en,9.061840057373049
2253,Eugenio Domingo Solans,2003-10-24,184,share bank lower 20,en,3.021581649780273
2258,Eugenio Domingo Solans,2003-10-09,6,case assure not intention not,en,2.788873672485352
2258,Eugenio Domingo Solans,2003-10-09,26,process complex,en,2.452521800994873
2258,Eugenio Domingo Solans,2003-10-09,34,value relate interest rate price well,en,9.061840057373049
2261,Eugenio Domingo Solans,2003-09-05,19,subject,en,9.061840057373049
2261,Eugenio Domingo Solans,2003-09-05,74,figure,en,9.061840057373049
2261,Eugenio Domingo Solans,2003-09-05,151,conclude,en,9.061840057373049
2265,Otmar Issing,2003-07-11,2,annual become tradition now,en,1.1740727424621582
2265,Otmar Issing,2003-07-11,7,special,en,9.061840057373049
2265,Otmar Issing,2003-07-11,14,opposite true,en,9.061840057373049
2265,Otmar Issing,2003-07-11,31,evaluation conduct,en,9.061840057373049
2268,Gertrude Tumpel-Gugerell,2003-07-02,52,however case not clearcut,en,2.788873672485352
2268,Gertrude Tumpel-Gugerell,2003-07-02,101,derivative option,en,9.061840057373049
2268,Gertrude Tumpel-Gugerell,2003-07-02,170,underline importance factor context,en,2.7703819274902344
2271,Willem F. Duisenberg,2003-06-16,10,reason,en,3.044527053833008
2271,Willem F. Duisenberg,2003-06-16,55,ecb five time,en,9.061840057373049
2271,Willem F. Duisenberg,2003-06-16,81,,en,9.061840057373049
2273,Tommaso Padoa-Schioppa,2003-06-12,8,word program,en,9.061840057373049
2273,Tommaso Padoa-Schioppa,2003-06-12,36,enforcement regulation,en,9.061840057373049
2273,Tommaso Padoa-Schioppa,2003-06-12,94,answer yes,en,1.8858652114868164
2277,Willem F. Duisenberg,2003-06-03,28,confirm mediumterm orientation,en,9.061840057373049
2277,Willem F. Duisenberg,2003-06-03,43,review factor shap outlook,en,9.061840057373049
2277,Willem F. Duisenberg,2003-06-03,63,last couple inflation 2,en,9.061840057373049
2288,Otmar Issing,2003-03-29,93,33 251 statute,en,9.061840057373049
2288,Otmar Issing,2003-03-29,96,31 22 statute,en,9.061840057373049
2288,Otmar Issing,2003-03-29,198,1990 fed smooth interest rate,en,9.061840057373049
2288,Otmar Issing,2003-03-29,206,ecb 2000 editorial bulletin,en,9.061840057373049
2288,Otmar Issing,2003-03-29,219,2000 price stability,en,0.9760494232177734
2288,Otmar Issing,2003-03-29,236,goodfriend 1987 cukierman 1990,en,4.797717094421387
2288,Otmar Issing,2003-03-29,240,9 gorton 1988 calomiri gorton 1991,en,9.061840057373049
2305,Otmar Issing,2002-12-05,1,choose restrict comment four issue,en,3.656414031982422
2305,Otmar Issing,2002-12-05,52,factor allocate productive,en,9.061840057373049
2305,Otmar Issing,2002-12-05,60,existence welfare,en,2.7703819274902344
2305,Otmar Issing,2002-12-05,146,adjustment cost,en,9.061840057373049
2305,Otmar Issing,2002-12-05,256,21 gorton 1988 calomiri gorton 1991,en,9.061840057373049
2309,Eugenio Domingo Solans,2002-11-22,1,invitation,en,9.061840057373049
2309,Eugenio Domingo Solans,2002-11-22,80,not practice change soon,en,2.788873672485352
2309,Eugenio Domingo Solans,2002-11-22,123,conclud,en,9.061840057373049
2312,Sirkka Hämäläinen,2002-11-13,21,true international level,en,2.752083301544189
2312,Sirkka Hämäläinen,2002-11-13,79,situation,en,9.061840057373049
2312,Sirkka Hämäläinen,2002-11-13,134,diagnosi mix,en,9.061840057373049
2315,Tommaso Padoa-Schioppa,2002-11-04,8,focu,en,9.061840057373049
2315,Tommaso Padoa-Schioppa,2002-11-04,15,however notable crosscountry difference,en,3.4977898597717285
2315,Tommaso Padoa-Schioppa,2002-11-04,21,important,en,9.061840057373049
2315,Tommaso Padoa-Schioppa,2002-11-04,55,question follow aspect,en,2.6740822792053223
2319,Willem F. Duisenberg,2002-10-08,57,conclude approach,en,9.061840057373049
2319,Willem F. Duisenberg,2002-10-08,76,context briefly recent initiative,en,3.612136840820313
2319,Willem F. Duisenberg,2002-10-08,88,insist however initiative market,en,1.481245517730713
2319,Willem F. Duisenberg,2002-10-08,89,role full potential,en,3.722856521606445
2321,Willem F. Duisenberg,2002-09-24,18,back later well,en,9.061840057373049
2321,Willem F. Duisenberg,2002-09-24,57,let cash first,en,9.061840057373049
2321,Willem F. Duisenberg,2002-09-24,134,attention,en,9.061840057373049
2329,Tommaso Padoa-Schioppa,2002-06-29,26,now elaborate,en,2.6740822792053223
2329,Tommaso Padoa-Schioppa,2002-06-29,98,however reason,en,3.044527053833008
2329,Tommaso Padoa-Schioppa,2002-06-29,197,economic policy 1998 pp,en,3.047835350036621
2330,Willem F. Duisenberg,2002-06-13,56,structural reform important,en,9.061840057373049
2330,Willem F. Duisenberg,2002-06-13,57,structural policy cover wide range area instrument,en,2.8628382682800293
2330,Willem F. Duisenberg,2002-06-13,81,secondly migration production factor act adjustment channel,en,3.612136840820313
2330,Willem F. Duisenberg,2002-06-13,209,,en,9.061840057373049
2332,Otmar Issing,2002-06-10,4,addition conference useful well,en,2.7703819274902344
2332,Otmar Issing,2002-06-10,48,definition symmetric,en,9.061840057373049
2332,Otmar Issing,2002-06-10,53,workshop relate potential bia hicp,en,2.762415885925293
2332,Otmar Issing,2002-06-10,94,question aris,en,9.061840057373049
2335,Willem F. Duisenberg,2002-05-21,142,require,en,9.061840057373049
2335,Willem F. Duisenberg,2002-05-21,171,,en,9.061840057373049
2335,Willem F. Duisenberg,2002-05-21,172,recover people confidence,en,1.2960600852966309
2335,Willem F. Duisenberg,2002-05-21,179,problem,en,9.061840057373049
2335,Willem F. Duisenberg,2002-05-21,181,done netherland,en,3.431535243988037
2335,Willem F. Duisenberg,2002-05-21,182,done spain,en,9.061840057373049
2335,Willem F. Duisenberg,2002-05-21,190,process not,en,2.452521800994873
2335,Willem F. Duisenberg,2002-05-21,206,1,en,9.061840057373049
2335,Willem F. Duisenberg,2002-05-21,207,lot company change price rate 1,en,2.0298047065734863
2335,Willem F. Duisenberg,2002-05-21,273,difficult,en,9.061840057373049
2335,Willem F. Duisenberg,2002-05-21,274,discussion,en,9.061840057373049
2335,Willem F. Duisenberg,2002-05-21,283,madness framework,en,2.452521800994873
2335,Willem F. Duisenberg,2002-05-21,311,not,en,9.061840057373049
2335,Willem F. Duisenberg,2002-05-21,358,moment 31,en,9.061840057373049
2335,Willem F. Duisenberg,2002-05-21,391,competition condition,en,9.061840057373049
2335,Willem F. Duisenberg,2002-05-21,395,able hide,en,9.061840057373049
2335,Willem F. Duisenberg,2002-05-21,404,drop interest rate magical solution,en,2.387363910675049
2335,Willem F. Duisenberg,2002-05-21,406,way,en,9.061840057373049
2335,Willem F. Duisenberg,2002-05-21,407,question mr,en,1.8096156120300293
2335,Willem F. Duisenberg,2002-05-21,431,alway limit,en,9.061840057373049
2335,Willem F. Duisenberg,2002-05-21,454,not alway case,en,2.788873672485352
2335,Willem F. Duisenberg,2002-05-21,459,forum,en,9.061840057373049
2336,Tommaso Padoa-Schioppa,2002-05-20,5,16 reference 18,en,2.7703819274902344
2336,Tommaso Padoa-Schioppa,2002-05-20,13,regulate,en,9.061840057373049
2336,Tommaso Padoa-Schioppa,2002-05-20,133,unit however not accept,en,2.788873672485352
2336,Tommaso Padoa-Schioppa,2002-05-20,160,processorient regulation 15,en,9.061840057373049
2336,Tommaso Padoa-Schioppa,2002-05-20,277,example captive regulator,en,9.061840057373049
2338,Willem F. Duisenberg,2002-05-09,22,social contract money,en,9.061840057373049
2338,Willem F. Duisenberg,2002-05-09,28,fact confidence place money,en,2.7703819274902344
2338,Willem F. Duisenberg,2002-05-09,29,confidence place,en,2.7703819274902344
2338,Willem F. Duisenberg,2002-05-09,74,money solid law,en,9.061840057373049
2349,Christian Noyer,2002-03-22,29,size fit all,en,9.061840057373049
2349,Christian Noyer,2002-03-22,57,extent asymmetry exist concern,en,3.4977898597717285
2349,Christian Noyer,2002-03-22,151,gap two currency wide,en,1.86487340927124
2349,Christian Noyer,2002-03-22,160,major effort requir,en,9.061840057373049
2350,Tommaso Padoa-Schioppa,2002-03-22,4,transformation achieve,en,0.9188117980957032
2350,Tommaso Padoa-Schioppa,2002-03-22,5,duty prepar,en,3.1631383895874023
2350,Tommaso Padoa-Schioppa,2002-03-22,27,offer brief comment,en,0.9250211715698242
2350,Tommaso Padoa-Schioppa,2002-03-22,99,share,en,9.061840057373049
2352,Sirkka Hämäläinen,2002-03-20,10,apply,en,9.061840057373049
2352,Sirkka Hämäläinen,2002-03-20,36,two major group obstacle,en,9.061840057373049
2352,Sirkka Hämäläinen,2002-03-20,79,ultimately goal,en,3.612136840820313
2356,Eugenio Domingo Solans,2002-02-28,6,not,en,9.061840057373049
2356,Eugenio Domingo Solans,2002-02-28,11,piece history,en,9.061840057373049
2356,Eugenio Domingo Solans,2002-02-28,19,interpretation fact historian,en,9.061840057373049
2363,Willem F. Duisenberg,2002-02-06,5,accept prize behalf,en,2.163379669189453
2363,Willem F. Duisenberg,2002-02-06,12,play key role initiate promot process,en,9.061840057373049
2363,Willem F. Duisenberg,2002-02-06,42,now,en,9.061840057373049
2365,Willem F. Duisenberg,2002-01-23,144,public information,en,3.047835350036621
2365,Willem F. Duisenberg,2002-01-23,153,question,en,9.061840057373049
2365,Willem F. Duisenberg,2002-01-23,201,difference normal feature,en,2.7703819274902344
2365,Willem F. Duisenberg,2002-01-23,223,statistic,en,9.061840057373049
2365,Willem F. Duisenberg,2002-01-23,233,quantitative information country not,en,3.4977898597717285
2365,Willem F. Duisenberg,2002-01-23,237,hole two argument,en,2.398164749145508
2365,Willem F. Duisenberg,2002-01-23,250,question,en,9.061840057373049
2365,Willem F. Duisenberg,2002-01-23,272,reference value m3,en,2.7703819274902344
2365,Willem F. Duisenberg,2002-01-23,319,repeat appoint,en,9.061840057373049
2365,Willem F. Duisenberg,2002-01-23,330,change influence all,en,2.7703819274902344
2365,Willem F. Duisenberg,2002-01-23,337,commission,en,9.061840057373049
2365,Willem F. Duisenberg,2002-01-23,339,way,en,9.061840057373049
2368,Willem F. Duisenberg,2001-12-31,17,once child,en,2.7703819274902344
2368,Willem F. Duisenberg,2001-12-31,48,answer yes,en,1.8858652114868164
2368,Willem F. Duisenberg,2001-12-31,62,mark leap,en,1.5060839653015137
2369,Willem F. Duisenberg,2001-12-18,127,respect,en,9.061840057373049
2369,Willem F. Duisenberg,2001-12-18,142,time,en,9.061840057373049
2369,Willem F. Duisenberg,2001-12-18,185,reference real interest rate,en,2.7703819274902344
2369,Willem F. Duisenberg,2001-12-18,197,shortterm real interest rate 10 18,en,9.061840057373049
2369,Willem F. Duisenberg,2001-12-18,229,analysi,en,9.061840057373049
2369,Willem F. Duisenberg,2001-12-18,246,never,en,9.061840057373049
2369,Willem F. Duisenberg,2001-12-18,284,effect likely small,en,3.612136840820313
2369,Willem F. Duisenberg,2001-12-18,292,not,en,9.061840057373049
2369,Willem F. Duisenberg,2001-12-18,308,question follow,en,9.061840057373049
2369,Willem F. Duisenberg,2001-12-18,385,autumn forecast commission 2002 forecast growth rate 2002 2001,en,0.9720067977905272
2369,Willem F. Duisenberg,2001-12-18,386,14 2002 16 2001,en,9.061840057373049
2369,Willem F. Duisenberg,2001-12-18,388,13 growth 2002,en,9.061840057373049
2369,Willem F. Duisenberg,2001-12-18,397,not,en,9.061840057373049
2369,Willem F. Duisenberg,2001-12-18,441,12,en,9.061840057373049
2369,Willem F. Duisenberg,2001-12-18,448,successful gues,en,9.061840057373049
2369,Willem F. Duisenberg,2001-12-18,462,question,en,9.061840057373049
2369,Willem F. Duisenberg,2001-12-18,468,problem,en,9.061840057373049
2369,Willem F. Duisenberg,2001-12-18,485,available,en,9.061840057373049
2369,Willem F. Duisenberg,2001-12-18,495,maybe happen,en,3.044208526611328
2378,Eugenio Domingo Solans,2001-11-16,8,involv now,en,9.061840057373049
2378,Eugenio Domingo Solans,2001-11-16,13,purpose,en,9.061840057373049
2378,Eugenio Domingo Solans,2001-11-16,69,clear respect,en,9.061840057373049
2380,Christian Noyer,2001-11-12,24,elaborate briefly,en,9.061840057373049
2380,Christian Noyer,2001-11-12,64,suitable accession country,en,0.9003105163574219
2380,Christian Noyer,2001-11-12,80,accession country capital movement subject number restriction,en,3.4977898597717285
2381,Christian Noyer,2001-11-08,31,1998 share 60,en,3.021581649780273
2381,Christian Noyer,2001-11-08,45,issue common shock first,en,9.061840057373049
2381,Christian Noyer,2001-11-08,138,single bank sector,en,9.061840057373049
2391,Tommaso Padoa-Schioppa,2001-09-24,47,catalyst change option prefer,en,9.061840057373049
2391,Tommaso Padoa-Schioppa,2001-09-24,59,not clear article 22 context,en,2.788873672485352
2391,Tommaso Padoa-Schioppa,2001-09-24,84,image problem,en,9.061840057373049
2391,Tommaso Padoa-Schioppa,2001-09-24,102,summarise conclude,en,1.073343276977539
2395,Willem F. Duisenberg,2001-09-12,56,context,en,9.061840057373049
2395,Willem F. Duisenberg,2001-09-12,57,question,en,9.061840057373049
2395,Willem F. Duisenberg,2001-09-12,192,time,en,9.061840057373049
2395,Willem F. Duisenberg,2001-09-12,232,great assurance,en,9.061840057373049
2395,Willem F. Duisenberg,2001-09-12,251,confidence forecast 2003,en,2.7703819274902344
2395,Willem F. Duisenberg,2001-09-12,271,consistent 30,en,9.061840057373049
2395,Willem F. Duisenberg,2001-09-12,292,first,en,9.061840057373049
2395,Willem F. Duisenberg,2001-09-12,303,not happen,en,2.788873672485352
2395,Willem F. Duisenberg,2001-09-12,340,different result,en,9.061840057373049
2395,Willem F. Duisenberg,2001-09-12,386,best contribution,en,9.061840057373049
2395,Willem F. Duisenberg,2001-09-12,399,,en,9.061840057373049
2395,Willem F. Duisenberg,2001-09-12,423,1 000dm,en,9.061840057373049
2395,Willem F. Duisenberg,2001-09-12,424,1000 guilder,en,9.061840057373049
2395,Willem F. Duisenberg,2001-09-12,426,noth exceptional,en,9.061840057373049
2395,Willem F. Duisenberg,2001-09-12,487,proposal,en,9.061840057373049
2395,Willem F. Duisenberg,2001-09-12,489,achieve objective,en,9.061840057373049
2395,Willem F. Duisenberg,2001-09-12,528,bank adapt,en,9.061840057373049
2395,Willem F. Duisenberg,2001-09-12,531,see cost,en,2.536614418029785
2395,Willem F. Duisenberg,2001-09-12,554,first foremost consideration,en,9.061840057373049
2395,Willem F. Duisenberg,2001-09-12,567,confirm information consumer association,en,0.9004917144775391
2395,Willem F. Duisenberg,2001-09-12,594,,en,9.061840057373049
2397,Tommaso Padoa-Schioppa,2001-09-05,26,force change,en,9.061840057373049
2397,Tommaso Padoa-Schioppa,2001-09-05,28,view,en,9.061840057373049
2397,Tommaso Padoa-Schioppa,2001-09-05,43,attempt become central institution proposal consolidation forward,en,1.1740727424621582
2401,"Willem F. Duisenberg,Eugenio Domingo Solans",2001-08-30,4,star,en,9.061840057373049
2401,"Willem F. Duisenberg,Eugenio Domingo Solans",2001-08-30,10,,en,9.061840057373049
2401,"Willem F. Duisenberg,Eugenio Domingo Solans",2001-08-30,11,convinc,en,9.061840057373049
2401,"Willem F. Duisenberg,Eugenio Domingo Solans",2001-08-30,24,able 100 now,en,9.061840057373049
2401,"Willem F. Duisenberg,Eugenio Domingo Solans",2001-08-30,26,stay forever,en,1.8501863479614256
2401,"Willem F. Duisenberg,Eugenio Domingo Solans",2001-08-30,31,question,en,9.061840057373049
2401,"Willem F. Duisenberg,Eugenio Domingo Solans",2001-08-30,32,,en,9.061840057373049
2401,"Willem F. Duisenberg,Eugenio Domingo Solans",2001-08-30,41,time,en,9.061840057373049
2401,"Willem F. Duisenberg,Eugenio Domingo Solans",2001-08-30,54,safe side issue,en,3.656414031982422
2401,"Willem F. Duisenberg,Eugenio Domingo Solans",2001-08-30,77,operation cost,en,9.061840057373049
2401,"Willem F. Duisenberg,Eugenio Domingo Solans",2001-08-30,92,,en,9.061840057373049
2401,"Willem F. Duisenberg,Eugenio Domingo Solans",2001-08-30,93,impression,en,9.061840057373049
2401,"Willem F. Duisenberg,Eugenio Domingo Solans",2001-08-30,95,question translation,en,2.701602935791016
2401,"Willem F. Duisenberg,Eugenio Domingo Solans",2001-08-30,97,not,en,9.061840057373049
2401,"Willem F. Duisenberg,Eugenio Domingo Solans",2001-08-30,109,rest assur,en,9.061840057373049
2401,"Willem F. Duisenberg,Eugenio Domingo Solans",2001-08-30,114,notion out,en,2.69980525970459
2414,Willem F. Duisenberg,2001-05-28,91,floor,en,9.061840057373049
2414,Willem F. Duisenberg,2001-05-28,93,time pressure away preliminary,en,9.061840057373049
2414,Willem F. Duisenberg,2001-05-28,103,question follow,en,9.061840057373049
2414,Willem F. Duisenberg,2001-05-28,182,out,en,9.061840057373049
2414,Willem F. Duisenberg,2001-05-28,183,heard expression stagflation,en,9.061840057373049
2414,Willem F. Duisenberg,2001-05-28,200,else involv,en,9.061840057373049
2414,Willem F. Duisenberg,2001-05-28,203,responsible,en,9.061840057373049
2414,Willem F. Duisenberg,2001-05-28,204,government,en,9.061840057373049
2414,Willem F. Duisenberg,2001-05-28,205,decision blame,en,9.061840057373049
2414,Willem F. Duisenberg,2001-05-28,328,mr katifori,en,9.061840057373049
2414,Willem F. Duisenberg,2001-05-28,374,elaborate,en,9.061840057373049
2414,Willem F. Duisenberg,2001-05-28,384,element reason,en,3.044527053833008
2414,Willem F. Duisenberg,2001-05-28,396,minor problem,en,9.061840057373049
2414,Willem F. Duisenberg,2001-05-28,410,cost course,en,9.061840057373049
2414,Willem F. Duisenberg,2001-05-28,462,knew,en,9.061840057373049
2414,Willem F. Duisenberg,2001-05-28,523,equal treatment,en,9.061840057373049
2414,Willem F. Duisenberg,2001-05-28,528,fact,en,9.061840057373049
2418,Otmar Issing,2001-05-11,59,2001 hicp inflation stood 26,en,2.762415885925293
2418,Otmar Issing,2001-05-11,78,movement area rapid,en,2.8628382682800293
2418,Otmar Issing,2001-05-11,135,example start labour market,en,9.061840057373049
2419,Otmar Issing,2001-05-03,59,start not publish forecast projection,en,2.788873672485352
2419,Otmar Issing,2001-05-03,76,view ecb publish range staff projection figure,en,9.061840057373049
2419,Otmar Issing,2001-05-03,113,2001 annual m3 growth 50,en,4.74055814743042
2419,Otmar Issing,2001-05-03,115,fact calendar effect filter out 2001 m3 growth lower,en,2.547461986541748
2419,Otmar Issing,2001-05-03,144,ecb instrument nor intention,en,9.061840057373049
2425,Christian Noyer,2001-03-20,16,moment,en,9.061840057373049
2425,Christian Noyer,2001-03-20,58,real gdp growth relatively strong 2000,en,3.612136840820313
2425,Christian Noyer,2001-03-20,103,party bank firm government involv changeover,en,3.1631383895874023
2428,Willem F. Duisenberg,2001-03-05,2,inflation forecast,en,9.061840057373049
2428,Willem F. Duisenberg,2001-03-05,6,floor,en,9.061840057373049
2428,Willem F. Duisenberg,2001-03-05,9,happy,en,9.061840057373049
2428,Willem F. Duisenberg,2001-03-05,88,id expressly,en,9.061840057373049
2428,Willem F. Duisenberg,2001-03-05,94,question rate inflation,en,9.061840057373049
2428,Willem F. Duisenberg,2001-03-05,102,question follow,en,9.061840057373049
2428,Willem F. Duisenberg,2001-03-05,106,however 34,en,9.061840057373049
2428,Willem F. Duisenberg,2001-03-05,114,interpretation correct,en,9.061840057373049
2428,Willem F. Duisenberg,2001-03-05,136,external factor course play role,en,2.752083301544189
2428,Willem F. Duisenberg,2001-03-05,163,comment,en,9.061840057373049
2428,Willem F. Duisenberg,2001-03-05,165,neighbourhood 2 12,en,9.061840057373049
2428,Willem F. Duisenberg,2001-03-05,186,mr abitbol uenf madam,en,9.061840057373049
2428,Willem F. Duisenberg,2001-03-05,198,clear currency,en,9.061840057373049
2428,Willem F. Duisenberg,2001-03-05,202,mean swiss,en,9.061840057373049
2428,Willem F. Duisenberg,2001-03-05,208,bank solution,en,9.061840057373049
2428,Willem F. Duisenberg,2001-03-05,210,,en,9.061840057373049
2428,Willem F. Duisenberg,2001-03-05,221,mr abitbol uenf well,en,9.061840057373049
2428,Willem F. Duisenberg,2001-03-05,245,,en,9.061840057373049
2428,Willem F. Duisenberg,2001-03-05,262,information,en,9.061840057373049
2428,Willem F. Duisenberg,2001-03-05,289,priority,en,9.061840057373049
2428,Willem F. Duisenberg,2001-03-05,293,bank out sme particular,en,2.547461986541748
2428,Willem F. Duisenberg,2001-03-05,310,first number 2000,en,9.061840057373049
2428,Willem F. Duisenberg,2001-03-05,316,receive advice well,en,9.061840057373049
2428,Willem F. Duisenberg,2001-03-05,318,message,en,9.061840057373049
2428,Willem F. Duisenberg,2001-03-05,330,done mr,en,9.061840057373049
2428,Willem F. Duisenberg,2001-03-05,366,experience,en,9.061840057373049
2428,Willem F. Duisenberg,2001-03-05,386,country,en,9.061840057373049
2428,Willem F. Duisenberg,2001-03-05,387,dont,en,9.061840057373049
2428,Willem F. Duisenberg,2001-03-05,405,nice gone ratify,en,9.061840057373049
2428,Willem F. Duisenberg,2001-03-05,411,,en,9.061840057373049
2428,Willem F. Duisenberg,2001-03-05,416,dont redefine price stability,en,0.9760494232177734
2428,Willem F. Duisenberg,2001-03-05,427,,en,9.061840057373049
2428,Willem F. Duisenberg,2001-03-05,475,sensitive area,en,2.8628382682800293
2428,Willem F. Duisenberg,2001-03-05,496,clear experience,en,9.061840057373049
2428,Willem F. Duisenberg,2001-03-05,502,progress,en,9.061840057373049
2428,Willem F. Duisenberg,2001-03-05,541,extensively,en,9.061840057373049
2428,Willem F. Duisenberg,2001-03-05,556,problem,en,9.061840057373049
2428,Willem F. Duisenberg,2001-03-05,564,done not comment individual context room,en,2.788873672485352
2428,Willem F. Duisenberg,2001-03-05,565,advice,en,9.061840057373049
2430,Otmar Issing,2001-02-23,25,section 7 contain conclud,en,9.061840057373049
2430,Otmar Issing,2001-02-23,56,start form political integration,en,2.387363910675049
2430,Otmar Issing,2001-02-23,76,imperfection advanc,en,9.061840057373049
2430,Otmar Issing,2001-02-23,105,return argument section 6,en,0.9313678741455078
2430,Otmar Issing,2001-02-23,232,review track record area,en,2.8628382682800293
2430,Otmar Issing,2001-02-23,239,consideration reflection,en,9.061840057373049
2430,Otmar Issing,2001-02-23,276,,en,9.061840057373049
2430,Otmar Issing,2001-02-23,308,1 1990a pp118 187,en,9.061840057373049
2434,Christian Noyer,2001-02-02,0,11 eday,en,9.061840057373049
2434,Christian Noyer,2001-02-02,57,date vary,en,9.061840057373049
2434,Christian Noyer,2001-02-02,59,cash changeover complete,en,9.061840057373049
2434,Christian Noyer,2001-02-02,86,well track,en,3.722856521606445
2434,Christian Noyer,2001-02-02,88,regard achievement satisfaction,en,9.061840057373049
2434,Christian Noyer,2001-02-02,89,not mean complacent,en,2.788873672485352
2434,Christian Noyer,2001-02-02,94,,en,9.061840057373049
2435,Sirkka Hämäläinen,2001-01-29,137,anyth learnt history,en,1.5060839653015137
2435,Sirkka Hämäläinen,2001-01-29,210,relevance,en,9.061840057373049
2435,Sirkka Hämäläinen,2001-01-29,237,implement full 2005,en,3.722856521606445
2435,Sirkka Hämäläinen,2001-01-29,322,oecd 2000 new economy,en,9.061840057373049
2441,Tommaso Padoa-Schioppa,2000-12-21,17,further,en,3.431535243988037
2441,Tommaso Padoa-Schioppa,2000-12-21,58,notion,en,9.061840057373049
2441,Tommaso Padoa-Schioppa,2000-12-21,71,seventh exchange rate policy,en,9.061840057373049
2441,Tommaso Padoa-Schioppa,2000-12-21,76,way cut four stage initial,en,1.010085105895996
2441,Tommaso Padoa-Schioppa,2000-12-21,82,difficult handle,en,9.061840057373049
2442,Willem F. Duisenberg,2000-12-19,25,main objective intact,en,9.061840057373049
2442,Willem F. Duisenberg,2000-12-19,42,appropriate,en,9.061840057373049
2442,Willem F. Duisenberg,2000-12-19,89,add lot progress,en,9.061840057373049
2447,Willem F. Duisenberg,2000-11-23,125,ecb publish progress,en,9.061840057373049
2447,Willem F. Duisenberg,2000-11-23,190,suppos,en,9.061840057373049
2447,Willem F. Duisenberg,2000-11-23,200,done political,en,9.061840057373049
2447,Willem F. Duisenberg,2000-11-23,225,policyformulate institution,en,9.061840057373049
2447,Willem F. Duisenberg,2000-11-23,242,mr abitbol uenf,en,9.061840057373049
2447,Willem F. Duisenberg,2000-11-23,280,article interest reason id,en,3.044527053833008
2447,Willem F. Duisenberg,2000-11-23,284,opposite happen react strongly,en,9.061840057373049
2447,Willem F. Duisenberg,2000-11-23,286,reaction,en,9.061840057373049
2447,Willem F. Duisenberg,2000-11-23,288,brief consequence,en,9.061840057373049
2447,Willem F. Duisenberg,2000-11-23,291,however part,en,1.2960600852966309
2447,Willem F. Duisenberg,2000-11-23,297,belief,en,9.061840057373049
2447,Willem F. Duisenberg,2000-11-23,317,example,en,9.061840057373049
2447,Willem F. Duisenberg,2000-11-23,436,question intervention,en,9.061840057373049
2452,Tommaso Padoa-Schioppa,2000-11-09,5,2002 landmark process,en,9.061840057373049
2452,Tommaso Padoa-Schioppa,2000-11-09,22,refer approach,en,9.061840057373049
2452,Tommaso Padoa-Schioppa,2000-11-09,53,nor bank,en,9.061840057373049
2452,Tommaso Padoa-Schioppa,2000-11-09,62,briefly review argument,en,3.612136840820313
2452,Tommaso Padoa-Schioppa,2000-11-09,70,ecb welcom initiative asses system positively,en,9.061840057373049
2452,Tommaso Padoa-Schioppa,2000-11-09,88,evaluate arrangement against alternative matter commission,en,9.061840057373049
2452,Tommaso Padoa-Schioppa,2000-11-09,95,however realistic,en,9.061840057373049
2452,Tommaso Padoa-Schioppa,2000-11-09,130,counterproductive,en,9.061840057373049
2452,Tommaso Padoa-Schioppa,2000-11-09,141,however prudential supervision institution payment system oversight system,en,1.2960600852966309
2452,Tommaso Padoa-Schioppa,2000-11-09,160,time conclude,en,9.061840057373049
2452,Tommaso Padoa-Schioppa,2000-11-09,163,start,en,9.061840057373049
2452,Tommaso Padoa-Schioppa,2000-11-09,170,bank ceo,en,9.061840057373049
2457,Willem F. Duisenberg,2000-10-26,3,dreadful right,en,9.061840057373049
2457,Willem F. Duisenberg,2000-10-26,11,both,en,9.061840057373049
2457,Willem F. Duisenberg,2000-10-26,52,reform implement substantial progress,en,9.061840057373049
2457,Willem F. Duisenberg,2000-10-26,64,major tax reform,en,2.456697940826416
2457,Willem F. Duisenberg,2000-10-26,138,conclude,en,9.061840057373049
2458,Otmar Issing,2000-10-26,49,ultimately count,en,3.612136840820313
2458,Otmar Issing,2000-10-26,189,answer yes no,en,1.8858652114868164
2458,Otmar Issing,2000-10-26,266,symbol matter,en,9.061840057373049
2458,Otmar Issing,2000-10-26,283,ecb wellequip job,en,1.1812167167663574
2458,Otmar Issing,2000-10-26,313,debas currency,en,9.061840057373049
2459,Sirkka Hämäläinen,2000-10-16,35,preserve key competency economic policy,en,3.047835350036621
2459,Sirkka Hämäläinen,2000-10-16,48,,en,9.061840057373049
2459,Sirkka Hämäläinen,2000-10-16,50,better,en,9.061840057373049
2460,Willem F. Duisenberg,2000-10-12,18,briefly,en,9.061840057373049
2460,Willem F. Duisenberg,2000-10-12,35,return issue course presentation,en,3.656414031982422
2460,Willem F. Duisenberg,2000-10-12,75,briefly,en,9.061840057373049
2460,Willem F. Duisenberg,2000-10-12,111,briefly,en,9.061840057373049
2460,Willem F. Duisenberg,2000-10-12,155,current situation not complacent,en,2.788873672485352
2460,Willem F. Duisenberg,2000-10-12,161,tend eclipse bright picture,en,4.797717094421387
2472,Willem F. Duisenberg,2000-09-12,123,,en,9.061840057373049
2472,Willem F. Duisenberg,2000-09-12,147,accept,en,9.061840057373049
2472,Willem F. Duisenberg,2000-09-12,199,question,en,9.061840057373049
2472,Willem F. Duisenberg,2000-09-12,284,convince,en,9.061840057373049
2472,Willem F. Duisenberg,2000-09-12,289,,en,9.061840057373049
2472,Willem F. Duisenberg,2000-09-12,314,happen refrain forecast respect,en,9.061840057373049
2472,Willem F. Duisenberg,2000-09-12,324,not reproach,en,2.788873672485352
2472,Willem F. Duisenberg,2000-09-12,405,ecb analysi situation,en,4.74055814743042
2472,Willem F. Duisenberg,2000-09-12,415,not complacent,en,2.788873672485352
2472,Willem F. Duisenberg,2000-09-12,444,anyth sign future well,en,9.061840057373049
2472,Willem F. Duisenberg,2000-09-12,446,real economy,en,9.061840057373049
2472,Willem F. Duisenberg,2000-09-12,503,concept output gap not,en,0.9720067977905272
2472,Willem F. Duisenberg,2000-09-12,538,part communication,en,9.061840057373049
2472,Willem F. Duisenberg,2000-09-12,546,dont cannot,en,1.0157546997070312
2472,Willem F. Duisenberg,2000-09-12,574,condition right,en,9.061840057373049
2472,Willem F. Duisenberg,2000-09-12,626,striv,en,9.061840057373049
2472,Willem F. Duisenberg,2000-09-12,629,message minister,en,9.061840057373049
2472,Willem F. Duisenberg,2000-09-12,651,achievement,en,9.061840057373049
2472,Willem F. Duisenberg,2000-09-12,676,,en,9.061840057373049
2472,Willem F. Duisenberg,2000-09-12,706,up people bank sector public accept,en,3.047835350036621
2478,Christian Noyer,2000-06-29,34,choice base communication transparency,en,2.701602935791016
2478,Christian Noyer,2000-06-29,49,not mean framework rigid,en,2.788873672485352
2478,Christian Noyer,2000-06-29,86,external side,en,2.752083301544189
2478,Christian Noyer,2000-06-29,136,time course chang,en,9.061840057373049
2479,Otmar Issing,2000-06-28,12,line argument follow,en,9.061840057373049
2479,Otmar Issing,2000-06-28,41,receiv bank not receive payment,en,2.788873672485352
2479,Otmar Issing,2000-06-28,78,achieve system rely communication network,en,3.612136840820313
2479,Otmar Issing,2000-06-28,121,,en,9.061840057373049
2479,Otmar Issing,2000-06-28,156,not speculate,en,2.788873672485352
2479,Otmar Issing,2000-06-28,288,10 see freedman 2000,en,2.536614418029785
2479,Otmar Issing,2000-06-28,293,13 argument bas friedman 1999,en,9.061840057373049
2480,Otmar Issing,2000-06-26,27,deeper,en,9.061840057373049
2480,Otmar Issing,2000-06-26,46,noth noth,en,9.061840057373049
2480,Otmar Issing,2000-06-26,118,contradictory data normal,en,3.4977898597717285
2480,Otmar Issing,2000-06-26,140,second,en,9.061840057373049
2480,Otmar Issing,2000-06-26,188,listen,en,9.061840057373049
2480,Otmar Issing,2000-06-26,190,forward,en,9.061840057373049
2481,Willem F. Duisenberg,2000-06-20,26,annual headline inflation 21,en,9.061840057373049
2481,Willem F. Duisenberg,2000-06-20,170,takingoff,en,9.061840057373049
2481,Willem F. Duisenberg,2000-06-20,198,figure 2 gratify not main figure,en,2.788873672485352
2481,Willem F. Duisenberg,2000-06-20,199,figure 1 12 now,en,9.061840057373049
2481,Willem F. Duisenberg,2000-06-20,215,factor closely monitor,en,3.612136840820313
2481,Willem F. Duisenberg,2000-06-20,223,way publish,en,9.061840057373049
2481,Willem F. Duisenberg,2000-06-20,225,hard produc forecast,en,9.061840057373049
2481,Willem F. Duisenberg,2000-06-20,228,first result,en,9.061840057373049
2481,Willem F. Duisenberg,2000-06-20,232,ultimately publish model,en,3.612136840820313
2481,Willem F. Duisenberg,2000-06-20,234,further,en,3.431535243988037
2481,Willem F. Duisenberg,2000-06-20,252,way,en,9.061840057373049
2481,Willem F. Duisenberg,2000-06-20,264,figure 22 12,en,9.061840057373049
2481,Willem F. Duisenberg,2000-06-20,286,condition promote preserve,en,9.061840057373049
2481,Willem F. Duisenberg,2000-06-20,299,advantage,en,1.010085105895996
2481,Willem F. Duisenberg,2000-06-20,311,not all,en,2.788873672485352
2481,Willem F. Duisenberg,2000-06-20,312,not situation,en,2.788873672485352
2481,Willem F. Duisenberg,2000-06-20,318,economic policy restrictive fear import inflation,en,3.047835350036621
2481,Willem F. Duisenberg,2000-06-20,319,clear no,en,9.061840057373049
2481,Willem F. Duisenberg,2000-06-20,326,main issue,en,3.656414031982422
2481,Willem F. Duisenberg,2000-06-20,347,comment,en,9.061840057373049
2481,Willem F. Duisenberg,2000-06-20,372,debt,en,9.061840057373049
2481,Willem F. Duisenberg,2000-06-20,382,,en,9.061840057373049
2481,Willem F. Duisenberg,2000-06-20,399,balance payment,en,2.7703819274902344
2481,Willem F. Duisenberg,2000-06-20,407,difficult situation handle,en,1.7192659378051758
2481,Willem F. Duisenberg,2000-06-20,417,portugal,en,9.061840057373049
2481,Willem F. Duisenberg,2000-06-20,423,way,en,9.061840057373049
2481,Willem F. Duisenberg,2000-06-20,457,supplementary,en,9.061840057373049
2481,Willem F. Duisenberg,2000-06-20,476,germany 30,en,2.0298047065734863
2481,Willem F. Duisenberg,2000-06-20,507,way,en,9.061840057373049
2481,Willem F. Duisenberg,2000-06-20,515,interest accession country,en,9.061840057373049
2481,Willem F. Duisenberg,2000-06-20,566,matter statistic,en,1.5717406272888184
2481,Willem F. Duisenberg,2000-06-20,618,general,en,9.061840057373049
2481,Willem F. Duisenberg,2000-06-20,629,mr marino,en,9.061840057373049
2481,Willem F. Duisenberg,2000-06-20,667,handl,en,9.061840057373049
2481,Willem F. Duisenberg,2000-06-20,669,sterl,en,9.061840057373049
2481,Willem F. Duisenberg,2000-06-20,709,national competence,en,2.752083301544189
2484,Willem F. Duisenberg,2000-05-30,12,result long painstak preparatory process,en,3.4977898597717285
2484,Willem F. Duisenberg,2000-05-30,32,mandate achiev,en,0.9003105163574219
2484,Willem F. Duisenberg,2000-05-30,57,two observation,en,9.061840057373049
2487,Otmar Issing,2000-05-12,43,conclusion not robust,en,2.788873672485352
2487,Otmar Issing,2000-05-12,232,time hole new economy story,en,9.061840057373049
2487,Otmar Issing,2000-05-12,253,first identification issue,en,3.656414031982422
2489,Sirkka Hämäläinen,2000-05-05,30,satisfy outcome,en,2.6116294860839844
2489,Sirkka Hämäläinen,2000-05-05,53,fact framework conducive promot smooth integration money market,en,1.8096156120300293
2489,Sirkka Hämäläinen,2000-05-05,60,juncture area identify problem,en,2.8628382682800293
2489,Sirkka Hämäläinen,2000-05-05,106,forward,en,9.061840057373049
2491,Christian Noyer,2000-05-03,9,reference value 24,en,2.7703819274902344
2491,Christian Noyer,2000-05-03,18,60 reference value,en,2.7703819274902344
2491,Christian Noyer,2000-05-03,42,result factor forecast indicate inflation 15 2000 2 2001,en,0.9306650161743164
2492,Tommaso Padoa-Schioppa,2000-04-29,55,word system extremely important,en,3.612136840820313
2492,Tommaso Padoa-Schioppa,2000-04-29,149,asset management service,en,0.9313678741455078
2492,Tommaso Padoa-Schioppa,2000-04-29,209,investment service retail user,en,0.9313678741455078
2492,Tommaso Padoa-Schioppa,2000-04-29,215,condition not place,en,2.788873672485352
2492,Tommaso Padoa-Schioppa,2000-04-29,227,retail infrastructure technology,en,9.061840057373049
2492,Tommaso Padoa-Schioppa,2000-04-29,233,vi ownership structure 22,en,9.061840057373049
2492,Tommaso Padoa-Schioppa,2000-04-29,241,neighbour,en,9.061840057373049
2494,Tommaso Padoa-Schioppa,2000-04-07,18,second new approach,en,4.797717094421387
2494,Tommaso Padoa-Schioppa,2000-04-07,75,course competition mean selection,en,1.8096156120300293
2494,Tommaso Padoa-Schioppa,2000-04-07,95,new approach,en,9.061840057373049
2494,Tommaso Padoa-Schioppa,2000-04-07,120,applicable single national economy,en,2.752083301544189
2516,Willem F. Duisenberg,1999-11-29,95,distinction produce produce coin,en,9.061840057373049
2516,Willem F. Duisenberg,1999-11-29,149,satisfy setup,en,2.267709255218506
2516,Willem F. Duisenberg,1999-11-29,151,bank supervision,en,9.061840057373049
2516,Willem F. Duisenberg,1999-11-29,158,factor,en,9.061840057373049
2516,Willem F. Duisenberg,1999-11-29,164,hope possible,en,9.061840057373049
2516,Willem F. Duisenberg,1999-11-29,166,practical,en,9.061840057373049
2516,Willem F. Duisenberg,1999-11-29,177,message,en,9.061840057373049
2516,Willem F. Duisenberg,1999-11-29,193,two reason,en,3.044527053833008
2516,Willem F. Duisenberg,1999-11-29,216,confidence,en,9.061840057373049
2516,Willem F. Duisenberg,1999-11-29,234,little,en,2.0162367820739746
2516,Willem F. Duisenberg,1999-11-29,303,answer,en,9.061840057373049
2516,Willem F. Duisenberg,1999-11-29,341,objective,en,9.061840057373049
2516,Willem F. Duisenberg,1999-11-29,374,time,en,9.061840057373049
2516,Willem F. Duisenberg,1999-11-29,455,inescapable,en,9.061840057373049
2516,Willem F. Duisenberg,1999-11-29,469,ecb,en,9.061840057373049
2516,Willem F. Duisenberg,1999-11-29,477,bere madam,en,9.061840057373049
2516,Willem F. Duisenberg,1999-11-29,546,not contradictory,en,2.788873672485352
2516,Willem F. Duisenberg,1999-11-29,576,timetable country,en,9.061840057373049
2516,Willem F. Duisenberg,1999-11-29,578,purvi madam,en,9.061840057373049
2516,Willem F. Duisenberg,1999-11-29,582,size fit all,en,9.061840057373049
2520,Willem F. Duisenberg,1999-11-19,11,ecb guidance market,en,2.7703819274902344
2520,Willem F. Duisenberg,1999-11-19,14,however clear,en,9.061840057373049
2520,Willem F. Duisenberg,1999-11-19,57,assure case,en,9.061840057373049
2521,Christian Noyer,1999-11-19,68,concern part presentation,en,9.061840057373049
2521,Christian Noyer,1999-11-19,83,differentiate two camp,en,9.061840057373049
2521,Christian Noyer,1999-11-19,155,time,en,9.061840057373049
2526,Tommaso Padoa-Schioppa,1999-11-12,15,extensive service regular,en,1.9051647186279297
2526,Tommaso Padoa-Schioppa,1999-11-12,62,,en,9.061840057373049
2526,Tommaso Padoa-Schioppa,1999-11-12,68,change regime,en,9.061840057373049
2526,Tommaso Padoa-Schioppa,1999-11-12,118,way immediate future biggest area,en,2.8628382682800293
2526,Tommaso Padoa-Schioppa,1999-11-12,129,last,en,9.061840057373049
2526,Tommaso Padoa-Schioppa,1999-11-12,132,2002 currency,en,9.061840057373049
2526,Tommaso Padoa-Schioppa,1999-11-12,150,course,en,9.061840057373049
2526,Tommaso Padoa-Schioppa,1999-11-12,168,not case not,en,2.788873672485352
2526,Tommaso Padoa-Schioppa,1999-11-12,179,position,en,9.061840057373049
2526,Tommaso Padoa-Schioppa,1999-11-12,180,careful,en,0.9095144271850586
2526,Tommaso Padoa-Schioppa,1999-11-12,185,conflict consideration,en,9.061840057373049
2533,Willem F. Duisenberg,1999-10-26,23,addition number communication tool ecb regularly,en,2.701602935791016
2533,Willem F. Duisenberg,1999-10-26,38,confident achieve course next,en,9.061840057373049
2533,Willem F. Duisenberg,1999-10-26,75,main consideration regard,en,9.061840057373049
2536,Otmar Issing,1999-10-25,37,price stability,en,0.9760494232177734
2536,Otmar Issing,1999-10-25,116,answer no,en,9.061840057373049
2536,Otmar Issing,1999-10-25,128,ecb,en,9.061840057373049
2537,Willem F. Duisenberg,1999-10-15,49,hard imagine,en,3.2062621116638184
2537,Willem F. Duisenberg,1999-10-15,57,return short,en,9.061840057373049
2537,Willem F. Duisenberg,1999-10-15,143,general,en,9.061840057373049
2545,Willem F. Duisenberg,1999-09-26,32,narrow approach,en,2.6740822792053223
2545,Willem F. Duisenberg,1999-09-26,37,realm politic marketdriven,en,3.047835350036621
2545,Willem F. Duisenberg,1999-09-26,79,ecb perceiv institution,en,9.061840057373049
2545,Willem F. Duisenberg,1999-09-26,128,merit,en,9.061840057373049
2545,Willem F. Duisenberg,1999-09-26,162,initiative highly,en,9.061840057373049
2545,Willem F. Duisenberg,1999-09-26,187,substance,en,9.061840057373049
2545,Willem F. Duisenberg,1999-09-26,199,publish immediately,en,9.061840057373049
2545,Willem F. Duisenberg,1999-09-26,209,reason not,en,3.044527053833008
2545,Willem F. Duisenberg,1999-09-26,219,publish forecast future,en,9.061840057373049
2545,Willem F. Duisenberg,1999-09-26,229,not alway case,en,2.788873672485352
2545,Willem F. Duisenberg,1999-09-26,251,counterproductive,en,9.061840057373049
2545,Willem F. Duisenberg,1999-09-26,275,history respect barrier,en,3.4977898597717285
2545,Willem F. Duisenberg,1999-09-26,346,however arriv situation time,en,2.701602935791016
2545,Willem F. Duisenberg,1999-09-26,351,,en,9.061840057373049
2547,Eugenio Domingo Solans,1999-09-24,95,ecb 1998 electronic money,en,3.047835350036621
2547,Eugenio Domingo Solans,1999-09-24,107,47 3 gordon robert j,en,9.061840057373049
2547,Eugenio Domingo Solans,1999-09-24,108,1998 p5 4 gordon robert j,en,9.061840057373049
2548,Tommaso Padoa-Schioppa,1999-09-24,23,argument special role bank licens,en,9.061840057373049
2548,Tommaso Padoa-Schioppa,1999-09-24,83,case,en,9.061840057373049
2548,Tommaso Padoa-Schioppa,1999-09-24,168,bank system strain face strong public intervention,en,3.047835350036621
2551,Tommaso Padoa-Schioppa,1999-09-13,114,back,en,9.061840057373049
2551,Tommaso Padoa-Schioppa,1999-09-13,188,six system,en,9.061840057373049
2551,Tommaso Padoa-Schioppa,1999-09-13,289,systemic implication involv,en,3.047835350036621
2552,Willem F. Duisenberg,1999-09-10,74,forecast reflect revision inflation forecast international organisation,en,2.752083301544189
2552,Willem F. Duisenberg,1999-09-10,81,definition price stability,en,0.9760494232177734
2552,Willem F. Duisenberg,1999-09-10,96,however recent figure increas growth,en,3.044527053833008
2552,Willem F. Duisenberg,1999-09-10,124,hop pact achieve objective,en,9.061840057373049
2555,Willem F. Duisenberg,1999-08-27,13,contribution substantial,en,9.061840057373049
2555,Willem F. Duisenberg,1999-08-27,27,three regard,en,2.536614418029785
2555,Willem F. Duisenberg,1999-08-27,42,third,en,9.061840057373049
2555,Willem F. Duisenberg,1999-08-27,66,goal achiev,en,9.061840057373049
2563,Tommaso Padoa-Schioppa,1999-06-30,44,let start brief indication,en,9.061840057373049
2563,Tommaso Padoa-Schioppa,1999-06-30,49,form trade relation,en,9.061840057373049
2563,Tommaso Padoa-Schioppa,1999-06-30,56,china italy,en,9.061840057373049
2563,Tommaso Padoa-Schioppa,1999-06-30,71,three proposition 7,en,2.536614418029785
2563,Tommaso Padoa-Schioppa,1999-06-30,115,start socal snake,en,2.387363910675049
2563,Tommaso Padoa-Schioppa,1999-06-30,165,parallelism difference 12,en,2.7703819274902344
2563,Tommaso Padoa-Schioppa,1999-06-30,187,briefly,en,9.061840057373049
2563,Tommaso Padoa-Schioppa,1999-06-30,202,second role institution,en,4.797717094421387
2566,Otmar Issing,1999-06-17,10,additional proceed,en,2.752083301544189
2566,Otmar Issing,1999-06-17,41,general,en,9.061840057373049
2566,Otmar Issing,1999-06-17,181,issue money,en,9.061840057373049
2566,Otmar Issing,1999-06-17,216,transparency mean transparency respect respective proposal,en,9.061840057373049
2566,Otmar Issing,1999-06-17,249,,en,9.061840057373049
2566,Otmar Issing,1999-06-17,290,mark,en,9.061840057373049
2566,Otmar Issing,1999-06-17,293,reason straightforward,en,3.044527053833008
2566,Otmar Issing,1999-06-17,320,not,en,9.061840057373049
2566,Otmar Issing,1999-06-17,349,,en,9.061840057373049
2566,Otmar Issing,1999-06-17,351,,en,9.061840057373049
2570,Otmar Issing,1999-06-10,53,people interest institution serve,en,9.061840057373049
2570,Otmar Issing,1999-06-10,101,earlier,en,9.061840057373049
2570,Otmar Issing,1999-06-10,116,quantitative reference value 42 growth rate m3 1998,en,2.7703819274902344
2570,Otmar Issing,1999-06-10,178,part contribut wider objective community,en,2.575860977172852
2570,Otmar Issing,1999-06-10,324,14 see article 10 4 statute,en,2.536614418029785
2574,Otmar Issing,1999-05-27,33,soar inflation,en,9.061840057373049
2574,Otmar Issing,1999-05-27,103,money unit account characteristic public,en,3.047835350036621
2574,Otmar Issing,1999-05-27,142,outcome proposal implement,en,9.061840057373049
2574,Otmar Issing,1999-05-27,197,reason,en,3.044527053833008
2574,Otmar Issing,1999-05-27,212,source welfare gain,en,3.021581649780273
2574,Otmar Issing,1999-05-27,230,effect likely profound,en,3.612136840820313
2574,Otmar Issing,1999-05-27,321,not achiev,en,2.788873672485352
2579,Willem F. Duisenberg,1999-05-20,5,leave,en,9.061840057373049
2579,Willem F. Duisenberg,1999-05-20,51,second han focu,en,4.797717094421387
2579,Willem F. Duisenberg,1999-05-20,76,han not,en,9.061840057373049
2579,Willem F. Duisenberg,1999-05-20,95,,en,9.061840057373049
2579,Willem F. Duisenberg,1999-05-20,104,institution build,en,9.061840057373049
2579,Willem F. Duisenberg,1999-05-20,106,true,en,9.061840057373049
2583,Otmar Issing,1999-05-07,90,pres reform,en,9.061840057373049
2583,Otmar Issing,1999-05-07,148,aspect relate issue crucial importance,en,3.656414031982422
2583,Otmar Issing,1999-05-07,160,allocation redistribution substantial amount resource government sector justify,en,0.9313678741455078
2584,Willem F. Duisenberg,1999-05-04,23,balance successful,en,2.7703819274902344
2584,Willem F. Duisenberg,1999-05-04,32,hope happen future,en,9.061840057373049
2584,Willem F. Duisenberg,1999-05-04,161,ecb activity,en,9.061840057373049
2584,Willem F. Duisenberg,1999-05-04,177,start process,en,9.061840057373049
2585,Christian Noyer,1999-05-03,36,head government,en,9.061840057373049
2585,Christian Noyer,1999-05-03,53,third ecb activity,en,9.061840057373049
2585,Christian Noyer,1999-05-03,91,side coin regular exchange information view,en,9.061840057373049
2588,Willem F. Duisenberg,1999-04-19,1,aware special,en,3.021581649780273
2588,Willem F. Duisenberg,1999-04-19,134,once floor,en,2.7703819274902344
2588,Willem F. Duisenberg,1999-04-19,181,answer no,en,9.061840057373049
2588,Willem F. Duisenberg,1999-04-19,192,correct interpretation,en,9.061840057373049
2588,Willem F. Duisenberg,1999-04-19,199,first reduction interest rate,en,9.061840057373049
2588,Willem F. Duisenberg,1999-04-19,219,56 52,en,9.061840057373049
2588,Willem F. Duisenberg,1999-04-19,225,interpretation article 105,en,9.061840057373049
2588,Willem F. Duisenberg,1999-04-19,297,dont compare,en,9.061840057373049
2588,Willem F. Duisenberg,1999-04-19,301,,en,9.061840057373049
2588,Willem F. Duisenberg,1999-04-19,311,declin further,en,3.431535243988037
2588,Willem F. Duisenberg,1999-04-19,313,sterl strong,en,9.061840057373049
2588,Willem F. Duisenberg,1999-04-19,371,lot information,en,9.061840057373049
2588,Willem F. Duisenberg,1999-04-19,377,comment,en,9.061840057373049
2588,Willem F. Duisenberg,1999-04-19,408,grateful publish inflation forecast receive study,en,9.061840057373049
2588,Willem F. Duisenberg,1999-04-19,410,all,en,9.061840057373049
2588,Willem F. Duisenberg,1999-04-19,425,lowest reference value,en,2.7703819274902344
2588,Willem F. Duisenberg,1999-04-19,429,cannot,en,1.0157546997070312
2588,Willem F. Duisenberg,1999-04-19,430,not target,en,2.788873672485352
2588,Willem F. Duisenberg,1999-04-19,438,problem,en,9.061840057373049
2588,Willem F. Duisenberg,1999-04-19,447,,en,9.061840057373049
2588,Willem F. Duisenberg,1999-04-19,497,movement,en,9.061840057373049
2588,Willem F. Duisenberg,1999-04-19,505,number fix policy exchange rate mechanism,en,1.301051139831543
2588,Willem F. Duisenberg,1999-04-19,508,right,en,9.061840057373049
2588,Willem F. Duisenberg,1999-04-19,509,general policy extreme situation course not forgotten,en,2.788873672485352
2588,Willem F. Duisenberg,1999-04-19,522,question follow,en,9.061840057373049
2588,Willem F. Duisenberg,1999-04-19,527,effect argument against,en,9.061840057373049
2588,Willem F. Duisenberg,1999-04-19,531,dont,en,9.061840057373049
2588,Willem F. Duisenberg,1999-04-19,558,invite,en,9.061840057373049
2588,Willem F. Duisenberg,1999-04-19,560,possibility,en,9.061840057373049
2591,Tommaso Padoa-Schioppa,1999-04-15,71,question problem,en,9.061840057373049
2591,Tommaso Padoa-Schioppa,1999-04-15,76,simple not,en,9.061840057373049
2591,Tommaso Padoa-Schioppa,1999-04-15,102,briefly,en,9.061840057373049
2591,Tommaso Padoa-Schioppa,1999-04-15,254,coinage money print alway prerogative,en,9.061840057373049
2592,Eugenio Domingo Solans,1999-04-14,7,sure spain,en,9.061840057373049
2592,Eugenio Domingo Solans,1999-04-14,14,invit,en,9.061840057373049
2592,Eugenio Domingo Solans,1999-04-14,25,separately,en,9.061840057373049
2592,Eugenio Domingo Solans,1999-04-14,113,complement,en,9.061840057373049
2605,Tommaso Padoa-Schioppa,1999-02-24,22,follow,en,9.061840057373049
2605,Tommaso Padoa-Schioppa,1999-02-24,27,institutional framework 4,en,2.752083301544189
2605,Tommaso Padoa-Schioppa,1999-02-24,56,first national competence,en,2.752083301544189
2605,Tommaso Padoa-Schioppa,1999-02-24,68,two way,en,3.274052143096924
2605,Tommaso Padoa-Schioppa,1999-02-24,142,current supervision 13,en,9.061840057373049
2605,Tommaso Padoa-Schioppa,1999-02-24,251,first private money solution,en,9.061840057373049
2606,Christian Noyer,1999-02-10,17,future,en,9.061840057373049
2606,Christian Noyer,1999-02-10,111,remainder implication,en,1.481245517730713
2606,Christian Noyer,1999-02-10,142,full membership imf restrict individual nation,en,3.722856521606445
2606,Christian Noyer,1999-02-10,153,however way real ecb begin,en,3.274052143096924
2614,Willem F. Duisenberg,1999-01-18,42,meantime situation overcome,en,2.69980525970459
2614,Willem F. Duisenberg,1999-01-18,128,invite,en,9.061840057373049
2614,Willem F. Duisenberg,1999-01-18,173,share view,en,3.021581649780273
2614,Willem F. Duisenberg,1999-01-18,210,postpone,en,9.061840057373049
2614,Willem F. Duisenberg,1999-01-18,254,important,en,9.061840057373049
2614,Willem F. Duisenberg,1999-01-18,325,hear right,en,9.061840057373049
2614,Willem F. Duisenberg,1999-01-18,352,bank contribution partner order translate policy reality,en,9.061840057373049
2614,Willem F. Duisenberg,1999-01-18,394,formal informal fora,en,9.061840057373049
2614,Willem F. Duisenberg,1999-01-18,423,little term policy regard exchange rate,en,2.0162367820739746
2614,Willem F. Duisenberg,1999-01-18,424,,en,9.061840057373049
2614,Willem F. Duisenberg,1999-01-18,430,id position mr request massive request,en,1.8096156120300293
2614,Willem F. Duisenberg,1999-01-18,444,up minister,en,9.061840057373049
2614,Willem F. Duisenberg,1999-01-18,463,bank receive share bid,en,3.021581649780273
2614,Willem F. Duisenberg,1999-01-18,480,food,en,9.061840057373049
2614,Willem F. Duisenberg,1999-01-18,488,,en,9.061840057373049
2618,Willem F. Duisenberg,1998-12-22,102,position initiative,en,9.061840057373049
2618,Willem F. Duisenberg,1998-12-22,118,45 reference value growth m3,en,2.7703819274902344
2618,Willem F. Duisenberg,1998-12-22,149,live together,en,3.431535243988037
2618,Willem F. Duisenberg,1998-12-22,170,available,en,9.061840057373049
2619,Willem F. Duisenberg,1998-12-08,7,immediate information practice future,en,9.061840057373049
2619,Willem F. Duisenberg,1998-12-08,9,first follow,en,9.061840057373049
2619,Willem F. Duisenberg,1998-12-08,11,active interview,en,9.061840057373049
2625,Willem F. Duisenberg,1998-12-01,23,regard reference value two,en,2.7703819274902344
2625,Willem F. Duisenberg,1998-12-01,140,respond,en,9.061840057373049
2625,Willem F. Duisenberg,1998-12-01,168,conclusion not,en,9.061840057373049
2625,Willem F. Duisenberg,1998-12-01,172,requir,en,9.061840057373049
2627,Otmar Issing,1998-11-26,87,escb further,en,3.431535243988037
2627,Otmar Issing,1998-11-26,95,course not matter contain,en,2.788873672485352
2627,Otmar Issing,1998-11-26,96,informative clear meaningful,en,9.061840057373049
2631,Sirkka Hämäläinen,1998-11-12,37,context two,en,9.061840057373049
2631,Sirkka Hämäläinen,1998-11-12,43,second link first,en,4.797717094421387
2631,Sirkka Hämäläinen,1998-11-12,96,settlement system exist set up,en,0.9313678741455078
2632,Willem F. Duisenberg,1998-11-10,17,important,en,9.061840057373049
2632,Willem F. Duisenberg,1998-11-10,25,regular publication produc ecb,en,9.061840057373049
2632,Willem F. Duisenberg,1998-11-10,34,policy entirely counterproductive,en,3.612136840820313
2632,Willem F. Duisenberg,1998-11-10,52,consequence confident future success,en,2.7703819274902344
2634,Willem F. Duisenberg,1998-11-03,142,,en,9.061840057373049
2634,Willem F. Duisenberg,1998-11-03,145,idea,en,9.061840057373049
2634,Willem F. Duisenberg,1998-11-03,162,discussion country,en,9.061840057373049
2634,Willem F. Duisenberg,1998-11-03,172,react,en,9.061840057373049
2634,Willem F. Duisenberg,1998-11-03,174,decentralis,en,9.061840057373049
2634,Willem F. Duisenberg,1998-11-03,204,suggestion,en,9.061840057373049
2634,Willem F. Duisenberg,1998-11-03,219,confusion,en,9.061840057373049
2634,Willem F. Duisenberg,1998-11-03,221,interest out,en,9.061840057373049
2647,Tommaso Padoa-Schioppa,1998-09-03,15,happy honour,en,9.061840057373049
2647,Tommaso Padoa-Schioppa,1998-09-03,19,personal reference,en,2.752083301544189
2647,Tommaso Padoa-Schioppa,1998-09-03,32,1 1999,en,9.061840057373049
2647,Tommaso Padoa-Schioppa,1998-09-03,35,long process,en,9.061840057373049
2647,Tommaso Padoa-Schioppa,1998-09-03,57,never cancel,en,9.061840057373049
2647,Tommaso Padoa-Schioppa,1998-09-03,210,well stop,en,3.722856521606445
2652,Otmar Issing,1998-07-02,9,intensify,en,9.061840057373049
2652,Otmar Issing,1998-07-02,12,feature common,en,9.061840057373049
2652,Otmar Issing,1998-07-02,65,creditor major contribution transparency,en,2.701602935791016
2670,Willem F. Duisenberg,1997-10-14,34,start case inflation fully,en,2.498004913330078
2670,Willem F. Duisenberg,1997-10-14,73,elaborate,en,9.061840057373049
2670,Willem F. Duisenberg,1997-10-14,112,now,en,9.061840057373049
2673,Willem F. Duisenberg,1997-09-12,30,needless projection confirm outcome,en,2.452521800994873
2673,Willem F. Duisenberg,1997-09-12,35,course cost moderation requir,en,9.061840057373049
2673,Willem F. Duisenberg,1997-09-12,94,interlink network provider contract finalis,en,9.061840057373049
2673,Willem F. Duisenberg,1997-09-12,96,ecb payment mechanism epm prepar,en,9.061840057373049
2673,Willem F. Duisenberg,1997-09-12,97,decid ecb direct link interlink way ncb,en,3.274052143096924
2681,Alexandre Lamfalussy,1997-02-07,42,third rate inflation high,en,1.7192659378051758
2681,Alexandre Lamfalussy,1997-02-07,57,two reminder tackl,en,9.061840057373049
2681,Alexandre Lamfalussy,1997-02-07,62,both,en,9.061840057373049
2681,Alexandre Lamfalussy,1997-02-07,139,two,en,9.061840057373049
